eid,rid,salary
1,3,19118
2,3,21496
3,3,22498
4,3,22334
5,3,20434
6,3,24349
7,3,19084
8,3,19108
9,3,21947
10,3,22293
11,3,22866
12,3,24176
13,3,22891
14,3,19619
15,3,18730
16,3,24250
17,3,23947
18,3,21030
19,3,21586
20,3,19547
21,3,21834
22,3,21064
23,3,24423
24,3,18447
25,3,24501
26,3,22646
27,3,18812
28,3,20616
29,3,22644
30,3,19669
31,3,18112
32,3,18861
33,3,23907
34,3,20778
35,3,20663
36,3,21862
37,3,21414
38,3,22503
39,3,21614
40,3,24415
41,3,22584
42,3,24138
43,3,20666
44,3,24985
45,3,24038
46,3,20085
47,3,18484
48,3,22334
49,3,20227
50,3,23271
51,3,21104
52,3,23003
53,3,21707
54,3,24157
55,3,18761
56,3,21871
57,3,23513
58,3,21683
59,3,20910
60,3,22326
61,3,19951
62,3,23623
63,3,18841
64,3,24884
65,3,21990
66,3,22116
67,3,24578
68,3,24368
69,3,18383
70,3,23899
71,3,19096
72,3,22798
73,3,24668
74,3,24518
75,3,24927
76,3,20561
77,3,20420
78,3,19387
79,3,18162
80,3,23814
81,3,21359
82,3,22028
83,3,21425
84,3,18353
85,3,23929
86,3,18009
87,3,20387
88,3,23594
89,3,22634
90,3,18373
91,3,24427
92,3,23457
93,3,23251
94,3,24929
95,3,20431
96,3,23723
97,3,18430
98,3,23642
99,3,20272
100,3,20469
101,3,21197
102,3,19776
103,3,21192
104,3,19284
105,3,21939
106,3,19157
107,3,21242
108,3,23584
109,3,24514
110,3,23102
111,3,21400
112,3,18809
113,3,23790
114,3,21955
115,3,21232
116,3,23467
117,3,22935
118,3,22835
119,3,22137
120,3,22997
121,3,20685
122,3,18280
123,3,19752
124,3,18562
125,3,18104
126,3,20508
127,3,23590
128,3,21545
129,3,21246
130,3,20533
131,3,21718
132,3,24599
133,3,23745
134,3,24812
135,3,19720
136,3,23284
137,3,23139
138,3,18843
139,3,19529
140,3,20934
141,3,24440
142,3,24595
143,3,20046
144,3,24788
145,3,20558
146,3,20110
147,3,23113
148,3,18491
149,3,19367
150,3,22071
151,3,19006
152,3,24286
153,3,23533
154,3,20596
155,3,20084
156,3,23748
157,3,21410
158,3,20320
159,3,19082
160,3,21405
161,3,24798
162,3,20870
163,3,19930
164,3,21564
165,3,22817
166,3,24883
167,3,21947
168,3,20509
169,3,24841
170,3,24303
171,3,19205
172,3,20914
173,3,23750
174,3,20399
175,3,18734
176,3,22249
177,3,20477
178,3,22695
179,3,20588
180,3,18193
181,3,20804
182,3,18382
183,3,21217
184,3,18408
185,3,23992
186,3,20469
187,3,22972
188,3,20023
189,3,21520
190,3,23729
191,3,21403
192,3,19000
193,3,24644
194,3,22512
195,3,21192
196,3,24349
197,3,18076
198,3,23369
199,3,24774
200,3,23697
201,3,20568
202,3,22165
203,3,24939
204,3,24867
205,3,19158
206,3,24855
207,3,20625
208,3,22453
209,3,19163
210,3,20713
211,3,19078
212,3,21846
213,3,21665
214,3,24922
215,3,22255
216,3,21636
217,3,20118
218,3,21018
219,3,21077
220,3,19790
221,3,24234
222,3,22863
223,3,24112
224,3,24679
225,3,21554
226,3,18136
227,3,18527
228,3,24521
229,3,23018
230,3,20337
231,3,21458
232,3,21381
233,3,21515
234,3,19517
235,3,20048
236,3,21998
237,3,23158
238,3,22844
239,3,18400
240,3,20139
241,3,20338
242,3,22118
243,3,20063
244,3,18332
245,3,22306
246,3,18556
247,3,18838
248,3,18974
249,3,21849
250,3,23522
251,3,18636
252,3,22086
253,3,24070
254,3,23266
255,3,20388
256,3,19172
257,3,23322
258,3,21729
259,3,24881
260,3,18394
261,3,18613
262,3,23515
263,3,18213
264,3,23688
265,3,19051
266,3,19871
267,3,24020
268,3,24652
269,3,20727
270,3,22934
271,3,20615
272,3,23316
273,3,18659
274,3,24616
275,3,21967
276,3,24090
277,3,20986
278,3,21771
279,3,22459
280,3,23084
281,3,22298
282,3,24244
283,3,19238
284,3,23686
285,3,22553
286,3,18451
287,3,21382
288,3,23481
289,3,20059
290,3,23904
291,3,22649
292,3,23337
293,3,19770
294,3,24767
295,3,18837
296,3,23737
297,3,24322
298,3,18263
299,3,18380
300,3,22498
301,3,22214
302,3,20775
303,3,19189
304,3,23061
305,3,19948
306,3,21306
307,3,20330
308,3,22305
309,3,18664
310,3,20073
311,3,20244
312,3,22317
313,3,18218
314,3,23800
315,3,21905
316,3,18598
317,3,19645
318,3,22563
319,3,24443
320,3,18658
321,3,18217
322,3,18821
323,3,20748
324,3,20220
325,3,19110
326,3,22247
327,3,23130
328,3,24600
329,3,19027
330,3,20324
331,3,20807
332,3,18556
333,3,22646
334,3,18955
335,3,19277
336,3,22537
337,3,20459
338,3,23641
339,3,19233
340,3,22152
341,3,21634
342,3,20771
343,3,18530
344,3,22958
345,3,21194
346,3,23451
347,3,19541
348,3,18877
349,3,23595
350,3,23542
351,3,19635
352,3,18319
353,3,21278
354,3,22920
355,3,18645
356,3,21793
357,3,24616
358,3,18204
359,3,18894
360,3,18833
361,3,23810
362,3,20967
363,3,22598
364,3,24656
365,3,18537
366,3,18212
367,3,21021
368,3,20147
369,3,23209
370,3,19192
371,3,20883
372,3,24514
373,3,24809
374,3,23978
375,3,24935
376,3,24774
377,3,19862
378,3,23951
379,3,20008
380,3,18309
381,3,20234
382,3,24412
383,3,20884
384,3,22306
385,3,21851
386,3,23762
387,3,21986
388,3,19123
389,3,23580
390,3,24379
391,3,23213
392,3,21659
393,3,21393
394,3,18540
395,3,21287
396,3,22293
397,3,23645
398,3,20769
399,3,21316
400,3,24882
401,3,21419
402,3,23155
403,3,23435
404,3,20212
405,3,23472
406,3,24477
407,3,21525
408,3,19500
409,3,18418
410,3,22604
411,3,18339
412,3,22929
413,3,23628
414,3,18587
415,3,22818
416,3,18667
417,3,19052
418,3,24646
419,3,18593
420,3,18436
421,3,19703
422,3,24966
423,3,23459
424,3,21899
425,3,19250
426,3,20151
427,3,20268
428,3,22972
429,3,24988
430,3,22609
431,3,18157
432,3,20869
433,3,19503
434,3,21364
435,3,23181
436,3,24713
437,3,24067
438,3,19056
439,3,22049
440,3,18407
441,3,22675
442,3,18869
443,3,24303
444,3,19607
445,3,22825
446,3,18483
447,3,21559
448,3,22475
449,3,24425
450,3,19503
451,3,22892
452,3,18518
453,3,24731
454,3,21524
455,3,18126
456,3,21222
457,3,18686
458,3,18100
459,3,18186
460,3,18368
461,3,22709
462,3,23927
463,3,21738
464,3,19081
465,3,19317
466,3,22998
467,3,21120
468,3,23816
469,3,19272
470,3,21214
471,3,24419
472,3,24848
473,3,19156
474,3,22839
475,3,19486
476,3,18601
477,3,23564
478,3,20477
479,3,24283
480,3,18688
481,3,23049
482,3,21415
483,3,19838
484,3,20162
485,3,18901
486,3,20117
487,3,19248
488,3,21157
489,3,19474
490,3,22963
491,3,23731
492,3,24329
493,3,23328
494,3,23605
495,3,22787
496,3,22267
497,3,18324
498,3,18434
499,3,20961
500,3,24368
501,1,7615
502,1,8085
503,1,6928
504,1,7593
505,1,6638
506,1,6646
507,1,7927
508,1,7252
509,1,7406
510,1,6862
511,1,6592
512,1,7614
513,1,8480
514,1,8246
515,1,7100
516,1,6533
517,1,7456
518,1,6891
519,1,6861
520,1,6596
521,1,8234
522,1,7173
523,1,7608
524,1,6576
525,1,6737
526,1,8317
527,1,7031
528,1,8211
529,1,8010
530,1,8039
531,1,8295
532,1,6658
533,1,7804
534,1,7902
535,1,7997
536,1,8346
537,1,7993
538,1,7034
539,1,7655
540,1,8011
541,1,6603
542,1,8059
543,1,6964
544,1,8129
545,1,7384
546,1,6752
547,1,7103
548,1,8055
549,1,7299
550,1,8189
551,1,7107
552,1,6865
553,1,7286
554,1,8450
555,1,8500
556,1,8410
557,1,8389
558,1,6974
559,1,7058
560,1,6844
561,1,8086
562,1,6570
563,1,6646
564,1,6657
565,1,7959
566,1,8205
567,1,6590
568,1,8175
569,1,8481
570,1,6890
571,1,7168
572,1,7056
573,1,7534
574,1,7868
575,1,7335
576,1,7888
577,1,7875
578,1,6889
579,1,6739
580,1,7861
581,1,7324
582,1,7076
583,1,7130
584,1,7182
585,1,8181
586,1,8334
587,1,7836
588,1,7828
589,1,8019
590,1,6540
591,1,8173
592,1,7527
593,1,6844
594,1,7014
595,1,7964
596,1,8192
597,1,7570
598,1,7354
599,1,7777
600,1,7243
601,1,7603
602,1,7395
603,1,8450
604,1,8153
605,1,7818
606,1,7111
607,1,7823
608,1,6835
609,1,6987
610,1,7109
611,1,8251
612,1,7752
613,1,7608
614,1,6951
615,1,7806
616,1,7741
617,1,7723
618,1,8394
619,1,7715
620,1,7247
621,1,8152
622,1,6963
623,1,7067
624,1,6935
625,1,7054
626,1,7893
627,1,7060
628,1,7426
629,1,7809
630,1,6676
631,1,7834
632,1,7620
633,1,7689
634,1,7617
635,1,6664
636,1,7684
637,1,8197
638,1,7395
639,1,7958
640,1,6762
641,1,7355
642,1,6815
643,1,6534
644,1,8294
645,1,7770
646,1,7542
647,1,6859
648,1,6626
649,1,6514
650,1,6586
651,1,6614
652,1,7355
653,1,6918
654,1,8295
655,1,6728
656,1,8288
657,1,6776
658,1,7728
659,1,7498
660,1,7819
661,1,7893
662,1,8050
663,1,7725
664,1,7859
665,1,6557
666,1,6648
667,1,6616
668,1,8338
669,1,7065
670,1,7120
671,1,6698
672,1,8193
673,1,7972
674,1,6724
675,1,7490
676,1,7808
677,1,7059
678,1,8376
679,1,8254
680,1,8244
681,1,7524
682,1,6888
683,1,7821
684,1,8349
685,1,8325
686,1,8283
687,1,7516
688,1,8495
689,1,7688
690,1,7306
691,1,6898
692,1,7056
693,1,6767
694,1,8102
695,1,6627
696,1,7147
697,1,8259
698,1,8455
699,1,7666
700,1,7147
701,1,8074
702,1,7444
703,1,7472
704,1,6881
705,1,8242
706,1,8453
707,1,7160
708,1,7586
709,1,7414
710,1,6934
711,1,8367
712,1,6609
713,1,7595
714,1,8058
715,1,6726
716,1,6616
717,1,7919
718,1,7737
719,1,8106
720,1,7282
721,1,8110
722,1,8213
723,1,6907
724,1,7144
725,1,7559
726,1,6732
727,1,6965
728,1,7124
729,1,6675
730,1,6989
731,1,7668
732,1,7014
733,1,8275
734,1,7556
735,1,7012
736,1,6666
737,1,7511
738,1,6932
739,1,7867
740,1,7586
741,1,8272
742,1,7912
743,1,7324
744,1,7132
745,1,7852
746,1,8038
747,1,6872
748,1,7112
749,1,6786
750,1,8418
751,1,6666
752,1,8107
753,1,7587
754,1,7996
755,1,8034
756,1,6556
757,1,7220
758,1,7457
759,1,8100
760,1,7579
761,1,7489
762,1,7217
763,1,6879
764,1,6677
765,1,6664
766,1,6953
767,1,8085
768,1,7186
769,1,6758
770,1,7467
771,1,7966
772,1,6542
773,1,8376
774,1,7509
775,1,6931
776,1,8417
777,1,7954
778,1,7718
779,1,6613
780,1,7463
781,1,7622
782,1,7991
783,1,7866
784,1,6765
785,1,6559
786,1,8167
787,1,6816
788,1,8222
789,1,8422
790,1,7765
791,1,7117
792,1,7864
793,1,6803
794,1,8076
795,1,7694
796,1,6819
797,1,8018
798,1,8126
799,1,7764
800,1,7244
801,1,8179
802,1,7873
803,1,7274
804,1,6694
805,1,8125
806,1,7508
807,1,7659
808,1,8172
809,1,8323
810,1,6921
811,1,7611
812,1,6873
813,1,8392
814,1,6854
815,1,7731
816,1,8138
817,1,8048
818,1,8367
819,1,6983
820,1,8309
821,1,7888
822,1,7077
823,1,7544
824,1,7169
825,1,8401
826,1,8165
827,1,8386
828,1,8024
829,1,7453
830,1,7672
831,1,7317
832,1,7519
833,1,8189
834,1,6602
835,1,7270
836,1,7146
837,1,7776
838,1,7664
839,1,7572
840,1,6691
841,1,7823
842,1,6952
843,1,7710
844,1,7259
845,1,8018
846,1,6626
847,1,7499
848,1,7268
849,1,6612
850,1,8322
851,1,7384
852,1,7812
853,1,6627
854,1,6677
855,1,8376
856,1,6785
857,1,7929
858,1,7192
859,1,6933
860,1,8140
861,1,6534
862,1,6984
863,1,8493
864,1,7153
865,1,7174
866,1,6544
867,1,8377
868,1,7396
869,1,7932
870,1,7694
871,1,7375
872,1,7553
873,1,6643
874,1,7599
875,1,7638
876,1,8133
877,1,7553
878,1,8287
879,1,7382
880,1,7726
881,1,8379
882,1,6840
883,1,7321
884,1,7652
885,1,8221
886,1,7543
887,1,7404
888,1,7199
889,1,7803
890,1,7826
891,1,7805
892,1,7483
893,1,7205
894,1,6974
895,1,7605
896,1,6871
897,1,7836
898,1,8381
899,1,7620
900,1,8277
901,1,6610
902,1,8259
903,1,7525
904,1,8441
905,1,7188
906,1,8366
907,1,7849
908,1,7106
909,1,6833
910,1,8013
911,1,7289
912,1,7783
913,1,8185
914,1,6730
915,1,8069
916,1,7264
917,1,7081
918,1,7260
919,1,8303
920,1,7300
921,1,6729
922,1,6864
923,1,8320
924,1,7657
925,1,7007
926,1,8283
927,1,8072
928,1,6869
929,1,8119
930,1,8222
931,1,7779
932,1,7638
933,1,6590
934,1,7584
935,1,7683
936,1,7045
937,1,7726
938,1,7739
939,1,7824
940,1,7696
941,1,7025
942,1,7040
943,1,6745
944,1,8139
945,1,6669
946,1,6839
947,1,7069
948,1,7146
949,1,8152
950,1,7947
951,1,8406
952,1,6602
953,1,8215
954,1,8252
955,1,8012
956,1,8283
957,1,6658
958,1,7017
959,1,7276
960,1,7850
961,1,6541
962,1,8433
963,1,6762
964,1,7696
965,1,7111
966,1,7358
967,1,6769
968,1,7806
969,1,7897
970,1,6798
971,1,7206
972,1,7031
973,1,7902
974,1,8023
975,1,7110
976,1,7190
977,1,6896
978,1,7057
979,1,7892
980,1,6783
981,1,6836
982,1,6901
983,1,8226
984,1,7518
985,1,7121
986,1,7153
987,1,7990
988,1,8121
989,1,8389
990,1,7225
991,1,7260
992,1,8098
993,1,7325
994,1,7712
995,1,7993
996,1,7001
997,1,7633
998,1,7275
999,1,7574
1000,1,8407
1001,1,7247
1002,1,6649
1003,1,7088
1004,1,7668
1005,1,7744
1006,1,6990
1007,1,8116
1008,1,7108
1009,1,8437
1010,1,6790
1011,1,8122
1012,1,7268
1013,1,7792
1014,1,7062
1015,1,7594
1016,1,8337
1017,1,7707
1018,1,7311
1019,1,8108
1020,1,7826
1021,1,6779
1022,1,6821
1023,1,7330
1024,1,7903
1025,1,6880
1026,1,6557
1027,1,7352
1028,1,6741
1029,1,8290
1030,1,7923
1031,1,7793
1032,1,7927
1033,1,8314
1034,1,8471
1035,1,6868
1036,1,7926
1037,1,7985
1038,1,6946
1039,1,6734
1040,1,8327
1041,1,8476
1042,1,7031
1043,1,7552
1044,1,7721
1045,1,7015
1046,1,7864
1047,1,6826
1048,1,7323
1049,1,6634
1050,1,7441
1051,1,7042
1052,1,8112
1053,1,7005
1054,1,6774
1055,1,6967
1056,1,7839
1057,1,7015
1058,1,7215
1059,1,7117
1060,1,8194
1061,1,6921
1062,1,8215
1063,1,8156
1064,1,7562
1065,1,7459
1066,1,8167
1067,1,7324
1068,1,7567
1069,1,6632
1070,1,8377
1071,1,8314
1072,1,7283
1073,1,7293
1074,1,7461
1075,1,6570
1076,1,8406
1077,1,7048
1078,1,6918
1079,1,8347
1080,1,7986
1081,1,7027
1082,1,6643
1083,1,7308
1084,1,7873
1085,1,6601
1086,1,6652
1087,1,7950
1088,1,6698
1089,1,6957
1090,1,7752
1091,1,7011
1092,1,7716
1093,1,8203
1094,1,7522
1095,1,6911
1096,1,7670
1097,1,8013
1098,1,7334
1099,1,8003
1100,1,6537
1101,1,6583
1102,1,7083
1103,1,7943
1104,1,8370
1105,1,8105
1106,1,8195
1107,1,7243
1108,1,8409
1109,1,6663
1110,1,7908
1111,1,7355
1112,1,6820
1113,1,6759
1114,1,7806
1115,1,7222
1116,1,8319
1117,1,6579
1118,1,7134
1119,1,7124
1120,1,8418
1121,1,6785
1122,1,7734
1123,1,8463
1124,1,8226
1125,1,7735
1126,1,6998
1127,1,8406
1128,1,7186
1129,1,7806
1130,1,7339
1131,1,7500
1132,1,8169
1133,1,7095
1134,1,7393
1135,1,8018
1136,1,6567
1137,1,7330
1138,1,7249
1139,1,6841
1140,1,6897
1141,1,6596
1142,1,8221
1143,1,6722
1144,1,8422
1145,1,6756
1146,1,6833
1147,1,7990
1148,1,6742
1149,1,8156
1150,1,7458
1151,1,6731
1152,1,8412
1153,1,7521
1154,1,7636
1155,1,8203
1156,1,6834
1157,1,7008
1158,1,7831
1159,1,8398
1160,1,7621
1161,1,6871
1162,1,8037
1163,1,8127
1164,1,7584
1165,1,7036
1166,1,6666
1167,1,7025
1168,1,7923
1169,1,7733
1170,1,6678
1171,1,7361
1172,1,7229
1173,1,6914
1174,1,8290
1175,1,6524
1176,1,6564
1177,1,8352
1178,1,7927
1179,1,6704
1180,1,7444
1181,1,8281
1182,1,8287
1183,1,6931
1184,1,7434
1185,1,8434
1186,1,8317
1187,1,7938
1188,1,6906
1189,1,7181
1190,1,6880
1191,1,7491
1192,1,6779
1193,1,7243
1194,1,6984
1195,1,6954
1196,1,7369
1197,1,7174
1198,1,6620
1199,1,8125
1200,1,8354
1201,1,7901
1202,1,8199
1203,1,7961
1204,1,8470
1205,1,6968
1206,1,6729
1207,1,8158
1208,1,7356
1209,1,8194
1210,1,8302
1211,1,7737
1212,1,6968
1213,1,7970
1214,1,7503
1215,1,7796
1216,1,6634
1217,1,7277
1218,1,6919
1219,1,7518
1220,1,8346
1221,1,8408
1222,1,7669
1223,1,7430
1224,1,7974
1225,1,8278
1226,1,6520
1227,1,7898
1228,1,7032
1229,1,6914
1230,1,7624
1231,1,7142
1232,1,6977
1233,1,8354
1234,1,8229
1235,1,7536
1236,1,8147
1237,1,7379
1238,1,7940
1239,1,7944
1240,1,8166
1241,1,6986
1242,1,6627
1243,1,6564
1244,1,8297
1245,1,7939
1246,1,8114
1247,1,6693
1248,1,7876
1249,1,7596
1250,1,6515
1251,1,6962
1252,1,7533
1253,1,6830
1254,1,7479
1255,1,8361
1256,1,7155
1257,1,7303
1258,1,8327
1259,1,7476
1260,1,7268
1261,1,7225
1262,1,7509
1263,1,7312
1264,1,8095
1265,1,7954
1266,1,7859
1267,1,6918
1268,1,7471
1269,1,7056
1270,1,7757
1271,1,7335
1272,1,7900
1273,1,7554
1274,1,7493
1275,1,7167
1276,1,6617
1277,1,7849
1278,1,6899
1279,1,7084
1280,1,7510
1281,1,8136
1282,1,8081
1283,1,7803
1284,1,8410
1285,1,7548
1286,1,7480
1287,1,7508
1288,1,8299
1289,1,7663
1290,1,7035
1291,1,7945
1292,1,8404
1293,1,6818
1294,1,6637
1295,1,6831
1296,1,7674
1297,1,8172
1298,1,6890
1299,1,8482
1300,1,6638
1301,1,7045
1302,1,7299
1303,1,7164
1304,1,6819
1305,1,7391
1306,1,7531
1307,1,6852
1308,1,7806
1309,1,7613
1310,1,6990
1311,1,8431
1312,1,8008
1313,1,6547
1314,1,7088
1315,1,7856
1316,1,8229
1317,1,7087
1318,1,7580
1319,1,6539
1320,1,7431
1321,1,8129
1322,1,7367
1323,1,8480
1324,1,6865
1325,1,7802
1326,1,7850
1327,1,6742
1328,1,7951
1329,1,8016
1330,1,8259
1331,1,7322
1332,1,8068
1333,1,8279
1334,1,7288
1335,1,6601
1336,1,7874
1337,1,7558
1338,1,7483
1339,1,7682
1340,1,6997
1341,1,8343
1342,1,8305
1343,1,6612
1344,1,6616
1345,1,7326
1346,1,8138
1347,1,7855
1348,1,7806
1349,1,8194
1350,1,8321
1351,1,6984
1352,1,8244
1353,1,7168
1354,1,8325
1355,1,7267
1356,1,8456
1357,1,8401
1358,1,8062
1359,1,6907
1360,1,7688
1361,1,7988
1362,1,7006
1363,1,7342
1364,1,6803
1365,1,7314
1366,1,6907
1367,1,8317
1368,1,8259
1369,1,8207
1370,1,6549
1371,1,7782
1372,1,7675
1373,1,8079
1374,1,7379
1375,1,7116
1376,1,7417
1377,1,7190
1378,1,7716
1379,1,7541
1380,1,8368
1381,1,7273
1382,1,8359
1383,1,7960
1384,1,8456
1385,1,7091
1386,1,7959
1387,1,7926
1388,1,7928
1389,1,7392
1390,1,8438
1391,1,8281
1392,1,6769
1393,1,7141
1394,1,7940
1395,1,7391
1396,1,7004
1397,1,8192
1398,1,6957
1399,1,6877
1400,1,6542
1401,1,7896
1402,1,7877
1403,1,7238
1404,1,7690
1405,1,7707
1406,1,8044
1407,1,7218
1408,1,7713
1409,1,7497
1410,1,7189
1411,1,8393
1412,1,6610
1413,1,7626
1414,1,7044
1415,1,8142
1416,1,8185
1417,1,6583
1418,1,8400
1419,1,7475
1420,1,6709
1421,1,7115
1422,1,7151
1423,1,7736
1424,1,7321
1425,1,7452
1426,1,6542
1427,1,7331
1428,1,7889
1429,1,6832
1430,1,7130
1431,1,8356
1432,1,6868
1433,1,7280
1434,1,7527
1435,1,8025
1436,1,7870
1437,1,8291
1438,1,6572
1439,1,7609
1440,1,7387
1441,1,6548
1442,1,7035
1443,1,7390
1444,1,7276
1445,1,6816
1446,1,7758
1447,1,7835
1448,1,8213
1449,1,6894
1450,1,7990
1451,1,8110
1452,1,7235
1453,1,6565
1454,1,6510
1455,1,7861
1456,1,6578
1457,1,8470
1458,1,7227
1459,1,8192
1460,1,8192
1461,1,8276
1462,1,7514
1463,1,8343
1464,1,8328
1465,1,6775
1466,1,7347
1467,1,6756
1468,1,8170
1469,1,6545
1470,1,6784
1471,1,7414
1472,1,6582
1473,1,7015
1474,1,7295
1475,1,6887
1476,1,6990
1477,1,7507
1478,1,7113
1479,1,6787
1480,1,7448
1481,1,8292
1482,1,7505
1483,1,8202
1484,1,7885
1485,1,7014
1486,1,6660
1487,1,7818
1488,1,7156
1489,1,7283
1490,1,8195
1491,1,8369
1492,1,6949
1493,1,7875
1494,1,7652
1495,1,6779
1496,1,6667
1497,1,8441
1498,1,7887
1499,1,7732
1500,1,7271
1501,1,7218
1502,1,7311
1503,1,6980
1504,1,7254
1505,1,7851
1506,1,8231
1507,1,7580
1508,1,6567
1509,1,7330
1510,1,7227
1511,1,7357
1512,1,7366
1513,1,7580
1514,1,7344
1515,1,8021
1516,1,6526
1517,1,7869
1518,1,7140
1519,1,7722
1520,1,7501
1521,1,7040
1522,1,8061
1523,1,7494
1524,1,7376
1525,1,6711
1526,1,7630
1527,1,7300
1528,1,8478
1529,1,6588
1530,1,7683
1531,1,7307
1532,1,7091
1533,1,6941
1534,1,7896
1535,1,7953
1536,1,8438
1537,1,8073
1538,1,7887
1539,1,7067
1540,1,6964
1541,1,7520
1542,1,8453
1543,1,7554
1544,1,7438
1545,1,7850
1546,1,6748
1547,1,8276
1548,1,8364
1549,1,8385
1550,1,6610
1551,1,7455
1552,1,8311
1553,1,7716
1554,1,6736
1555,1,6701
1556,1,7852
1557,1,8449
1558,1,7214
1559,1,6563
1560,1,6727
1561,1,7947
1562,1,6664
1563,1,8386
1564,1,7792
1565,1,7113
1566,1,8309
1567,1,7220
1568,1,7815
1569,1,6928
1570,1,7165
1571,1,6628
1572,1,6697
1573,1,7309
1574,1,7972
1575,1,8058
1576,1,7247
1577,1,7588
1578,1,7127
1579,1,7589
1580,1,6747
1581,1,7250
1582,1,7696
1583,1,8118
1584,1,7908
1585,1,8118
1586,1,6884
1587,1,7879
1588,1,6924
1589,1,7312
1590,1,7676
1591,1,8340
1592,1,7958
1593,1,8464
1594,1,6860
1595,1,8046
1596,1,8388
1597,1,6581
1598,1,8167
1599,1,7207
1600,1,6586
1601,1,6597
1602,1,7950
1603,1,7945
1604,1,7631
1605,1,8179
1606,1,6707
1607,1,8328
1608,1,7108
1609,1,7684
1610,1,6597
1611,1,7034
1612,1,8234
1613,1,8094
1614,1,7839
1615,1,7082
1616,1,6691
1617,1,6769
1618,1,7353
1619,1,8414
1620,1,7094
1621,1,8013
1622,1,7345
1623,1,8478
1624,1,7476
1625,1,7068
1626,1,7744
1627,1,6923
1628,1,7780
1629,1,8497
1630,1,8170
1631,1,7972
1632,1,7720
1633,1,8190
1634,1,7598
1635,1,7313
1636,1,7830
1637,1,7010
1638,1,8168
1639,1,6763
1640,1,6944
1641,1,7388
1642,1,7040
1643,1,8274
1644,1,6988
1645,1,6516
1646,1,8149
1647,1,7102
1648,1,7356
1649,1,7144
1650,1,7345
1651,1,7022
1652,1,6938
1653,1,7761
1654,1,6712
1655,1,7875
1656,1,6799
1657,1,8051
1658,1,8309
1659,1,6544
1660,1,7169
1661,1,7251
1662,1,7440
1663,1,8062
1664,1,6924
1665,1,7781
1666,1,8075
1667,1,7443
1668,1,8062
1669,1,6936
1670,1,7997
1671,1,7821
1672,1,7443
1673,1,8432
1674,1,7156
1675,1,8064
1676,1,7813
1677,1,7103
1678,1,7177
1679,1,8249
1680,1,7734
1681,1,8397
1682,1,7432
1683,1,6618
1684,1,8313
1685,1,6872
1686,1,8024
1687,1,7351
1688,1,7152
1689,1,7001
1690,1,7850
1691,1,6896
1692,1,6543
1693,1,7347
1694,1,8461
1695,1,7350
1696,1,6675
1697,1,7499
1698,1,7058
1699,1,7602
1700,1,6984
1701,1,7715
1702,1,6986
1703,1,7776
1704,1,8204
1705,1,6714
1706,1,6973
1707,1,6645
1708,1,7273
1709,1,8417
1710,1,8156
1711,1,6566
1712,1,8359
1713,1,8295
1714,1,7517
1715,1,7963
1716,1,7355
1717,1,7132
1718,1,7254
1719,1,8336
1720,1,7132
1721,1,6603
1722,1,7303
1723,1,7367
1724,1,6533
1725,1,7479
1726,1,8056
1727,1,8294
1728,1,7404
1729,1,7627
1730,1,7808
1731,1,7724
1732,1,8305
1733,1,7205
1734,1,7553
1735,1,8004
1736,1,7220
1737,1,6918
1738,1,7641
1739,1,8033
1740,1,7328
1741,1,8451
1742,1,7945
1743,1,7599
1744,1,8161
1745,1,8105
1746,1,6559
1747,1,7838
1748,1,8045
1749,1,6910
1750,1,8199
1751,1,7634
1752,1,6923
1753,1,8119
1754,1,7241
1755,1,7421
1756,1,6622
1757,1,6913
1758,1,7657
1759,1,6989
1760,1,8297
1761,1,6813
1762,1,7828
1763,1,7007
1764,1,8043
1765,1,6822
1766,1,6814
1767,1,7879
1768,1,7818
1769,1,8288
1770,1,8203
1771,1,8484
1772,1,7369
1773,1,7080
1774,1,7020
1775,1,7647
1776,1,8302
1777,1,6846
1778,1,8412
1779,1,7981
1780,1,8177
1781,1,7693
1782,1,7577
1783,1,7756
1784,1,8030
1785,1,6776
1786,1,6533
1787,1,8162
1788,1,7814
1789,1,7870
1790,1,7450
1791,1,8415
1792,1,8066
1793,1,8122
1794,1,7787
1795,1,7513
1796,1,7001
1797,1,7837
1798,1,7254
1799,1,7008
1800,1,7450
1801,1,8242
1802,1,7102
1803,1,7075
1804,1,7616
1805,1,7640
1806,1,7148
1807,1,8125
1808,1,7568
1809,1,8281
1810,1,6641
1811,1,6933
1812,1,6875
1813,1,6853
1814,1,7676
1815,1,6838
1816,1,7383
1817,1,7780
1818,1,7566
1819,1,6657
1820,1,6687
1821,1,7432
1822,1,6582
1823,1,7809
1824,1,7537
1825,1,7222
1826,1,7231
1827,1,7273
1828,1,7577
1829,1,6616
1830,1,8122
1831,1,8394
1832,1,6955
1833,1,7737
1834,1,8383
1835,1,7600
1836,1,8262
1837,1,8415
1838,1,8235
1839,1,6734
1840,1,8332
1841,1,7438
1842,1,7719
1843,1,7002
1844,1,8469
1845,1,6547
1846,1,6836
1847,1,8238
1848,1,7367
1849,1,7231
1850,1,8361
1851,1,7923
1852,1,8081
1853,1,7335
1854,1,7312
1855,1,7558
1856,1,7637
1857,1,8217
1858,1,6539
1859,1,8425
1860,1,8472
1861,1,7110
1862,1,7835
1863,1,6963
1864,1,6655
1865,1,7553
1866,1,8181
1867,1,7426
1868,1,7069
1869,1,8149
1870,1,6507
1871,1,7752
1872,1,7768
1873,1,7963
1874,1,8486
1875,1,6794
1876,1,8468
1877,1,7512
1878,1,8082
1879,1,7100
1880,1,6727
1881,1,7344
1882,1,7358
1883,1,7883
1884,1,8162
1885,1,6862
1886,1,6636
1887,1,8236
1888,1,7510
1889,1,6787
1890,1,7425
1891,1,6897
1892,1,7820
1893,1,7647
1894,1,8381
1895,1,8245
1896,1,8344
1897,1,6806
1898,1,8249
1899,1,8072
1900,1,8245
1901,1,8158
1902,1,7849
1903,1,6519
1904,1,7955
1905,1,7401
1906,1,6909
1907,1,7281
1908,1,7094
1909,1,6687
1910,1,7496
1911,1,7842
1912,1,8165
1913,1,7216
1914,1,6820
1915,1,7957
1916,1,7704
1917,1,8415
1918,1,8465
1919,1,8175
1920,1,7460
1921,1,8458
1922,1,6838
1923,1,7324
1924,1,8362
1925,1,6751
1926,1,6601
1927,1,7338
1928,1,8302
1929,1,7456
1930,1,7432
1931,1,7025
1932,1,7711
1933,1,6537
1934,1,8460
1935,1,7170
1936,1,6923
1937,1,7957
1938,1,7176
1939,1,7741
1940,1,6642
1941,1,6851
1942,1,7583
1943,1,7470
1944,1,6896
1945,1,7376
1946,1,8439
1947,1,7541
1948,1,8435
1949,1,8046
1950,1,6947
1951,1,6631
1952,1,6773
1953,1,7941
1954,1,8342
1955,1,6708
1956,1,7090
1957,1,6772
1958,1,6543
1959,1,7708
1960,1,6872
1961,1,6894
1962,1,8461
1963,1,8063
1964,1,8196
1965,1,7717
1966,1,7937
1967,1,8344
1968,1,7215
1969,1,7315
1970,1,8180
1971,1,6781
1972,1,6777
1973,1,7079
1974,1,7196
1975,1,7627
1976,1,7520
1977,1,7453
1978,1,8088
1979,1,6904
1980,1,7473
1981,1,8139
1982,1,7191
1983,1,6784
1984,1,6999
1985,1,7231
1986,1,8081
1987,1,7165
1988,1,8172
1989,1,6974
1990,1,6542
1991,1,7673
1992,1,6868
1993,1,7581
1994,1,7066
1995,1,6795
1996,1,8100
1997,1,7169
1998,1,8346
1999,1,6861
2000,1,7704
2001,1,7427
2002,1,8264
2003,1,8006
2004,1,7063
2005,1,6832
2006,1,6986
2007,1,7446
2008,1,7194
2009,1,8001
2010,1,7088
2011,1,7908
2012,1,8214
2013,1,7515
2014,1,7508
2015,1,7536
2016,1,6712
2017,1,7436
2018,1,7362
2019,1,7900
2020,1,6643
2021,1,7973
2022,1,7705
2023,1,7831
2024,1,7984
2025,1,8063
2026,1,8416
2027,1,6551
2028,1,8273
2029,1,8416
2030,1,6777
2031,1,6695
2032,1,6909
2033,1,7099
2034,1,6987
2035,1,7096
2036,1,7692
2037,1,8274
2038,1,6567
2039,1,8368
2040,1,6941
2041,1,7083
2042,1,7033
2043,1,7150
2044,1,6667
2045,1,6534
2046,1,7161
2047,1,6604
2048,1,7128
2049,1,8038
2050,1,8098
2051,1,6534
2052,1,7828
2053,1,7979
2054,1,8374
2055,1,6877
2056,1,7689
2057,1,6869
2058,1,8103
2059,1,7432
2060,1,8198
2061,1,7439
2062,1,8329
2063,1,6820
2064,1,8364
2065,1,7834
2066,1,7508
2067,1,6937
2068,1,8154
2069,1,8022
2070,1,6735
2071,1,8415
2072,1,8460
2073,1,7083
2074,1,7697
2075,1,8258
2076,1,7457
2077,1,6699
2078,1,8187
2079,1,7527
2080,1,8133
2081,1,6661
2082,1,8451
2083,1,8381
2084,1,7683
2085,1,6614
2086,1,8108
2087,1,7471
2088,1,8454
2089,1,8415
2090,1,6879
2091,1,7521
2092,1,7694
2093,1,7526
2094,1,7210
2095,1,7008
2096,1,6709
2097,1,7738
2098,1,8466
2099,1,7520
2100,1,6666
2101,1,8295
2102,1,7406
2103,1,7828
2104,1,7481
2105,1,7097
2106,1,7001
2107,1,7697
2108,1,8381
2109,1,8226
2110,1,8490
2111,1,7240
2112,1,8325
2113,1,7878
2114,1,8230
2115,1,8138
2116,1,8258
2117,1,7598
2118,1,7009
2119,1,8057
2120,1,7226
2121,1,7278
2122,1,6882
2123,1,7498
2124,1,7176
2125,1,7098
2126,1,6613
2127,1,7676
2128,1,7666
2129,1,8009
2130,1,7881
2131,1,7113
2132,1,8122
2133,1,7711
2134,1,6685
2135,1,7376
2136,1,6756
2137,1,8332
2138,1,7986
2139,1,6969
2140,1,6706
2141,1,7902
2142,1,7620
2143,1,7787
2144,1,6854
2145,1,7631
2146,1,7268
2147,1,8214
2148,1,7503
2149,1,7419
2150,1,6846
2151,1,8041
2152,1,7995
2153,1,8003
2154,1,6510
2155,1,7827
2156,1,6832
2157,1,6761
2158,1,7555
2159,1,7965
2160,1,8001
2161,1,7826
2162,1,8093
2163,1,8313
2164,1,7010
2165,1,7751
2166,1,7869
2167,1,6767
2168,1,8428
2169,1,7665
2170,1,7996
2171,1,7026
2172,1,7076
2173,1,8437
2174,1,8328
2175,1,6966
2176,1,8233
2177,1,8152
2178,1,7129
2179,1,7782
2180,1,7481
2181,1,8435
2182,1,8463
2183,1,7617
2184,1,8222
2185,1,7931
2186,1,6661
2187,1,6971
2188,1,7745
2189,1,7669
2190,1,7311
2191,1,8401
2192,1,8354
2193,1,6612
2194,1,8433
2195,1,7488
2196,1,7959
2197,1,6826
2198,1,8252
2199,1,7102
2200,1,7196
2201,1,8152
2202,1,8101
2203,1,6766
2204,1,6662
2205,1,8157
2206,1,8324
2207,1,6519
2208,1,6987
2209,1,7120
2210,1,8354
2211,1,7604
2212,1,7291
2213,1,6647
2214,1,7413
2215,1,7248
2216,1,6853
2217,1,8275
2218,1,8302
2219,1,7103
2220,1,7734
2221,1,7050
2222,1,7833
2223,1,7036
2224,1,7631
2225,1,7140
2226,1,7157
2227,1,7680
2228,1,8288
2229,1,7507
2230,1,7177
2231,1,7736
2232,1,7837
2233,1,7755
2234,1,7583
2235,1,8050
2236,1,6588
2237,1,6771
2238,1,8108
2239,1,8129
2240,1,6908
2241,1,7907
2242,1,7383
2243,1,8429
2244,1,7449
2245,1,8282
2246,1,7488
2247,1,8030
2248,1,6855
2249,1,7476
2250,1,8077
2251,1,8450
2252,1,8148
2253,1,6743
2254,1,6550
2255,1,7370
2256,1,7573
2257,1,7451
2258,1,7974
2259,1,7110
2260,1,7120
2261,1,7072
2262,1,7404
2263,1,8085
2264,1,8357
2265,1,8027
2266,1,7826
2267,1,6995
2268,1,7461
2269,1,8347
2270,1,7397
2271,1,7570
2272,1,8347
2273,1,7073
2274,1,7333
2275,1,7083
2276,1,7494
2277,1,7901
2278,1,7735
2279,1,8242
2280,1,7736
2281,1,6739
2282,1,8311
2283,1,7979
2284,1,6761
2285,1,7077
2286,1,7551
2287,1,7267
2288,1,8249
2289,1,7279
2290,1,8354
2291,1,7633
2292,1,7543
2293,1,8190
2294,1,7535
2295,1,7837
2296,1,8042
2297,1,7853
2298,1,8328
2299,1,7332
2300,1,6578
2301,1,7928
2302,1,8150
2303,1,7715
2304,1,7771
2305,1,7061
2306,1,6791
2307,1,7905
2308,1,7608
2309,1,6802
2310,1,7323
2311,1,7627
2312,1,8476
2313,1,7816
2314,1,7863
2315,1,7354
2316,1,7954
2317,1,6794
2318,1,8386
2319,1,6764
2320,1,6532
2321,1,7861
2322,1,7688
2323,1,6824
2324,1,6617
2325,1,7154
2326,1,8011
2327,1,6958
2328,1,8021
2329,1,7342
2330,1,8160
2331,1,6794
2332,1,6931
2333,1,6570
2334,1,6817
2335,1,7639
2336,1,6583
2337,1,6877
2338,1,8308
2339,1,8065
2340,1,7428
2341,1,6528
2342,1,7475
2343,1,7936
2344,1,7077
2345,1,7878
2346,1,8076
2347,1,7413
2348,1,8472
2349,1,6824
2350,1,7728
2351,1,8225
2352,1,8222
2353,1,7871
2354,1,8259
2355,1,6821
2356,1,7873
2357,1,8147
2358,1,7092
2359,1,7789
2360,1,7046
2361,1,6693
2362,1,7400
2363,1,7507
2364,1,8213
2365,1,8381
2366,1,6694
2367,1,7508
2368,1,7932
2369,1,6876
2370,1,8439
2371,1,6821
2372,1,6703
2373,1,6878
2374,1,7973
2375,1,7287
2376,1,6515
2377,1,6502
2378,1,6594
2379,1,8220
2380,1,6917
2381,1,6526
2382,1,6814
2383,1,7838
2384,1,6645
2385,1,6879
2386,1,6918
2387,1,7479
2388,1,7726
2389,1,6632
2390,1,7227
2391,1,7677
2392,1,6813
2393,1,7527
2394,1,8468
2395,1,7744
2396,1,7627
2397,1,6610
2398,1,7561
2399,1,6579
2400,1,7308
2401,1,8249
2402,1,7972
2403,1,7360
2404,1,6996
2405,1,7782
2406,1,7245
2407,1,7533
2408,1,7534
2409,1,8141
2410,1,7641
2411,1,6736
2412,1,8206
2413,1,7828
2414,1,6744
2415,1,6899
2416,1,8093
2417,1,7483
2418,1,7595
2419,1,7378
2420,1,7021
2421,1,8460
2422,1,8399
2423,1,7977
2424,1,7189
2425,1,7196
2426,1,7732
2427,1,6581
2428,1,7386
2429,1,6948
2430,1,7661
2431,1,7726
2432,1,7560
2433,1,6997
2434,1,6858
2435,1,6810
2436,1,6712
2437,1,7758
2438,1,8054
2439,1,6811
2440,1,7806
2441,1,7259
2442,1,8192
2443,1,7968
2444,1,6980
2445,1,7231
2446,1,8388
2447,1,7677
2448,1,6602
2449,1,8266
2450,1,7255
2451,1,7890
2452,1,6794
2453,1,7772
2454,1,7781
2455,1,8183
2456,1,6612
2457,1,7866
2458,1,7354
2459,1,8022
2460,1,7769
2461,1,8152
2462,1,8397
2463,1,7398
2464,1,8394
2465,1,7704
2466,1,7230
2467,1,7681
2468,1,6698
2469,1,7740
2470,1,7114
2471,1,8283
2472,1,8390
2473,1,6595
2474,1,7240
2475,1,6745
2476,1,8118
2477,1,7050
2478,1,7665
2479,1,8384
2480,1,8146
2481,1,7565
2482,1,7456
2483,1,6941
2484,1,7786
2485,1,6699
2486,1,6934
2487,1,6664
2488,1,8206
2489,1,8172
2490,1,7266
2491,1,7285
2492,1,6844
2493,1,8364
2494,1,6960
2495,1,6845
2496,1,8448
2497,1,6938
2498,1,7105
2499,1,7383
2500,1,8307
2501,1,6750
2502,1,7383
2503,1,6752
2504,1,7087
2505,1,6684
2506,1,7713
2507,1,7688
2508,1,6606
2509,1,7972
2510,1,8318
2511,1,7920
2512,1,6841
2513,1,7782
2514,1,8044
2515,1,6995
2516,1,7470
2517,1,8343
2518,1,8288
2519,1,8338
2520,1,7887
2521,1,8082
2522,1,8329
2523,1,6718
2524,1,7382
2525,1,8250
2526,1,7075
2527,1,8407
2528,1,7945
2529,1,6693
2530,1,8238
2531,1,7808
2532,1,8288
2533,1,7355
2534,1,7811
2535,1,8206
2536,1,6821
2537,1,7712
2538,1,7023
2539,1,7803
2540,1,7660
2541,1,8271
2542,1,8156
2543,1,6741
2544,1,6999
2545,1,7495
2546,1,8424
2547,1,7132
2548,1,8165
2549,1,7270
2550,1,7169
2551,1,6645
2552,1,7562
2553,1,7287
2554,1,6506
2555,1,7807
2556,1,7217
2557,1,7164
2558,1,7370
2559,1,7387
2560,1,7467
2561,1,7955
2562,1,7218
2563,1,6757
2564,1,8236
2565,1,6653
2566,1,8430
2567,1,6715
2568,1,7445
2569,1,7018
2570,1,7842
2571,1,7844
2572,1,7706
2573,1,7361
2574,1,7771
2575,1,6836
2576,1,7060
2577,1,6877
2578,1,6556
2579,1,8500
2580,1,7926
2581,1,7696
2582,1,7366
2583,1,8326
2584,1,7046
2585,1,7756
2586,1,7199
2587,1,6838
2588,1,8155
2589,1,6738
2590,1,8070
2591,1,7316
2592,1,7930
2593,1,6604
2594,1,7136
2595,1,7371
2596,1,8322
2597,1,7716
2598,1,8178
2599,1,8374
2600,1,6920
2601,1,6575
2602,1,8060
2603,1,7512
2604,1,7712
2605,1,8072
2606,1,6954
2607,1,7616
2608,1,7123
2609,1,7416
2610,1,8255
2611,1,8314
2612,1,7082
2613,1,7025
2614,1,6999
2615,1,8407
2616,1,7161
2617,1,6818
2618,1,8369
2619,1,7748
2620,1,7909
2621,1,7569
2622,1,6933
2623,1,6769
2624,1,6756
2625,1,7047
2626,1,8182
2627,1,7393
2628,1,8204
2629,1,6901
2630,1,7020
2631,1,7582
2632,1,7235
2633,1,7907
2634,1,7717
2635,1,6830
2636,1,6874
2637,1,7584
2638,1,7183
2639,1,7132
2640,1,7305
2641,1,7381
2642,1,8193
2643,1,7103
2644,1,7246
2645,1,7129
2646,1,8380
2647,1,8384
2648,1,6639
2649,1,7593
2650,1,7737
2651,1,7022
2652,1,7893
2653,1,7136
2654,1,7209
2655,1,7274
2656,1,8390
2657,1,6673
2658,1,7526
2659,1,7983
2660,1,7096
2661,1,8081
2662,1,7367
2663,1,7721
2664,1,7295
2665,1,7436
2666,1,8018
2667,1,8499
2668,1,7051
2669,1,7148
2670,1,6564
2671,1,7025
2672,1,8436
2673,1,8057
2674,1,7124
2675,1,7882
2676,1,7741
2677,1,6531
2678,1,7014
2679,1,7679
2680,1,8028
2681,1,6882
2682,1,7892
2683,1,8402
2684,1,6577
2685,1,7389
2686,1,6687
2687,1,6893
2688,1,6989
2689,1,8198
2690,1,8479
2691,1,8493
2692,1,7614
2693,1,7248
2694,1,7662
2695,1,8212
2696,1,7811
2697,1,6910
2698,1,8043
2699,1,7997
2700,1,7107
2701,1,8291
2702,1,8028
2703,1,7173
2704,1,7548
2705,1,7909
2706,1,6961
2707,1,8413
2708,1,7514
2709,1,6650
2710,1,7090
2711,1,6553
2712,1,6626
2713,1,7628
2714,1,7701
2715,1,6561
2716,1,7056
2717,1,7508
2718,1,7018
2719,1,7332
2720,1,8116
2721,1,6839
2722,1,6840
2723,1,7110
2724,1,6716
2725,1,7137
2726,1,6769
2727,1,8015
2728,1,7466
2729,1,6971
2730,1,8003
2731,1,6563
2732,1,7452
2733,1,7350
2734,1,7489
2735,1,8399
2736,1,6901
2737,1,6580
2738,1,7192
2739,1,7157
2740,1,7966
2741,1,8498
2742,1,7895
2743,1,6768
2744,1,6652
2745,1,7018
2746,1,6945
2747,1,8110
2748,1,7547
2749,1,7709
2750,1,7293
2751,1,7235
2752,1,6543
2753,1,8055
2754,1,6982
2755,1,6750
2756,1,7754
2757,1,8100
2758,1,7220
2759,1,8046
2760,1,6629
2761,1,6690
2762,1,7186
2763,1,7904
2764,1,7548
2765,1,7869
2766,1,7966
2767,1,8158
2768,1,6987
2769,1,7626
2770,1,7690
2771,1,6519
2772,1,7071
2773,1,6929
2774,1,8337
2775,1,8136
2776,1,8377
2777,1,7445
2778,1,8137
2779,1,6788
2780,1,8336
2781,1,6550
2782,1,6548
2783,1,6991
2784,1,8140
2785,1,7435
2786,1,7499
2787,1,7715
2788,1,6982
2789,1,6917
2790,1,8093
2791,1,6699
2792,1,7711
2793,1,8200
2794,1,6957
2795,1,8104
2796,1,7974
2797,1,6627
2798,1,6575
2799,1,7474
2800,1,7427
2801,1,7607
2802,1,8216
2803,1,7407
2804,1,6986
2805,1,7174
2806,1,7666
2807,1,7003
2808,1,8149
2809,1,7257
2810,1,7488
2811,1,8218
2812,1,7995
2813,1,8169
2814,1,8369
2815,1,7153
2816,1,6530
2817,1,7640
2818,1,7828
2819,1,7697
2820,1,8073
2821,1,6947
2822,1,8417
2823,1,7634
2824,1,7225
2825,1,8131
2826,1,7580
2827,1,7819
2828,1,7984
2829,1,6802
2830,1,7198
2831,1,8083
2832,1,6858
2833,1,6502
2834,1,7703
2835,1,7726
2836,1,6793
2837,1,7217
2838,1,7622
2839,1,7055
2840,1,7864
2841,1,7310
2842,1,7967
2843,1,6538
2844,1,6510
2845,1,8133
2846,1,8132
2847,1,6711
2848,1,7927
2849,1,7644
2850,1,6983
2851,1,8237
2852,1,7660
2853,1,7807
2854,1,6632
2855,1,7023
2856,1,6556
2857,1,7697
2858,1,8093
2859,1,6690
2860,1,7755
2861,1,7508
2862,1,7695
2863,1,7110
2864,1,6751
2865,1,6642
2866,1,7580
2867,1,7010
2868,1,7685
2869,1,7271
2870,1,7492
2871,1,7353
2872,1,8238
2873,1,6711
2874,1,7723
2875,1,6832
2876,1,7000
2877,1,6743
2878,1,7007
2879,1,7377
2880,1,7617
2881,1,7688
2882,1,8471
2883,1,7790
2884,1,6736
2885,1,8203
2886,1,7977
2887,1,8250
2888,1,7159
2889,1,7482
2890,1,8374
2891,1,7376
2892,1,7551
2893,1,7745
2894,1,8285
2895,1,6865
2896,1,8079
2897,1,7505
2898,1,8055
2899,1,7009
2900,1,7319
2901,1,7666
2902,1,8042
2903,1,8166
2904,1,8386
2905,1,6756
2906,1,6650
2907,1,6551
2908,1,8142
2909,1,7703
2910,1,7254
2911,1,7463
2912,1,6936
2913,1,7702
2914,1,7966
2915,1,8492
2916,1,8163
2917,1,6611
2918,1,7692
2919,1,6575
2920,1,8264
2921,1,7390
2922,1,6955
2923,1,6915
2924,1,7603
2925,1,7908
2926,1,7201
2927,1,6640
2928,1,6595
2929,1,7187
2930,1,7006
2931,1,6912
2932,1,6531
2933,1,8361
2934,1,7171
2935,1,7485
2936,1,7617
2937,1,6899
2938,1,7252
2939,1,8255
2940,1,7406
2941,1,6933
2942,1,7846
2943,1,7764
2944,1,7211
2945,1,7762
2946,1,6837
2947,1,7426
2948,1,7523
2949,1,8034
2950,1,7107
2951,1,7899
2952,1,6612
2953,1,6895
2954,1,7080
2955,1,6795
2956,1,8278
2957,1,6697
2958,1,8283
2959,1,7990
2960,1,7346
2961,1,8059
2962,1,7261
2963,1,8279
2964,1,6613
2965,1,7972
2966,1,8289
2967,1,8121
2968,1,7641
2969,1,6587
2970,1,7278
2971,1,6862
2972,1,7684
2973,1,7366
2974,1,8090
2975,1,7734
2976,1,6897
2977,1,7907
2978,1,7455
2979,1,8329
2980,1,8333
2981,1,8071
2982,1,6689
2983,1,8374
2984,1,7798
2985,1,8462
2986,1,7354
2987,1,8058
2988,1,7606
2989,1,7208
2990,1,8467
2991,1,7627
2992,1,7807
2993,1,8476
2994,1,7333
2995,1,7655
2996,1,7352
2997,1,7513
2998,1,6557
2999,1,8052
3000,1,8141
3001,1,7750
3002,1,7879
3003,1,8225
3004,1,7355
3005,1,8490
3006,1,6654
3007,1,7747
3008,1,7711
3009,1,8218
3010,1,8139
3011,1,6772
3012,1,7154
3013,1,7543
3014,1,8242
3015,1,6528
3016,1,8459
3017,1,6753
3018,1,7516
3019,1,7571
3020,1,7524
3021,1,8184
3022,1,8449
3023,1,7617
3024,1,7684
3025,1,7413
3026,1,8401
3027,1,6611
3028,1,7269
3029,1,8373
3030,1,7478
3031,1,7034
3032,1,7779
3033,1,7163
3034,1,6894
3035,1,6690
3036,1,8335
3037,1,8192
3038,1,7477
3039,1,6904
3040,1,6647
3041,1,7163
3042,1,7910
3043,1,8426
3044,1,8048
3045,1,8422
3046,1,7175
3047,1,8285
3048,1,6948
3049,1,8468
3050,1,8230
3051,1,8407
3052,1,7842
3053,1,7831
3054,1,7224
3055,1,8476
3056,1,7984
3057,1,7863
3058,1,7421
3059,1,6828
3060,1,6680
3061,1,7513
3062,1,7961
3063,1,7391
3064,1,7871
3065,1,6992
3066,1,7341
3067,1,7015
3068,1,6859
3069,1,8133
3070,1,8435
3071,1,8126
3072,1,7333
3073,1,7733
3074,1,7312
3075,1,7687
3076,1,8275
3077,1,7952
3078,1,8320
3079,1,7891
3080,1,6536
3081,1,8103
3082,1,6660
3083,1,6919
3084,1,8352
3085,1,8433
3086,1,7973
3087,1,7900
3088,1,7329
3089,1,7126
3090,1,7106
3091,1,6744
3092,1,6956
3093,1,7390
3094,1,7998
3095,1,8097
3096,1,7978
3097,1,6963
3098,1,7064
3099,1,7294
3100,1,6790
3101,1,7916
3102,1,7246
3103,1,8029
3104,1,8311
3105,1,6664
3106,1,8109
3107,1,6694
3108,1,8239
3109,1,8484
3110,1,6999
3111,1,7409
3112,1,6612
3113,1,7422
3114,1,8293
3115,1,8404
3116,1,8329
3117,1,6502
3118,1,6683
3119,1,6878
3120,1,6535
3121,1,7821
3122,1,8394
3123,1,6679
3124,1,7276
3125,1,6794
3126,1,7113
3127,1,6725
3128,1,7488
3129,1,6513
3130,1,7384
3131,1,7012
3132,1,6723
3133,1,7686
3134,1,6903
3135,1,7018
3136,1,7451
3137,1,7429
3138,1,8046
3139,1,8385
3140,1,6967
3141,1,7610
3142,1,6809
3143,1,8106
3144,1,7235
3145,1,7799
3146,1,7713
3147,1,6528
3148,1,7018
3149,1,6549
3150,1,6845
3151,1,7158
3152,1,7170
3153,1,6509
3154,1,7641
3155,1,7499
3156,1,6534
3157,1,7933
3158,1,6620
3159,1,7427
3160,1,7693
3161,1,7031
3162,1,7511
3163,1,6774
3164,1,6635
3165,1,7168
3166,1,6544
3167,1,7115
3168,1,7481
3169,1,6639
3170,1,7748
3171,1,8285
3172,1,7036
3173,1,8072
3174,1,8226
3175,1,7732
3176,1,7103
3177,1,6831
3178,1,7054
3179,1,7144
3180,1,7801
3181,1,6603
3182,1,8002
3183,1,6775
3184,1,6551
3185,1,7166
3186,1,7757
3187,1,6704
3188,1,8139
3189,1,8399
3190,1,6744
3191,1,7726
3192,1,7115
3193,1,6748
3194,1,7161
3195,1,7868
3196,1,7780
3197,1,7022
3198,1,7175
3199,1,6708
3200,1,7399
3201,1,8320
3202,1,7091
3203,1,7671
3204,1,7217
3205,1,6949
3206,1,6751
3207,1,8031
3208,1,7875
3209,1,6708
3210,1,7817
3211,1,6904
3212,1,7263
3213,1,6503
3214,1,6683
3215,1,6810
3216,1,6622
3217,1,6774
3218,1,8484
3219,1,8432
3220,1,6714
3221,1,8086
3222,1,6720
3223,1,6844
3224,1,7864
3225,1,6602
3226,1,7253
3227,1,7617
3228,1,7912
3229,1,7178
3230,1,7156
3231,1,6543
3232,1,7704
3233,1,7890
3234,1,8099
3235,1,6766
3236,1,6826
3237,1,6734
3238,1,6965
3239,1,7762
3240,1,7195
3241,1,7575
3242,1,7196
3243,1,8125
3244,1,7919
3245,1,7532
3246,1,7313
3247,1,7224
3248,1,7917
3249,1,8237
3250,1,7799
3251,1,7887
3252,1,6585
3253,1,6926
3254,1,7751
3255,1,7621
3256,1,7968
3257,1,7376
3258,1,7588
3259,1,7794
3260,1,7600
3261,1,7752
3262,1,7668
3263,1,7699
3264,1,7097
3265,1,7145
3266,1,7562
3267,1,7704
3268,1,7913
3269,1,8403
3270,1,8199
3271,1,6559
3272,1,6735
3273,1,8194
3274,1,7408
3275,1,6609
3276,1,6616
3277,1,8025
3278,1,7770
3279,1,7109
3280,1,7706
3281,1,6813
3282,1,7177
3283,1,8482
3284,1,6875
3285,1,7661
3286,1,7378
3287,1,8318
3288,1,6603
3289,1,8030
3290,1,8455
3291,1,7080
3292,1,7227
3293,1,6817
3294,1,7203
3295,1,6945
3296,1,7184
3297,1,7244
3298,1,6834
3299,1,6767
3300,1,7499
3301,1,7774
3302,1,7188
3303,1,8388
3304,1,7715
3305,1,6661
3306,1,7071
3307,1,7459
3308,1,6772
3309,1,6833
3310,1,8336
3311,1,6741
3312,1,8375
3313,1,7228
3314,1,8310
3315,1,7862
3316,1,6760
3317,1,7152
3318,1,6895
3319,1,7319
3320,1,7773
3321,1,6722
3322,1,7471
3323,1,6997
3324,1,7244
3325,1,8280
3326,1,6877
3327,1,7000
3328,1,6984
3329,1,6955
3330,1,7434
3331,1,8035
3332,1,7284
3333,1,7573
3334,1,6788
3335,1,7142
3336,1,7604
3337,1,7427
3338,1,8082
3339,1,7813
3340,1,7373
3341,1,6945
3342,1,6716
3343,1,7031
3344,1,8457
3345,1,8403
3346,1,7793
3347,1,8245
3348,1,6613
3349,1,7210
3350,1,7001
3351,1,8137
3352,1,7044
3353,1,7752
3354,1,6949
3355,1,6726
3356,1,7232
3357,1,7087
3358,1,7632
3359,1,7539
3360,1,7140
3361,1,7672
3362,1,8312
3363,1,8057
3364,1,7576
3365,1,6535
3366,1,8494
3367,1,7718
3368,1,7919
3369,1,7294
3370,1,7451
3371,1,7487
3372,1,7381
3373,1,8355
3374,1,8250
3375,1,7085
3376,1,8284
3377,1,7665
3378,1,7581
3379,1,7609
3380,1,8179
3381,1,8133
3382,1,7667
3383,1,7005
3384,1,7273
3385,1,8073
3386,1,8311
3387,1,7301
3388,1,7358
3389,1,7812
3390,1,7392
3391,1,7970
3392,1,7300
3393,1,8021
3394,1,7089
3395,1,7017
3396,1,7394
3397,1,7838
3398,1,8103
3399,1,6925
3400,1,8357
3401,1,8303
3402,1,8342
3403,1,8374
3404,1,8409
3405,1,8458
3406,1,7332
3407,1,6946
3408,1,7223
3409,1,6921
3410,1,6935
3411,1,6607
3412,1,7231
3413,1,6693
3414,1,7102
3415,1,7327
3416,1,7921
3417,1,7599
3418,1,7553
3419,1,8221
3420,1,8318
3421,1,8475
3422,1,6689
3423,1,6695
3424,1,7622
3425,1,6710
3426,1,7036
3427,1,8384
3428,1,7855
3429,1,7641
3430,1,7505
3431,1,7050
3432,1,7404
3433,1,7422
3434,1,7698
3435,1,7393
3436,1,6752
3437,1,7666
3438,1,8123
3439,1,7135
3440,1,8061
3441,1,7775
3442,1,7295
3443,1,7748
3444,1,7275
3445,1,7020
3446,1,7077
3447,1,6751
3448,1,8046
3449,1,7909
3450,1,8410
3451,1,8131
3452,1,7355
3453,1,6623
3454,1,7122
3455,1,8239
3456,1,8262
3457,1,7940
3458,1,7854
3459,1,7697
3460,1,7770
3461,1,8226
3462,1,6903
3463,1,7733
3464,1,6778
3465,1,7979
3466,1,8150
3467,1,8452
3468,1,6512
3469,1,7960
3470,1,7268
3471,1,7310
3472,1,7434
3473,1,6511
3474,1,7513
3475,1,7996
3476,1,8399
3477,1,7225
3478,1,6823
3479,1,7487
3480,1,7610
3481,1,7746
3482,1,7177
3483,1,7458
3484,1,7723
3485,1,7234
3486,1,8447
3487,1,7227
3488,1,7355
3489,1,7526
3490,1,6509
3491,1,6807
3492,1,7311
3493,1,8234
3494,1,7344
3495,1,6516
3496,1,7904
3497,1,7542
3498,1,7670
3499,1,7757
3500,1,7284
3501,2,13263
3502,2,13175
3503,2,10944
3504,2,11330
3505,2,12669
3506,2,11660
3507,2,12514
3508,2,12012
3509,2,11303
3510,2,12032
3511,2,11773
3512,2,11380
3513,2,13261
3514,2,12779
3515,2,13408
3516,2,10841
3517,2,13069
3518,2,12941
3519,2,12147
3520,2,11706
3521,2,12348
3522,2,12777
3523,2,11423
3524,2,12726
3525,2,10997
3526,2,11285
3527,2,11903
3528,2,11640
3529,2,12823
3530,2,11662
3531,2,11941
3532,2,12546
3533,2,13052
3534,2,10658
3535,2,12852
3536,2,12920
3537,2,10853
3538,2,10900
3539,2,10903
3540,2,10940
3541,2,12150
3542,2,12818
3543,2,13371
3544,2,11071
3545,2,12911
3546,2,11745
3547,2,12766
3548,2,11660
3549,2,12954
3550,2,10593
3551,2,13113
3552,2,10671
3553,2,13284
3554,2,10554
3555,2,11919
3556,2,12462
3557,2,13030
3558,2,13229
3559,2,12916
3560,2,12172
3561,2,11271
3562,2,11669
3563,2,12742
3564,2,11905
3565,2,12637
3566,2,13029
3567,2,13373
3568,2,11302
3569,2,12841
3570,2,11160
3571,2,10943
3572,2,10611
3573,2,11802
3574,2,12107
3575,2,12849
3576,2,11052
3577,2,13420
3578,2,12717
3579,2,12660
3580,2,11321
3581,2,13344
3582,2,11230
3583,2,11175
3584,2,10764
3585,2,13042
3586,2,13243
3587,2,11003
3588,2,11766
3589,2,11043
3590,2,11852
3591,2,11556
3592,2,11026
3593,2,11073
3594,2,12814
3595,2,12949
3596,2,12996
3597,2,12650
3598,2,13340
3599,2,12886
3600,2,10514
3601,2,13190
3602,2,11222
3603,2,12929
3604,2,10755
3605,2,12421
3606,2,13033
3607,2,12213
3608,2,10614
3609,2,11347
3610,2,13126
3611,2,12504
3612,2,12424
3613,2,13362
3614,2,10922
3615,2,12595
3616,2,13105
3617,2,12191
3618,2,13131
3619,2,11936
3620,2,12704
3621,2,10892
3622,2,10540
3623,2,12505
3624,2,12304
3625,2,10859
3626,2,12843
3627,2,13426
3628,2,12766
3629,2,11534
3630,2,10731
3631,2,12120
3632,2,12030
3633,2,13388
3634,2,13436
3635,2,12539
3636,2,10669
3637,2,10620
3638,2,12754
3639,2,12153
3640,2,11992
3641,2,12627
3642,2,12998
3643,2,11305
3644,2,12950
3645,2,11696
3646,2,13185
3647,2,10847
3648,2,12802
3649,2,12554
3650,2,11057
3651,2,11151
3652,2,12392
3653,2,11277
3654,2,11507
3655,2,13097
3656,2,12897
3657,2,11654
3658,2,12206
3659,2,12667
3660,2,10546
3661,2,11247
3662,2,10632
3663,2,12711
3664,2,11941
3665,2,10887
3666,2,13500
3667,2,13175
3668,2,12311
3669,2,12935
3670,2,12472
3671,2,11749
3672,2,11062
3673,2,11721
3674,2,11786
3675,2,11301
3676,2,12675
3677,2,12793
3678,2,11657
3679,2,10537
3680,2,13035
3681,2,13212
3682,2,10660
3683,2,10590
3684,2,12367
3685,2,13014
3686,2,12162
3687,2,12039
3688,2,12804
3689,2,13481
3690,2,10613
3691,2,11590
3692,2,10908
3693,2,11613
3694,2,12994
3695,2,11269
3696,2,11852
3697,2,11683
3698,2,12688
3699,2,11360
3700,2,11980
3701,2,11289
3702,2,11669
3703,2,12685
3704,2,12981
3705,2,12394
3706,2,10904
3707,2,13337
3708,2,11618
3709,2,12928
3710,2,12310
3711,2,11692
3712,2,10542
3713,2,11983
3714,2,11127
3715,2,10773
3716,2,11806
3717,2,10843
3718,2,12778
3719,2,12917
3720,2,12680
3721,2,12093
3722,2,11890
3723,2,13379
3724,2,11487
3725,2,11144
3726,2,12153
3727,2,11787
3728,2,10605
3729,2,11277
3730,2,11153
3731,2,11079
3732,2,11068
3733,2,13339
3734,2,11585
3735,2,13096
3736,2,12565
3737,2,12347
3738,2,11347
3739,2,10991
3740,2,12753
3741,2,12005
3742,2,11534
3743,2,11386
3744,2,11581
3745,2,12912
3746,2,12783
3747,2,11352
3748,2,12303
3749,2,12860
3750,2,12245
3751,2,12535
3752,2,11918
3753,2,11857
3754,2,12254
3755,2,11539
3756,2,11615
3757,2,11740
3758,2,11815
3759,2,12703
3760,2,13326
3761,2,13411
3762,2,10595
3763,2,13007
3764,2,10866
3765,2,11748
3766,2,12891
3767,2,11579
3768,2,13408
3769,2,12925
3770,2,10538
3771,2,12214
3772,2,12888
3773,2,13284
3774,2,10650
3775,2,11573
3776,2,11918
3777,2,11891
3778,2,13347
3779,2,13311
3780,2,13401
3781,2,11886
3782,2,12278
3783,2,10987
3784,2,12698
3785,2,13476
3786,2,12680
3787,2,13076
3788,2,13293
3789,2,10604
3790,2,11688
3791,2,11206
3792,2,10609
3793,2,11123
3794,2,10888
3795,2,10901
3796,2,10659
3797,2,13484
3798,2,12719
3799,2,12750
3800,2,12015
3801,2,11301
3802,2,11921
3803,2,10926
3804,2,13244
3805,2,12758
3806,2,12444
3807,2,12532
3808,2,12769
3809,2,10653
3810,2,11769
3811,2,11935
3812,2,13462
3813,2,10640
3814,2,12017
3815,2,10998
3816,2,10872
3817,2,13170
3818,2,12558
3819,2,11195
3820,2,12451
3821,2,12508
3822,2,12576
3823,2,11860
3824,2,12219
3825,2,12949
3826,2,10538
3827,2,12144
3828,2,12543
3829,2,12194
3830,2,10997
3831,2,12797
3832,2,11519
3833,2,10649
3834,2,12639
3835,2,11741
3836,2,11530
3837,2,13451
3838,2,12213
3839,2,11813
3840,2,13202
3841,2,13178
3842,2,12105
3843,2,13359
3844,2,12068
3845,2,10775
3846,2,11609
3847,2,12935
3848,2,12753
3849,2,11911
3850,2,12388
3851,2,13385
3852,2,11986
3853,2,12481
3854,2,11470
3855,2,11201
3856,2,11992
3857,2,11693
3858,2,13408
3859,2,13380
3860,2,10541
3861,2,12062
3862,2,11936
3863,2,10723
3864,2,12844
3865,2,11924
3866,2,11707
3867,2,10822
3868,2,11952
3869,2,11360
3870,2,12350
3871,2,10678
3872,2,12522
3873,2,11676
3874,2,13367
3875,2,11031
3876,2,11672
3877,2,10531
3878,2,11719
3879,2,11243
3880,2,12708
3881,2,12144
3882,2,12662
3883,2,13341
3884,2,11183
3885,2,11155
3886,2,12520
3887,2,12202
3888,2,11307
3889,2,13386
3890,2,12089
3891,2,10966
3892,2,12741
3893,2,10733
3894,2,12479
3895,2,13089
3896,2,12180
3897,2,12550
3898,2,12631
3899,2,12806
3900,2,12923
3901,2,12132
3902,2,12944
3903,2,11805
3904,2,11405
3905,2,11187
3906,2,13308
3907,2,12003
3908,2,12952
3909,2,13222
3910,2,10739
3911,2,10653
3912,2,11072
3913,2,13355
3914,2,10675
3915,2,10749
3916,2,11779
3917,2,12742
3918,2,13157
3919,2,12620
3920,2,12860
3921,2,11980
3922,2,10524
3923,2,12422
3924,2,11607
3925,2,11925
3926,2,13457
3927,2,11183
3928,2,13330
3929,2,13175
3930,2,11087
3931,2,11111
3932,2,12179
3933,2,12062
3934,2,12895
3935,2,13053
3936,2,12764
3937,2,11313
3938,2,10656
3939,2,10995
3940,2,12181
3941,2,12007
3942,2,12102
3943,2,12800
3944,2,10611
3945,2,11982
3946,2,11694
3947,2,11418
3948,2,12149
3949,2,10834
3950,2,11853
3951,2,12948
3952,2,11372
3953,2,11361
3954,2,10874
3955,2,12809
3956,2,13383
3957,2,12300
3958,2,12710
3959,2,13345
3960,2,12416
3961,2,12422
3962,2,11113
3963,2,10933
3964,2,12735
3965,2,11729
3966,2,12316
3967,2,12247
3968,2,13452
3969,2,12952
3970,2,10723
3971,2,13194
3972,2,11445
3973,2,12294
3974,2,13213
3975,2,12527
3976,2,12737
3977,2,10931
3978,2,10950
3979,2,13219
3980,2,12786
3981,2,11636
3982,2,12600
3983,2,13471
3984,2,12741
3985,2,12135
3986,2,11854
3987,2,12299
3988,2,12757
3989,2,12748
3990,2,11806
3991,2,10538
3992,2,10532
3993,2,11651
3994,2,11835
3995,2,12664
3996,2,12385
3997,2,12084
3998,2,11364
3999,2,12901
4000,2,12715
4001,2,12692
4002,2,11820
4003,2,10805
4004,2,13038
4005,2,12491
4006,2,10931
4007,2,12340
4008,2,13053
4009,2,11102
4010,2,11525
4011,2,10694
4012,2,11583
4013,2,11734
4014,2,11363
4015,2,12790
4016,2,13376
4017,2,12751
4018,2,13419
4019,2,11282
4020,2,11063
4021,2,11773
4022,2,12826
4023,2,12352
4024,2,11429
4025,2,12024
4026,2,10871
4027,2,11274
4028,2,11086
4029,2,11498
4030,2,11641
4031,2,11567
4032,2,12023
4033,2,11001
4034,2,12752
4035,2,13163
4036,2,11286
4037,2,11307
4038,2,12222
4039,2,13498
4040,2,12371
4041,2,11847
4042,2,13021
4043,2,11332
4044,2,11574
4045,2,13357
4046,2,12806
4047,2,10782
4048,2,10870
4049,2,12902
4050,2,12246
4051,2,12832
4052,2,11540
4053,2,12337
4054,2,11001
4055,2,13224
4056,2,13173
4057,2,10608
4058,2,11808
4059,2,13073
4060,2,11033
4061,2,11586
4062,2,12060
4063,2,11111
4064,2,11091
4065,2,12292
4066,2,11454
4067,2,10566
4068,2,12652
4069,2,13312
4070,2,10687
4071,2,13217
4072,2,13129
4073,2,11193
4074,2,13491
4075,2,12701
4076,2,11380
4077,2,11472
4078,2,12024
4079,2,12021
4080,2,11122
4081,2,12099
4082,2,13475
4083,2,12643
4084,2,13055
4085,2,12222
4086,2,13416
4087,2,13190
4088,2,10612
4089,2,11534
4090,2,12433
4091,2,11948
4092,2,12776
4093,2,12513
4094,2,11229
4095,2,12640
4096,2,10903
4097,2,12548
4098,2,12994
4099,2,12396
4100,2,13273
4101,2,11965
4102,2,11862
4103,2,11279
4104,2,11578
4105,2,13207
4106,2,11244
4107,2,11855
4108,2,10895
4109,2,12368
4110,2,11655
4111,2,11495
4112,2,11786
4113,2,12150
4114,2,11102
4115,2,11093
4116,2,13445
4117,2,10838
4118,2,12454
4119,2,13176
4120,2,13436
4121,2,11795
4122,2,11692
4123,2,12747
4124,2,12111
4125,2,11911
4126,2,12522
4127,2,10682
4128,2,11917
4129,2,10644
4130,2,10658
4131,2,10659
4132,2,11995
4133,2,12756
4134,2,11208
4135,2,11365
4136,2,13333
4137,2,11860
4138,2,10960
4139,2,11560
4140,2,12431
4141,2,12344
4142,2,11130
4143,2,11779
4144,2,10564
4145,2,12523
4146,2,13342
4147,2,12478
4148,2,10967
4149,2,12289
4150,2,11577
4151,2,11841
4152,2,13144
4153,2,13302
4154,2,11521
4155,2,12121
4156,2,12923
4157,2,12779
4158,2,12245
4159,2,13293
4160,2,12229
4161,2,10895
4162,2,12697
4163,2,11090
4164,2,10804
4165,2,11019
4166,2,12345
4167,2,12886
4168,2,11313
4169,2,10638
4170,2,11729
4171,2,10559
4172,2,10524
4173,2,11712
4174,2,11165
4175,2,11413
4176,2,12084
4177,2,12092
4178,2,13113
4179,2,12519
4180,2,10897
4181,2,12213
4182,2,12400
4183,2,10983
4184,2,11112
4185,2,13350
4186,2,12184
4187,2,11582
4188,2,10850
4189,2,13253
4190,2,13136
4191,2,10687
4192,2,11510
4193,2,11163
4194,2,11916
4195,2,12626
4196,2,11448
4197,2,12932
4198,2,12185
4199,2,11744
4200,2,12520
4201,2,11711
4202,2,12614
4203,2,10671
4204,2,12085
4205,2,12984
4206,2,11101
4207,2,13433
4208,2,10807
4209,2,12885
4210,2,13233
4211,2,11810
4212,2,11075
4213,2,12871
4214,2,11150
4215,2,10818
4216,2,11841
4217,2,13406
4218,2,11477
4219,2,13384
4220,2,13422
4221,2,10602
4222,2,12747
4223,2,12732
4224,2,12287
4225,2,12217
4226,2,12338
4227,2,12265
4228,2,13499
4229,2,10566
4230,2,10996
4231,2,11733
4232,2,12536
4233,2,12804
4234,2,11977
4235,2,12959
4236,2,12254
4237,2,11397
4238,2,12184
4239,2,11561
4240,2,10608
4241,2,10773
4242,2,10991
4243,2,10821
4244,2,12931
4245,2,12557
4246,2,12159
4247,2,11063
4248,2,11217
4249,2,13212
4250,2,12584
4251,2,11893
4252,2,13260
4253,2,13012
4254,2,12050
4255,2,11210
4256,2,13473
4257,2,11254
4258,2,12286
4259,2,13452
4260,2,12548
4261,2,13254
4262,2,12579
4263,2,11881
4264,2,12779
4265,2,11165
4266,2,13343
4267,2,13041
4268,2,13273
4269,2,12555
4270,2,13180
4271,2,12141
4272,2,12816
4273,2,12805
4274,2,13022
4275,2,11633
4276,2,11443
4277,2,11362
4278,2,12880
4279,2,12841
4280,2,12073
4281,2,11610
4282,2,11757
4283,2,12054
4284,2,12489
4285,2,12544
4286,2,12071
4287,2,12095
4288,2,11500
4289,2,13316
4290,2,11540
4291,2,12302
4292,2,12070
4293,2,11643
4294,2,11297
4295,2,13266
4296,2,10768
4297,2,11311
4298,2,12234
4299,2,10718
4300,2,10605
4301,2,11575
4302,2,13014
4303,2,12848
4304,2,11670
4305,2,11639
4306,2,11789
4307,2,11636
4308,2,11767
4309,2,12178
4310,2,10895
4311,2,11724
4312,2,12953
4313,2,13413
4314,2,13406
4315,2,12220
4316,2,10783
4317,2,10765
4318,2,10704
4319,2,11902
4320,2,10668
4321,2,10600
4322,2,10744
4323,2,10728
4324,2,11061
4325,2,13269
4326,2,10879
4327,2,12454
4328,2,12312
4329,2,11797
4330,2,11494
4331,2,13086
4332,2,13422
4333,2,13386
4334,2,11427
4335,2,12136
4336,2,11476
4337,2,13254
4338,2,12004
4339,2,12074
4340,2,10511
4341,2,13304
4342,2,11494
4343,2,13318
4344,2,12020
4345,2,12131
4346,2,12945
4347,2,11328
4348,2,13132
4349,2,11252
4350,2,12871
4351,2,13261
4352,2,13178
4353,2,13001
4354,2,12828
4355,2,10742
4356,2,10795
4357,2,12246
4358,2,11832
4359,2,11049
4360,2,11660
4361,2,12774
4362,2,10705
4363,2,12676
4364,2,13404
4365,2,13200
4366,2,13180
4367,2,13321
4368,2,13406
4369,2,12316
4370,2,12853
4371,2,12796
4372,2,13089
4373,2,11969
4374,2,12873
4375,2,12656
4376,2,13041
4377,2,13492
4378,2,12809
4379,2,10809
4380,2,13476
4381,2,11186
4382,2,12446
4383,2,12029
4384,2,10723
4385,2,13152
4386,2,11163
4387,2,10582
4388,2,13214
4389,2,11097
4390,2,12559
4391,2,12690
4392,2,11159
4393,2,11658
4394,2,12384
4395,2,11239
4396,2,11482
4397,2,10809
4398,2,13020
4399,2,11877
4400,2,12898
4401,2,12741
4402,2,12502
4403,2,12386
4404,2,11199
4405,2,10696
4406,2,11342
4407,2,13447
4408,2,11660
4409,2,12062
4410,2,12934
4411,2,11944
4412,2,11393
4413,2,11694
4414,2,12600
4415,2,10922
4416,2,12231
4417,2,11028
4418,2,11009
4419,2,11963
4420,2,13194
4421,2,12563
4422,2,13427
4423,2,11026
4424,2,11733
4425,2,11865
4426,2,12535
4427,2,10714
4428,2,10732
4429,2,11576
4430,2,11908
4431,2,11564
4432,2,12644
4433,2,12989
4434,2,11756
4435,2,12311
4436,2,13273
4437,2,10786
4438,2,11264
4439,2,13275
4440,2,13194
4441,2,11388
4442,2,12606
4443,2,10521
4444,2,11593
4445,2,11004
4446,2,11737
4447,2,10807
4448,2,12629
4449,2,13111
4450,2,11184
4451,2,10797
4452,2,12362
4453,2,10769
4454,2,12485
4455,2,12251
4456,2,13086
4457,2,11527
4458,2,11878
4459,2,12481
4460,2,13386
4461,2,10934
4462,2,11423
4463,2,12089
4464,2,10618
4465,2,12577
4466,2,11615
4467,2,12829
4468,2,10764
4469,2,11437
4470,2,10954
4471,2,11631
4472,2,11084
4473,2,12539
4474,2,13110
4475,2,11849
4476,2,12150
4477,2,12341
4478,2,11648
4479,2,10667
4480,2,11783
4481,2,13095
4482,2,12605
4483,2,11738
4484,2,13474
4485,2,11682
4486,2,12974
4487,2,13340
4488,2,11556
4489,2,11943
4490,2,12575
4491,2,11321
4492,2,12152
4493,2,11093
4494,2,12577
4495,2,11733
4496,2,12912
4497,2,12101
4498,2,11461
4499,2,12140
4500,2,10881
4501,2,12005
4502,2,11544
4503,2,10881
4504,2,11376
4505,2,12276
4506,2,12035
4507,2,11041
4508,2,11320
4509,2,11535
4510,2,13260
4511,2,12418
4512,2,10638
4513,2,12249
4514,2,11721
4515,2,10921
4516,2,13345
4517,2,12234
4518,2,10720
4519,2,13130
4520,2,11194
4521,2,11418
4522,2,11708
4523,2,13230
4524,2,10586
4525,2,11956
4526,2,10983
4527,2,12697
4528,2,12171
4529,2,11996
4530,2,11572
4531,2,12707
4532,2,12543
4533,2,13239
4534,2,12494
4535,2,11065
4536,2,12387
4537,2,12300
4538,2,12293
4539,2,12313
4540,2,11988
4541,2,10893
4542,2,11739
4543,2,11377
4544,2,12507
4545,2,12724
4546,2,12219
4547,2,11738
4548,2,11911
4549,2,12578
4550,2,11514
4551,2,11720
4552,2,11644
4553,2,11122
4554,2,11377
4555,2,11156
4556,2,11123
4557,2,11761
4558,2,13067
4559,2,11304
4560,2,11801
4561,2,11770
4562,2,11996
4563,2,11492
4564,2,11639
4565,2,11412
4566,2,12100
4567,2,13167
4568,2,10911
4569,2,10615
4570,2,13485
4571,2,12075
4572,2,12053
4573,2,10852
4574,2,10873
4575,2,11687
4576,2,13246
4577,2,13040
4578,2,12451
4579,2,12868
4580,2,11224
4581,2,12071
4582,2,10669
4583,2,12947
4584,2,13213
4585,2,12438
4586,2,11796
4587,2,11485
4588,2,10774
4589,2,11107
4590,2,12776
4591,2,13374
4592,2,11139
4593,2,11152
4594,2,11814
4595,2,12234
4596,2,12040
4597,2,11602
4598,2,13255
4599,2,11894
4600,2,12356
4601,2,11059
4602,2,10889
4603,2,11137
4604,2,12278
4605,2,10592
4606,2,12844
4607,2,10759
4608,2,11360
4609,2,13484
4610,2,10890
4611,2,12814
4612,2,10610
4613,2,13375
4614,2,11579
4615,2,13366
4616,2,12029
4617,2,12453
4618,2,12704
4619,2,11890
4620,2,11859
4621,2,12262
4622,2,10855
4623,2,11494
4624,2,10977
4625,2,12196
4626,2,12852
4627,2,12613
4628,2,12651
4629,2,12807
4630,2,11139
4631,2,11481
4632,2,12941
4633,2,11712
4634,2,11019
4635,2,12594
4636,2,12986
4637,2,12184
4638,2,11401
4639,2,12945
4640,2,13458
4641,2,13115
4642,2,12138
4643,2,12390
4644,2,11107
4645,2,11779
4646,2,12180
4647,2,11681
4648,2,12152
4649,2,10941
4650,2,10965
4651,2,12235
4652,2,12964
4653,2,10665
4654,2,10642
4655,2,11610
4656,2,11202
4657,2,11839
4658,2,11710
4659,2,12414
4660,2,11076
4661,2,12556
4662,2,12371
4663,2,12331
4664,2,11243
4665,2,10600
4666,2,13490
4667,2,12411
4668,2,13090
4669,2,11743
4670,2,11831
4671,2,13424
4672,2,11371
4673,2,12211
4674,2,12668
4675,2,10690
4676,2,11862
4677,2,12590
4678,2,11591
4679,2,12554
4680,2,12044
4681,2,11662
4682,2,11786
4683,2,13257
4684,2,11363
4685,2,11018
4686,2,10833
4687,2,10785
4688,2,13224
4689,2,12181
4690,2,10784
4691,2,10936
4692,2,10685
4693,2,12850
4694,2,11118
4695,2,10648
4696,2,13227
4697,2,12833
4698,2,11826
4699,2,12312
4700,2,11980
4701,301,23397
4702,384,24079
4703,58,21601
4704,110,30911
4705,464,16095
4706,90,30759
4707,228,18270
4708,33,14022
4709,72,23064
4710,439,24711
4711,175,15145
4712,109,29054
4713,229,17552
4714,427,25492
4715,382,27026
4716,328,32811
4717,470,20157
4718,310,31368
4719,285,21096
4720,348,12309
4721,323,16867
4722,104,25109
4723,38,18105
4724,427,14848
4725,477,15766
4726,226,15589
4727,483,18016
4728,485,21967
4729,190,30358
4730,261,20693
4731,439,18092
4732,198,16207
4733,476,29942
4734,34,16745
4735,385,26942
4736,112,20380
4737,382,26334
4738,134,30146
4739,132,23587
4740,164,28829
4741,114,27974
4742,437,25622
4743,355,21403
4744,138,14217
4745,413,18760
4746,146,14317
4747,303,24475
4748,402,19217
4749,39,25824
4750,420,23822
4751,326,32569
4752,407,24248
4753,339,13029
4754,358,28399
4755,428,20081
4756,428,21284
4757,130,34223
4758,74,29622
4759,116,26886
4760,83,34919
4761,225,27802
4762,423,14906
4763,376,24682
4764,84,31125
4765,278,33932
4766,298,18745
4767,226,24653
4768,345,11592
4769,226,24544
4770,440,28484
4771,110,22760
4772,312,19227
4773,23,32773
4774,59,14932
4775,140,12571
4776,124,32198
4777,60,33197
4778,250,14153
4779,233,31341
4780,363,21676
4781,169,27238
4782,471,15318
4783,267,18096
4784,355,34000
4785,350,12277
4786,157,26575
4787,384,30300
4788,164,34243
4789,21,34918
4790,346,12527
4791,469,19209
4792,65,18587
4793,171,34363
4794,26,28118
4795,208,15539
4796,500,26665
4797,305,16244
4798,223,29510
4799,289,19380
4800,318,19431
4801,363,21447
4802,466,21004
4803,480,30854
4804,360,21775
4805,225,33640
4806,375,20665
4807,106,32209
4808,138,14545
4809,284,17795
4810,284,18210
4811,411,17324
4812,106,24602
4813,170,26204
4814,486,30517
4815,352,18630
4816,267,14023
4817,402,33141
4818,320,33881
4819,408,32052
4820,146,14513
4821,134,20031
4822,46,34416
4823,226,26348
4824,86,28840
4825,234,20628
4826,418,29484
4827,209,17836
4828,370,27092
4829,182,26316
4830,97,22932
4831,150,11170
4832,75,23131
4833,130,15000
4834,443,16993
4835,99,14287
4836,213,20484
4837,371,30787
4838,458,32449
4839,193,29700
4840,86,29812
4841,398,32357
4842,352,16971
4843,208,24131
4844,330,19149
4845,450,20443
4846,247,27140
4847,250,19246
4848,409,33795
4849,175,28651
4850,181,30600
4851,393,27517
4852,171,22996
4853,211,14371
4854,201,18988
4855,138,12192
4856,104,22655
4857,383,32743
4858,385,18359
4859,269,20310
4860,57,21168
4861,226,19214
4862,364,22934
4863,227,31480
4864,86,25487
4865,231,18179
4866,462,34863
4867,62,25558
4868,182,17271
4869,435,23048
4870,18,32989
4871,348,12277
4872,466,20860
4873,16,14040
4874,418,28842
4875,291,27355
4876,428,22549
4877,264,25531
4878,372,30439
4879,309,32440
4880,213,16171
4881,79,21910
4882,44,31964
4883,352,22773
4884,255,23385
4885,87,19485
4886,262,26618
4887,185,32565
4888,49,25052
4889,7,8823
4890,20,26345
4891,324,28971
4892,196,28788
4893,35,33321
4894,436,14443
4895,249,19316
4896,422,26533
4897,117,16711
4898,23,15168
4899,421,30027
4900,209,26893
4901,455,24205
4902,348,12840
4903,363,19682
4904,287,19293
4905,446,19654
4906,224,18405
4907,247,15306
4908,468,31615
4909,147,13423
4910,94,32170
4911,450,27970
4912,150,14150
4913,162,28133
4914,472,21776
4915,384,26852
4916,161,31536
4917,480,15135
4918,49,33628
4919,488,34453
4920,437,22442
4921,76,16416
4922,358,15919
4923,88,18432
4924,431,32256
4925,193,24149
4926,107,15166
4927,392,33325
4928,422,21597
4929,424,30855
4930,225,18665
4931,383,22800
4932,105,25555
4933,432,28267
4934,380,34284
4935,207,17518
4936,350,12713
4937,131,14896
4938,454,30688
4939,326,27705
4940,270,28093
4941,394,14037
4942,301,22832
4943,185,17041
4944,210,30139
4945,261,28860
4946,79,16482
4947,415,22179
4948,463,18448
4949,156,21319
4950,369,15026
4951,461,22970
4952,213,15732
4953,466,17189
4954,207,26744
4955,431,16989
4956,348,12463
4957,241,32675
4958,64,26601
4959,137,11297
4960,107,16998
4961,441,29425
4962,15,31593
4963,423,30329
4964,136,13458
4965,309,26096
4966,138,12517
4967,42,15002
4968,124,18068
4969,165,17357
4970,86,22106
4971,147,11211
4972,46,17460
4973,488,32900
4974,18,19701
4975,331,14646
4976,388,28075
4977,338,13445
4978,222,19891
4979,4,9058
4980,77,32808
4981,436,22364
4982,144,11920
4983,428,22320
4984,495,20049
4985,142,14950
4986,154,21870
4987,491,21850
4988,395,18434
4989,33,30124
4990,429,14990
4991,470,30744
4992,264,19616
4993,299,27575
4994,405,29564
4995,480,28037
4996,201,29494
4997,102,22497
4998,469,14375
4999,449,23057
5000,197,22690
5001,123,28377
5002,304,34150
5003,474,34630
5004,204,30814
5005,236,30507
5006,239,30442
5007,119,17228
5008,374,22069
5009,75,14904
5010,345,14853
5011,354,27003
5012,431,27140
5013,359,16955
5014,390,25284
5015,491,32594
5016,395,14709
5017,475,32686
5018,333,30213
5019,259,31332
5020,81,22378
5021,29,25078
5022,302,15110
5023,223,29869
5024,414,20158
5025,53,14027
5026,134,32805
5027,197,25853
5028,57,14988
5029,199,28116
5030,225,33822
5031,90,19809
5032,21,29043
5033,213,18630
5034,419,33024
5035,202,18969
5036,449,21123
5037,66,27752
5038,486,20659
5039,419,30868
5040,310,16763
5041,259,33988
5042,415,16131
5043,231,14117
5044,338,14838
5045,6,6981
5046,276,25114
5047,236,22032
5048,267,22242
5049,328,28312
5050,442,19423
5051,423,27958
5052,154,22738
5053,256,25544
5054,370,32795
5055,287,30534
5056,413,15800
5057,407,20982
5058,383,19507
5059,336,11088
5060,380,24393
5061,282,22960
5062,73,28973
5063,27,20976
5064,211,34955
5065,314,23071
5066,247,20360
5067,229,16064
5068,7,6769
5069,475,22696
5070,451,26270
5071,155,14781
5072,29,26834
5073,232,28995
5074,340,11678
5075,495,20667
5076,114,22309
5077,228,19424
5078,290,23603
5079,497,15008
5080,461,27138
5081,161,18618
5082,478,18664
5083,434,32751
5084,259,25090
5085,457,30642
5086,172,26662
5087,144,14719
5088,483,24359
5089,6,9042
5090,294,33615
5091,355,19628
5092,277,24670
5093,393,14973
5094,289,26250
5095,335,20782
5096,441,16468
5097,146,14094
5098,297,31249
5099,24,15207
5100,393,34632
5101,424,16097
5102,494,23394
5103,371,21865
5104,25,18463
5105,55,32320
5106,465,17280
5107,114,28405
5108,17,19528
5109,316,28975
5110,403,21482
5111,135,16048
5112,323,25137
5113,33,14747
5114,43,20990
5115,216,17734
5116,196,32252
5117,222,24348
5118,241,26749
5119,418,30790
5120,289,30254
5121,130,29512
5122,82,32929
5123,109,34439
5124,269,25673
5125,447,28813
5126,224,31441
5127,57,33460
5128,140,14950
5129,302,15247
5130,441,18805
5131,196,17526
5132,281,20161
5133,195,22210
5134,362,22641
5135,195,32136
5136,327,19512
5137,23,16135
5138,489,26070
5139,348,13637
5140,417,21031
5141,35,16979
5142,86,34318
5143,24,17215
5144,141,11954
5145,451,14821
5146,193,23468
5147,485,15294
5148,453,16174
5149,166,31223
5150,81,21229
5151,235,17157
5152,220,27098
5153,32,21936
5154,64,26678
5155,178,20836
5156,305,33056
5157,209,26129
5158,301,20520
5159,324,21124
5160,131,21219
5161,159,16581
5162,265,14609
5163,100,30049
5164,188,30301
5165,477,24886
5166,116,23750
5167,249,24992
5168,10,13620
5169,325,18122
5170,460,29668
5171,462,27166
5172,408,23863
5173,236,18278
5174,203,21632
5175,134,23169
5176,403,34027
5177,343,13857
5178,497,17869
5179,361,23424
5180,288,18493
5181,21,19088
5182,13,32535
5183,317,21474
5184,460,24290
5185,234,18919
5186,283,14575
5187,306,18954
5188,433,34010
5189,257,19562
5190,304,24950
5191,123,16207
5192,223,15408
5193,389,18945
5194,476,16990
5195,490,28193
5196,27,27151
5197,409,26640
5198,425,18439
5199,321,33863
5200,239,18531
5201,351,22624
5202,494,32343
5203,318,33739
5204,387,16473
5205,489,25166
5206,62,34168
5207,278,24097
5208,370,26518
5209,159,17488
5210,291,23720
5211,323,26406
5212,405,27416
5213,110,25904
5214,175,23453
5215,48,30231
5216,298,23096
5217,489,18158
5218,76,33260
5219,179,25828
5220,307,34925
5221,377,22939
5222,180,32883
5223,409,19464
5224,22,16814
5225,431,18196
5226,403,27892
5227,483,17143
5228,468,15650
5229,480,32186
5230,358,24178
5231,341,11444
5232,117,29166
5233,64,19729
5234,147,11292
5235,226,23614
5236,275,26840
5237,343,13056
5238,62,29143
5239,257,24115
5240,377,14145
5241,198,20731
5242,361,26754
5243,425,34983
5244,486,29099
5245,68,27762
5246,53,22647
5247,219,34639
5248,302,19210
5249,55,15606
5250,216,24972
5251,229,30362
5252,180,32826
5253,397,24390
5254,366,19372
5255,246,26513
5256,82,28923
5257,163,26453
5258,31,34736
5259,431,24474
5260,110,14685
5261,250,27988
5262,283,16805
5263,225,24771
5264,281,21636
5265,486,22765
5266,274,25583
5267,405,27968
5268,360,19364
5269,115,32268
5270,330,19354
5271,500,27128
5272,158,20028
5273,236,21855
5274,81,32751
5275,193,33712
5276,417,15549
5277,323,26159
5278,375,29552
5279,149,12276
5280,63,33211
5281,124,30954
5282,492,22975
5283,223,24243
5284,407,16875
5285,330,34072
5286,92,34496
5287,74,23080
5288,456,30355
5289,441,33957
5290,15,22985
5291,467,33848
5292,180,17520
5293,355,18031
5294,417,31269
5295,461,26843
5296,474,30083
5297,192,24954
5298,95,25290
5299,201,27617
5300,257,30825
5301,301,23892
5302,438,30485
5303,157,29786
5304,20,30253
5305,452,28571
5306,355,27662
5307,269,31495
5308,390,24023
5309,134,17614
5310,74,26386
5311,38,32168
5312,312,34481
5313,370,28968
5314,212,26401
5315,351,24531
5316,398,34289
5317,381,32204
5318,365,34866
5319,135,19246
5320,211,27799
5321,122,26541
5322,402,24733
5323,264,23781
5324,466,14469
5325,215,26732
5326,125,28765
5327,422,18018
5328,342,12186
5329,79,27060
5330,362,27806
5331,66,15284
5332,346,13228
5333,149,11933
5334,338,12191
5335,99,24863
5336,361,22583
5337,88,21655
5338,198,21023
5339,97,18561
5340,394,32104
5341,326,32999
5342,439,30995
5343,222,31320
5344,73,25168
5345,146,11295
5346,472,15912
5347,187,28721
5348,395,25591
5349,129,26348
5350,368,31173
5351,403,21552
5352,254,16522
5353,341,11983
5354,401,19188
5355,164,18889
5356,222,21495
5357,177,25026
5358,350,13351
5359,480,34509
5360,403,24506
5361,152,20733
5362,287,19692
5363,459,30047
5364,322,17270
5365,293,20394
5366,82,27814
5367,414,19762
5368,204,28372
5369,90,19226
5370,301,14839
5371,271,23875
5372,384,25532
5373,292,34122
5374,130,15181
5375,423,16879
5376,449,17232
5377,369,14810
5378,104,32835
5379,485,17597
5380,139,14997
5381,220,23203
5382,190,27384
5383,419,23260
5384,88,24931
5385,452,27617
5386,397,23734
5387,243,26130
5388,443,32929
5389,87,17278
5390,132,32981
5391,10,13325
5392,47,24940
5393,255,31219
5394,61,19168
5395,253,29539
5396,216,33398
5397,68,28841
5398,19,23072
5399,31,28775
5400,288,24450
5401,41,27458
5402,51,14567
5403,396,32527
5404,260,20770
5405,348,12197
5406,98,18141
5407,118,25062
5408,162,24940
5409,137,11075
5410,334,31092
5411,68,34613
5412,100,15336
5413,223,23635
5414,285,31396
5415,280,28662
5416,155,33618
5417,397,31755
5418,119,20163
5419,392,27502
5420,348,13240
5421,8,7609
5422,240,17135
5423,257,16959
5424,150,13562
5425,408,18840
5426,308,15578
5427,24,31685
5428,311,26761
5429,179,24437
5430,4,7817
5431,90,23510
5432,243,16119
5433,363,32031
5434,431,26389
5435,156,21066
5436,404,26860
5437,109,24981
5438,239,25775
5439,358,33673
5440,233,24660
5441,79,17921
5442,266,23443
5443,315,24670
5444,72,27556
5445,479,32442
5446,195,32937
5447,442,29084
5448,345,12247
5449,330,33725
5450,76,26677
5451,398,14490
5452,278,33900
5453,7,7659
5454,304,24415
5455,234,26562
5456,340,14551
5457,98,28189
5458,473,15123
5459,478,34580
5460,27,31663
5461,97,24464
5462,208,18218
5463,200,23082
5464,5,22417
5465,109,14478
5466,472,24394
5467,159,33030
5468,152,17906
5469,192,24228
5470,268,19108
5471,398,18717
5472,487,18160
5473,238,26358
5474,78,34136
5475,18,33354
5476,127,31305
5477,372,32845
5478,103,20035
5479,117,31348
5480,491,16858
5481,355,18305
5482,311,18533
5483,364,16038
5484,120,17097
5485,29,30084
5486,297,23129
5487,292,17156
5488,484,26638
5489,87,30639
5490,111,28996
5491,296,16146
5492,486,20440
5493,330,19052
5494,301,17749
5495,266,19809
5496,49,16868
5497,135,31173
5498,109,18149
5499,486,26572
5500,82,24137
5501,244,17274
5502,337,13869
5503,217,21221
5504,218,32649
5505,425,33120
5506,108,17341
5507,171,18661
5508,407,29611
5509,292,19208
5510,324,27490
5511,36,33779
5512,414,31138
5513,274,25160
5514,136,13505
5515,266,21728
5516,498,18728
5517,109,29265
5518,402,18891
5519,302,24896
5520,125,32382
5521,262,30065
5522,448,17474
5523,57,25506
5524,40,27109
5525,98,31133
5526,137,12109
5527,161,25784
5528,320,21143
5529,307,27020
5530,76,25262
5531,40,19862
5532,250,34394
5533,59,25597
5534,52,31720
5535,110,30636
5536,224,26578
5537,184,26203
5538,402,26200
5539,309,33262
5540,219,14868
5541,442,15897
5542,205,29209
5543,235,15942
5544,318,23069
5545,266,20922
5546,291,21553
5547,460,31412
5548,213,22958
5549,460,22698
5550,243,21980
5551,65,29098
5552,356,26184
5553,455,17852
5554,98,18039
5555,179,26011
5556,498,33084
5557,231,30036
5558,475,25235
5559,407,18505
5560,82,32057
5561,14,22480
5562,275,32946
5563,389,34657
5564,422,34865
5565,90,31898
5566,325,21825
5567,446,28959
5568,237,24090
5569,167,28232
5570,158,26493
5571,124,14024
5572,375,18949
5573,119,22919
5574,336,14124
5575,266,22991
5576,335,16971
5577,54,20919
5578,368,30729
5579,310,25075
5580,28,15144
5581,367,33606
5582,286,32974
5583,440,32746
5584,132,20208
5585,300,34342
5586,29,22081
5587,25,19437
5588,159,34522
5589,305,19429
5590,370,30355
5591,443,19523
5592,256,20391
5593,90,20135
5594,273,16633
5595,393,26395
5596,330,26528
5597,279,24225
5598,106,23599
5599,236,31566
5600,400,19582
5601,117,18431
5602,334,32343
5603,209,30348
5604,500,20952
5605,412,22320
5606,475,31301
5607,311,20455
5608,419,34846
5609,59,19607
5610,95,27716
5611,100,29357
5612,489,26838
5613,45,23832
5614,204,22321
5615,405,33364
5616,53,21046
5617,178,21600
5618,59,28997
5619,334,14051
5620,486,29357
5621,70,33748
5622,273,15081
5623,211,30819
5624,267,34766
5625,39,20332
5626,67,18495
5627,482,23725
5628,177,24362
5629,168,30022
5630,222,19263
5631,339,14154
5632,483,24899
5633,226,33147
5634,405,17196
5635,416,28708
5636,27,30344
5637,11,31094
5638,132,21883
5639,340,14561
5640,447,14204
5641,296,18228
5642,302,22125
5643,174,28088
5644,193,18851
5645,388,22005
5646,215,21131
5647,196,17646
5648,345,11375
5649,470,33248
5650,17,22342
5651,162,20620
5652,236,26520
5653,401,25295
5654,383,18688
5655,427,14861
5656,120,18440
5657,330,16775
5658,361,20737
5659,121,14010
5660,221,17519
5661,302,26489
5662,127,24958
5663,147,14849
5664,380,33982
5665,81,28116
5666,409,14057
5667,207,34774
5668,51,18485
5669,202,22907
5670,173,21797
5671,197,19266
5672,414,18671
5673,48,14277
5674,397,18652
5675,21,24578
5676,414,18233
5677,16,34072
5678,170,24027
5679,48,17161
5680,103,18233
5681,10,12500
5682,89,14033
5683,435,24799
5684,493,23001
5685,400,30109
5686,293,23499
5687,500,27589
5688,117,20572
5689,412,20956
5690,184,26165
5691,109,34865
5692,463,29760
5693,355,22255
5694,94,16413
5695,303,31401
5696,406,25410
5697,169,18277
5698,500,14244
5699,308,25706
5700,486,24166
5701,210,33736
5702,457,33103
5703,61,16759
5704,488,34908
5705,50,32821
5706,332,17275
5707,325,29148
5708,122,29019
5709,24,34799
5710,88,31601
5711,298,24391
5712,360,24309
5713,161,24060
5714,318,22880
5715,204,15656
5716,346,13855
5717,450,28804
5718,144,14149
5719,213,15370
5720,140,14951
5721,442,14665
5722,24,34490
5723,28,34319
5724,199,15713
5725,195,19889
5726,227,33005
5727,256,31386
5728,373,28388
5729,201,33720
5730,444,15233
5731,379,34188
5732,163,14597
5733,109,15567
5734,123,23369
5735,275,24249
5736,309,16240
5737,67,25231
5738,305,25392
5739,346,11365
5740,56,17431
5741,89,33110
5742,216,21904
5743,321,14509
5744,421,31539
5745,398,27561
5746,366,28096
5747,353,20579
5748,200,18732
5749,460,27662
5750,435,34010
5751,474,29749
5752,9,8813
5753,218,31080
5754,170,21227
5755,252,29203
5756,315,33240
5757,193,27047
5758,128,33805
5759,291,14135
5760,54,26691
5761,452,26932
5762,496,21541
5763,174,27708
5764,56,27762
5765,366,33434
5766,183,27103
5767,362,18097
5768,114,27715
5769,122,20169
5770,149,11472
5771,258,29506
5772,299,21665
5773,228,24282
5774,429,18097
5775,23,18052
5776,196,25852
5777,173,32859
5778,407,21601
5779,366,18019
5780,472,26210
5781,423,29568
5782,52,26849
5783,350,12902
5784,313,17570
5785,409,33764
5786,466,27130
5787,75,20305
5788,25,18814
5789,302,33986
5790,300,18500
5791,428,17198
5792,262,30964
5793,351,23098
5794,31,17798
5795,348,12383
5796,92,22331
5797,354,15182
5798,267,25873
5799,445,14169
5800,289,26593
5801,34,18350
5802,272,26210
5803,161,31589
5804,342,14272
5805,357,14510
5806,22,28038
5807,312,19036
5808,167,19463
5809,157,19885
5810,220,34310
5811,387,34829
5812,127,24770
5813,453,33730
5814,16,32953
5815,208,21281
5816,354,16962
5817,89,34489
5818,289,25937
5819,325,19040
5820,204,20462
5821,189,22938
5822,336,13850
5823,361,32830
5824,411,28124
5825,140,13063
5826,278,34642
5827,370,23417
5828,80,31545
5829,91,27650
5830,31,31974
5831,159,33863
5832,484,29704
5833,211,33614
5834,391,26561
5835,67,23101
5836,394,28674
5837,245,23293
5838,185,14073
5839,239,24644
5840,95,29247
5841,47,31140
5842,441,15785
5843,122,17535
5844,361,14544
5845,239,15351
5846,57,25106
5847,431,22830
5848,38,34009
5849,374,29229
5850,219,33739
5851,10,13044
5852,489,27368
5853,491,21346
5854,489,27404
5855,225,30561
5856,28,18988
5857,215,18718
5858,366,25589
5859,292,16738
5860,236,22640
5861,473,20607
5862,73,21267
5863,495,15977
5864,476,22194
5865,87,33748
5866,76,25101
5867,14,24412
5868,16,29356
5869,268,23662
5870,430,28929
5871,380,33377
5872,47,20092
5873,49,32976
5874,370,33941
5875,417,32053
5876,433,21320
5877,233,26051
5878,423,22259
5879,310,32340
5880,337,11417
5881,342,13405
5882,84,27512
5883,261,17916
5884,125,19268
5885,227,15939
5886,5,28073
5887,429,17410
5888,410,25558
5889,406,34314
5890,157,23745
5891,498,21170
5892,352,26987
5893,71,23738
5894,337,11522
5895,25,32612
5896,185,31733
5897,138,13970
5898,91,26680
5899,27,18635
5900,238,34261
5901,467,34628
5902,395,14224
5903,268,30292
5904,376,18202
5905,185,31913
5906,306,33780
5907,182,14155
5908,366,23005
5909,466,24324
5910,56,29519
5911,374,21655
5912,87,33969
5913,415,27047
5914,232,15071
5915,69,20388
5916,487,26855
5917,495,28874
5918,295,34997
5919,477,22962
5920,110,30500
5921,163,18736
5922,198,30421
5923,309,18904
5924,273,16165
5925,88,28479
5926,102,23501
5927,281,17006
5928,261,21945
5929,499,27388
5930,341,13927
5931,19,28820
5932,474,26885
5933,114,17442
5934,118,26978
5935,165,15712
5936,486,27874
5937,223,18514
5938,22,31894
5939,290,24547
5940,35,24387
5941,180,31310
5942,434,31124
5943,423,22564
5944,375,33914
5945,40,28167
5946,16,19766
5947,29,32351
5948,262,18661
5949,489,19045
5950,161,28135
5951,37,29748
5952,250,34142
5953,193,15835
5954,186,23959
5955,54,32655
5956,81,32837
5957,361,31381
5958,63,24646
5959,49,30516
5960,216,25659
5961,159,18428
5962,273,33563
5963,35,33037
5964,142,13490
5965,64,20718
5966,458,23749
5967,211,16601
5968,81,21265
5969,124,29976
5970,458,30406
5971,481,14866
5972,457,22760
5973,172,18779
5974,230,26462
5975,284,15407
5976,259,17021
5977,47,25633
5978,410,19803
5979,54,22581
5980,183,20366
5981,358,16631
5982,91,14746
5983,160,32287
5984,191,18299
5985,234,31881
5986,414,20639
5987,328,26495
5988,21,31597
5989,60,32348
5990,315,28729
5991,461,24313
5992,50,33564
5993,5,26369
5994,377,30962
5995,138,14231
5996,147,13032
5997,30,34588
5998,430,18751
5999,325,14722
6000,481,29674
6001,121,31297
6002,409,29077
6003,424,20555
6004,164,15075
6005,349,14573
6006,154,22002
6007,265,26371
6008,25,26363
6009,20,31445
6010,54,23670
6011,239,15983
6012,323,25115
6013,83,29202
6014,230,21954
6015,89,31966
6016,27,17978
6017,390,19527
6018,125,18882
6019,330,24449
6020,132,21834
6021,121,27372
6022,435,17989
6023,360,20188
6024,303,20050
6025,449,21879
6026,237,22584
6027,372,24817
6028,48,22909
6029,281,33564
6030,346,11187
6031,361,19674
6032,211,21559
6033,466,23302
6034,298,27975
6035,168,14809
6036,316,28061
6037,416,21762
6038,283,26068
6039,381,33108
6040,399,21724
6041,346,13144
6042,269,17403
6043,397,17912
6044,174,25352
6045,125,27228
6046,450,25773
6047,119,16812
6048,188,31304
6049,67,14672
6050,486,15438
6051,474,33156
6052,402,20387
6053,29,22281
6054,59,25338
6055,134,22961
6056,169,28410
6057,240,23359
6058,38,21159
6059,350,11767
6060,297,31142
6061,65,28552
6062,136,12763
6063,474,15487
6064,329,17315
6065,400,30238
6066,335,24080
6067,123,22695
6068,440,30573
6069,263,14455
6070,90,25817
6071,453,16956
6072,372,26213
6073,316,32971
6074,219,26361
6075,371,32936
6076,133,23584
6077,179,14196
6078,129,14115
6079,277,31947
6080,233,25356
6081,136,14996
6082,205,23574
6083,409,18988
6084,146,11729
6085,190,31589
6086,496,18215
6087,69,23763
6088,423,31009
6089,389,15092
6090,412,22294
6091,209,18551
6092,403,31576
6093,77,17255
6094,234,23193
6095,473,30459
6096,22,25270
6097,19,25888
6098,216,25330
6099,207,24631
6100,318,25758
6101,337,14610
6102,155,14093
6103,114,26011
6104,445,18432
6105,4,8757
6106,463,15586
6107,302,18587
6108,191,20710
6109,465,31493
6110,439,30375
6111,277,17759
6112,138,13136
6113,262,23705
6114,489,19189
6115,73,26139
6116,55,19256
6117,190,19433
6118,246,34927
6119,486,31950
6120,417,16606
6121,254,30042
6122,173,22133
6123,104,19146
6124,419,29913
6125,448,14834
6126,85,24088
6127,230,16093
6128,290,22724
6129,273,26308
6130,499,24121
6131,430,15029
6132,296,23123
6133,307,24380
6134,149,14341
6135,303,15239
6136,346,12299
6137,195,30725
6138,435,26534
6139,38,14016
6140,269,16167
6141,471,17592
6142,313,32036
6143,441,19864
6144,258,27256
6145,235,31566
6146,226,30242
6147,472,27798
6148,194,26182
6149,497,28273
6150,390,27874
6151,182,30416
6152,421,19441
6153,58,14765
6154,491,14878
6155,172,19535
6156,487,28655
6157,335,25347
6158,55,16817
6159,479,34037
6160,366,22229
6161,71,26467
6162,468,31164
6163,126,18122
6164,304,31177
6165,130,22032
6166,254,25359
6167,5,20855
6168,182,32644
6169,443,29061
6170,258,24537
6171,250,16422
6172,211,22014
6173,423,20290
6174,256,16818
6175,271,14466
6176,157,22915
6177,310,20374
6178,322,32513
6179,109,16819
6180,266,24963
6181,356,25229
6182,451,31259
6183,472,18761
6184,10,11665
6185,37,30772
6186,71,16928
6187,214,17221
6188,222,20219
6189,451,31288
6190,472,31254
6191,233,14870
6192,293,15635
6193,281,24640
6194,191,17857
6195,274,29431
6196,164,32748
6197,51,25148
6198,374,27485
6199,321,29619
6200,57,26917
6201,92,21557
6202,57,23426
6203,452,24484
6204,82,22344
6205,195,16176
6206,58,26453
6207,495,16010
6208,56,31842
6209,151,24208
6210,203,20229
6211,493,28117
6212,251,31920
6213,447,15917
6214,374,28476
6215,226,22655
6216,418,27275
6217,209,17245
6218,121,16012
6219,281,33413
6220,254,14388
6221,402,16012
6222,63,22626
6223,369,22290
6224,436,33608
6225,325,18552
6226,219,28048
6227,129,26810
6228,237,19089
6229,429,31337
6230,211,18304
6231,200,22880
6232,97,31992
6233,194,29826
6234,440,28812
6235,332,23711
6236,312,22152
6237,179,29376
6238,433,18969
6239,66,20785
6240,371,32075
6241,14,31460
6242,67,15156
6243,176,29684
6244,143,14749
6245,303,15945
6246,54,24977
6247,139,11815
6248,484,16524
6249,120,20257
6250,419,25547
6251,39,33230
6252,151,26151
6253,57,31370
6254,155,31015
6255,173,31477
6256,8,8659
6257,210,22063
6258,298,14195
6259,281,19280
6260,267,31067
6261,323,24549
6262,90,20019
6263,330,33165
6264,277,30092
6265,86,24463
6266,449,22388
6267,399,32722
6268,224,21186
6269,389,23647
6270,367,16303
6271,195,31701
6272,463,21458
6273,18,15100
6274,476,30613
6275,240,20517
6276,338,11636
6277,233,34193
6278,146,14859
6279,219,32947
6280,38,29987
6281,120,21425
6282,124,27618
6283,104,20977
6284,487,30968
6285,368,18099
6286,395,25037
6287,346,13985
6288,90,32969
6289,225,18397
6290,17,16868
6291,408,30780
6292,140,12018
6293,113,32254
6294,322,32935
6295,321,30131
6296,39,25276
6297,291,25953
6298,437,33518
6299,185,23743
6300,92,27016
6301,177,21592
6302,18,22037
6303,213,15587
6304,222,21511
6305,223,23134
6306,476,30088
6307,119,15277
6308,438,34475
6309,327,31707
6310,219,25053
6311,340,11335
6312,260,23645
6313,402,32190
6314,413,20796
6315,53,21601
6316,449,29974
6317,15,18034
6318,492,29495
6319,457,29105
6320,232,14564
6321,162,27673
6322,36,21114
6323,8,7387
6324,7,6568
6325,396,32663
6326,18,19187
6327,59,30541
6328,219,23386
6329,358,26002
6330,402,20208
6331,281,20070
6332,46,31342
6333,261,30227
6334,16,23338
6335,341,12233
6336,255,24817
6337,23,27428
6338,451,32376
6339,457,17064
6340,397,34461
6341,262,34309
6342,472,25807
6343,138,14625
6344,366,18664
6345,28,31595
6346,310,25083
6347,400,28063
6348,403,15071
6349,495,19862
6350,200,33150
6351,407,23979
6352,270,23435
6353,140,12908
6354,202,17250
6355,317,34053
6356,295,29593
6357,432,33157
6358,168,21742
6359,378,19587
6360,37,28909
6361,438,19711
6362,5,16486
6363,354,28164
6364,216,23767
6365,455,23349
6366,276,33551
6367,258,28982
6368,97,31009
6369,464,32658
6370,144,12196
6371,296,18733
6372,127,26994
6373,85,27390
6374,353,24526
6375,423,34333
6376,64,26802
6377,105,22872
6378,96,33852
6379,84,14861
6380,437,17212
6381,184,30624
6382,224,18555
6383,363,14141
6384,164,18486
6385,21,23484
6386,271,23260
6387,198,22702
6388,380,29519
6389,154,14746
6390,322,24611
6391,57,29134
6392,190,29501
6393,198,22057
6394,160,31636
6395,224,22619
6396,322,25590
6397,299,21939
6398,466,20839
6399,488,16329
6400,126,23478
6401,40,15925
6402,265,28202
6403,398,27304
6404,421,23563
6405,498,23692
6406,273,21947
6407,48,28541
6408,285,33441
6409,118,14756
6410,472,33768
6411,466,30152
6412,249,28101
6413,148,11640
6414,262,29882
6415,69,24319
6416,23,32681
6417,52,34342
6418,313,26944
6419,21,29017
6420,159,20548
6421,113,21956
6422,356,33237
6423,68,21438
6424,52,21772
6425,445,26945
6426,268,22577
6427,499,16655
6428,425,22038
6429,408,21628
6430,166,17747
6431,418,32576
6432,226,34449
6433,83,15439
6434,446,21626
6435,21,16147
6436,148,12329
6437,205,28839
6438,223,14091
6439,242,21116
6440,260,25122
6441,394,23815
6442,431,20171
6443,331,16420
6444,89,34044
6445,424,32674
6446,494,27467
6447,433,16512
6448,254,14349
6449,350,13423
6450,322,20967
6451,343,11595
6452,96,15103
6453,367,28520
6454,259,23098
6455,280,16919
6456,321,22957
6457,410,27122
6458,321,26308
6459,474,34621
6460,101,34890
6461,474,34845
6462,465,19509
6463,244,16859
6464,137,11081
6465,38,16258
6466,199,32018
6467,184,25498
6468,202,23372
6469,393,24235
6470,72,26525
6471,474,18576
6472,83,23667
6473,263,21641
6474,46,18543
6475,401,26508
6476,31,14345
6477,75,33778
6478,163,31059
6479,180,23517
6480,412,31636
6481,483,21163
6482,202,17358
6483,363,34989
6484,207,23388
6485,460,27432
6486,199,30718
6487,400,23055
6488,256,33784
6489,40,19401
6490,298,28103
6491,244,15694
6492,206,21931
6493,187,19341
6494,195,21679
6495,457,22870
6496,247,28076
6497,248,30086
6498,66,16238
6499,6,7186
6500,172,27297
6501,429,26028
6502,106,20410
6503,361,27985
6504,10,11563
6505,257,18620
6506,347,12104
6507,278,20633
6508,172,29567
6509,467,17711
6510,294,32047
6511,132,20414
6512,376,23754
6513,126,32493
6514,463,18161
6515,262,18886
6516,76,15549
6517,85,18208
6518,289,30841
6519,237,23931
6520,230,27662
6521,347,14539
6522,402,16638
6523,460,24284
6524,216,20476
6525,151,18818
6526,454,33453
6527,380,15627
6528,263,33766
6529,451,30009
6530,279,23114
6531,423,34479
6532,19,17662
6533,449,20748
6534,175,30739
6535,261,30606
6536,474,33328
6537,228,25308
6538,86,31632
6539,243,27713
6540,191,26480
6541,77,14728
6542,108,30469
6543,276,33175
6544,288,27635
6545,413,15528
6546,90,14018
6547,205,19766
6548,176,15361
6549,330,18658
6550,183,29881
6551,402,32499
6552,303,32800
6553,416,29139
6554,436,31208
6555,39,28310
6556,56,26243
6557,375,18608
6558,36,21997
6559,320,19245
6560,272,23073
6561,13,24273
6562,54,19816
6563,34,18693
6564,114,33357
6565,276,24428
6566,93,31944
6567,396,33250
6568,89,32945
6569,179,27196
6570,89,24252
6571,288,16973
6572,309,28015
6573,302,25490
6574,182,34143
6575,154,25805
6576,129,22571
6577,130,17636
6578,280,26116
6579,485,16434
6580,480,23453
6581,249,28165
6582,111,22487
6583,25,30435
6584,440,16425
6585,72,31205
6586,453,17604
6587,489,16215
6588,96,26914
6589,128,25622
6590,412,17548
6591,93,27938
6592,92,30319
6593,121,27389
6594,434,16624
6595,417,24619
6596,163,26092
6597,487,34432
6598,53,34572
6599,80,20986
6600,241,28128
6601,335,16736
6602,372,19909
6603,318,25774
6604,303,26788
6605,127,21961
6606,25,26630
6607,454,29615
6608,406,34992
6609,288,27887
6610,485,23752
6611,357,15363
6612,32,22665
6613,172,18681
6614,395,33984
6615,293,18817
6616,30,19896
6617,420,16484
6618,86,25630
6619,134,28235
6620,232,21020
6621,394,21427
6622,92,29190
6623,213,15218
6624,51,30105
6625,429,16442
6626,404,28349
6627,78,21261
6628,285,30986
6629,176,17084
6630,83,15667
6631,424,24943
6632,9,7633
6633,258,30099
6634,382,27637
6635,433,14884
6636,14,25956
6637,41,15247
6638,433,25263
6639,381,28287
6640,205,32864
6641,6,9343
6642,90,20720
6643,16,29671
6644,24,21613
6645,499,32171
6646,5,15221
6647,498,25461
6648,195,18863
6649,327,26567
6650,494,24359
6651,204,16105
6652,246,22855
6653,102,34125
6654,497,15727
6655,314,29351
6656,451,14027
6657,169,32301
6658,306,33197
6659,291,22797
6660,167,34655
6661,172,25793
6662,41,24078
6663,472,25674
6664,154,32597
6665,409,20237
6666,385,15650
6667,443,31754
6668,46,20248
6669,128,21659
6670,472,32772
6671,41,17621
6672,217,25165
6673,118,17422
6674,271,32080
6675,111,17096
6676,126,22292
6677,50,26118
6678,269,26094
6679,375,25193
6680,40,32055
6681,435,21705
6682,460,22577
6683,189,23967
6684,487,25652
6685,102,33261
6686,39,18172
6687,346,11155
6688,90,17073
6689,195,17122
6690,197,14797
6691,66,32267
6692,262,17977
6693,37,27775
6694,64,16585
6695,244,14957
6696,319,34132
6697,143,13080
6698,356,14347
6699,33,15006
6700,417,18232
6701,26,18607
6702,392,22672
6703,4,7245
6704,44,16679
6705,5,33951
6706,51,27100
6707,206,33124
6708,399,18972
6709,370,21209
6710,498,34901
6711,347,12119
6712,82,15844
6713,460,17673
6714,40,21057
6715,56,31628
6716,20,19602
6717,299,33488
6718,93,24794
6719,200,34816
6720,300,25816
6721,76,32906
6722,323,22554
6723,303,15257
6724,212,24029
6725,489,17835
6726,24,16855
6727,55,15414
6728,165,21122
6729,446,23929
6730,451,28367
6731,202,18854
6732,144,11206
6733,334,18002
6734,57,24089
6735,37,30176
6736,23,32441
6737,56,25742
6738,9,6833
6739,5,31898
6740,468,18113
6741,402,34811
6742,52,27440
6743,170,14806
6744,278,31555
6745,387,34760
6746,323,25414
6747,115,33239
6748,116,27192
6749,198,34866
6750,160,22569
6751,387,26813
6752,407,21450
6753,53,23431
6754,140,14385
6755,180,19647
6756,230,15940
6757,71,18984
6758,15,31024
6759,38,14656
6760,84,17133
6761,208,29352
6762,329,22100
6763,249,33095
6764,174,31213
6765,371,23217
6766,449,30473
6767,294,18569
6768,401,24339
6769,446,17325
6770,15,34694
6771,203,31009
6772,239,23075
6773,282,19637
6774,234,24233
6775,319,24813
6776,185,32569
6777,485,31665
6778,272,32372
6779,44,33511
6780,297,25207
6781,33,27289
6782,218,31879
6783,342,13519
6784,205,15284
6785,31,14719
6786,376,15520
6787,255,14627
6788,44,25432
6789,435,14404
6790,28,25909
6791,478,22268
6792,129,32196
6793,86,31057
6794,188,34356
6795,231,19288
6796,172,20548
6797,201,14457
6798,201,22206
6799,244,25643
6800,408,32000
6801,299,34165
6802,20,33388
6803,120,15577
6804,441,32772
6805,401,28040
6806,437,32215
6807,140,11472
6808,134,21209
6809,484,16165
6810,381,19120
6811,171,25207
6812,358,25395
6813,302,22115
6814,99,17487
6815,112,19398
6816,30,28939
6817,142,14908
6818,137,14481
6819,312,32191
6820,111,18582
6821,350,12446
6822,222,15477
6823,225,28744
6824,368,19890
6825,330,32778
6826,249,33989
6827,215,32132
6828,401,30161
6829,317,28637
6830,149,13872
6831,419,26616
6832,242,27258
6833,28,31116
6834,347,11509
6835,264,33889
6836,439,33477
6837,87,24087
6838,447,24588
6839,283,32818
6840,36,29517
6841,331,29329
6842,35,29308
6843,366,34561
6844,88,29735
6845,81,24718
6846,177,17235
6847,446,21442
6848,70,26304
6849,140,12215
6850,270,17379
6851,405,27635
6852,111,21352
6853,349,12917
6854,486,29240
6855,211,32198
6856,72,29152
6857,143,11833
6858,341,14800
6859,83,29260
6860,275,31684
6861,33,14858
6862,99,18373
6863,18,15197
6864,143,13746
6865,421,18505
6866,425,27464
6867,275,19118
6868,252,34481
6869,450,30550
6870,285,28565
6871,458,33495
6872,259,23588
6873,433,17318
6874,377,33534
6875,38,31149
6876,24,33455
6877,455,30586
6878,397,19444
6879,265,33359
6880,336,13496
6881,309,32000
6882,114,16084
6883,294,28766
6884,73,34176
6885,222,17624
6886,204,20430
6887,337,12581
6888,28,31203
6889,246,28744
6890,296,28538
6891,357,14521
6892,434,19179
6893,315,23661
6894,134,29605
6895,448,14661
6896,407,23666
6897,20,21325
6898,125,16640
6899,373,28990
6900,440,18546
6901,295,22307
6902,219,26802
6903,65,17636
6904,473,16026
6905,400,20065
6906,264,30389
6907,418,22008
6908,17,26579
6909,368,16761
6910,189,32659
6911,272,28075
6912,333,25787
6913,385,14709
6914,193,28313
6915,232,29993
6916,413,27255
6917,253,34211
6918,90,18239
6919,454,17157
6920,200,33456
6921,325,17961
6922,474,22321
6923,180,29141
6924,393,20158
6925,487,18654
6926,397,23826
6927,237,26096
6928,221,28579
6929,121,16511
6930,251,21943
6931,489,25725
6932,368,34323
6933,479,32304
6934,8,7375
6935,189,22174
6936,103,30936
6937,222,19072
6938,251,23901
6939,192,28165
6940,158,29017
6941,47,20738
6942,272,17791
6943,184,22175
6944,204,18192
6945,469,33733
6946,103,26272
6947,177,32578
6948,15,17813
6949,220,24731
6950,323,29176
6951,27,31002
6952,282,30667
6953,446,15626
6954,72,15524
6955,231,18015
6956,353,31807
6957,470,21254
6958,31,30709
6959,223,19755
6960,84,33414
6961,165,16508
6962,315,24773
6963,185,18064
6964,270,17050
6965,129,31537
6966,399,26018
6967,97,33174
6968,128,14314
6969,453,17401
6970,208,30448
6971,441,33147
6972,118,29876
6973,27,17591
6974,238,17070
6975,13,27835
6976,312,30816
6977,433,21912
6978,408,15599
6979,174,30202
6980,218,32083
6981,159,16425
6982,398,25713
6983,319,21762
6984,59,29429
6985,471,15226
6986,190,28010
6987,275,29278
6988,482,23006
6989,461,28347
6990,498,30191
6991,416,17417
6992,371,17143
6993,499,24177
6994,381,23423
6995,46,20611
6996,99,17107
6997,337,14165
6998,178,29175
6999,379,33692
7000,46,24543
7001,157,30962
7002,494,29601
7003,161,23735
7004,273,14363
7005,113,33805
7006,226,14635
7007,231,30396
7008,311,21989
7009,232,31610
7010,464,27996
7011,316,27113
7012,398,17489
7013,75,31914
7014,276,31009
7015,430,28192
7016,45,28332
7017,192,29608
7018,95,22889
7019,107,32102
7020,184,29912
7021,441,23927
7022,322,21072
7023,407,21190
7024,214,25662
7025,30,23301
7026,413,27466
7027,125,19066
7028,259,28904
7029,427,34331
7030,179,24116
7031,91,18198
7032,18,25844
7033,196,34560
7034,342,14943
7035,312,15999
7036,93,21383
7037,340,14689
7038,233,24455
7039,373,21280
7040,57,18165
7041,46,20773
7042,281,20700
7043,176,16964
7044,329,27219
7045,477,33973
7046,306,29600
7047,105,16403
7048,86,20862
7049,356,27564
7050,398,24966
7051,356,31775
7052,421,30668
7053,155,25948
7054,406,25489
7055,489,33309
7056,144,11498
7057,340,11306
7058,132,20970
7059,318,30103
7060,62,25151
7061,280,28297
7062,194,32347
7063,414,30039
7064,198,22105
7065,447,25672
7066,384,22260
7067,253,27703
7068,437,23782
7069,120,26591
7070,371,28921
7071,307,15424
7072,219,18303
7073,453,33540
7074,59,26907
7075,111,18562
7076,484,22847
7077,478,29717
7078,363,28649
7079,467,22724
7080,361,31499
7081,262,20201
7082,314,29212
7083,224,26422
7084,362,24613
7085,27,33086
7086,14,20327
7087,148,12642
7088,142,11518
7089,87,29021
7090,171,34295
7091,448,17678
7092,84,19571
7093,140,11500
7094,321,21019
7095,428,30297
7096,444,16067
7097,199,24809
7098,268,24912
7099,449,19744
7100,328,19788
7101,258,14631
7102,100,16631
7103,137,11584
7104,404,16842
7105,37,31075
7106,25,33127
7107,493,31961
7108,286,21095
7109,284,27929
7110,123,18121
7111,362,19576
7112,385,22591
7113,390,30558
7114,348,14598
7115,467,15937
7116,489,31782
7117,84,27155
7118,47,27978
7119,421,19716
7120,12,29082
7121,18,27108
7122,35,16662
7123,41,16056
7124,134,33290
7125,480,32081
7126,354,15033
7127,95,30345
7128,281,34260
7129,59,28270
7130,271,21000
7131,461,31249
7132,459,18531
7133,40,23307
7134,412,17264
7135,212,29983
7136,184,34245
7137,430,18146
7138,273,27415
7139,229,23164
7140,292,18483
7141,443,21849
7142,450,21493
7143,178,31619
7144,66,23239
7145,238,32056
7146,197,20710
7147,407,27605
7148,213,34995
7149,214,31943
7150,360,16743
7151,259,16120
7152,246,33982
7153,182,19922
7154,10,14552
7155,341,13193
7156,236,30297
7157,190,30434
7158,448,34505
7159,202,26976
7160,458,27674
7161,492,24277
7162,63,25178
7163,311,31656
7164,202,33279
7165,131,23710
7166,93,27843
7167,345,12129
7168,437,18592
7169,401,23623
7170,65,31672
7171,332,14543
7172,46,15451
7173,178,16534
7174,496,25841
7175,81,30133
7176,243,14414
7177,61,15533
7178,489,20924
7179,249,34028
7180,310,31922
7181,157,21377
7182,329,17324
7183,38,24370
7184,250,23947
7185,71,22030
7186,243,26585
7187,459,18646
7188,243,23007
7189,142,13832
7190,195,26794
7191,144,13833
7192,326,21195
7193,476,17392
7194,326,19830
7195,17,32345
7196,249,24848
7197,418,20678
7198,252,32300
7199,459,20640
7200,273,31865
7201,426,24976
7202,141,13125
7203,171,31332
7204,267,28610
7205,125,24420
7206,459,14281
7207,4,8079
7208,339,14491
7209,151,23680
7210,382,25426
7211,348,12435
7212,339,11968
7213,448,21705
7214,237,21301
7215,14,31535
7216,182,23856
7217,273,20444
7218,110,22006
7219,182,31881
7220,309,26524
7221,451,32536
7222,469,22940
7223,155,18115
7224,404,18941
7225,441,15771
7226,419,14063
7227,441,32183
7228,157,29697
7229,63,27659
7230,384,16343
7231,87,27157
7232,16,23804
7233,324,14966
7234,424,34833
7235,457,26382
7236,99,30936
7237,250,20105
7238,390,26791
7239,87,34552
7240,285,15868
7241,263,30601
7242,253,34482
7243,391,18671
7244,348,12515
7245,311,14687
7246,142,12380
7247,376,18946
7248,125,27200
7249,413,22849
7250,242,20641
7251,181,20327
7252,245,20354
7253,428,14315
7254,330,29746
7255,315,24433
7256,381,28395
7257,466,25790
7258,478,31553
7259,13,32451
7260,431,20410
7261,455,18020
7262,70,20149
7263,232,28038
7264,27,24856
7265,324,19489
7266,308,21832
7267,210,25606
7268,392,17802
7269,171,29357
7270,376,26167
7271,169,28694
7272,469,26821
7273,427,34174
7274,245,24538
7275,213,32315
7276,123,23695
7277,253,34173
7278,80,29184
7279,277,28244
7280,57,33373
7281,273,22828
7282,350,14057
7283,311,14260
7284,183,14871
7285,381,27024
7286,39,16120
7287,135,20509
7288,332,15650
7289,471,20816
7290,270,16848
7291,437,20116
7292,206,31879
7293,4,7918
7294,362,25495
7295,274,22431
7296,133,19980
7297,116,23570
7298,490,24959
7299,265,27913
7300,309,14459
7301,276,29048
7302,321,24307
7303,474,18974
7304,238,27078
7305,448,26792
7306,88,34213
7307,459,25447
7308,43,32178
7309,245,28588
7310,144,11801
7311,427,22944
7312,322,31435
7313,62,16760
7314,278,31185
7315,442,17345
7316,385,28856
7317,107,15101
7318,36,25801
7319,34,16438
7320,52,26133
7321,341,13678
7322,356,31717
7323,185,30852
7324,86,25890
7325,28,18783
7326,254,22353
7327,54,19521
7328,260,20276
7329,70,25963
7330,380,28807
7331,442,27772
7332,282,20002
7333,274,15982
7334,445,31939
7335,445,30726
7336,211,20777
7337,133,15962
7338,381,15764
7339,332,20466
7340,255,19133
7341,433,24314
7342,446,24908
7343,175,33511
7344,44,17422
7345,359,19064
7346,92,21002
7347,135,33487
7348,135,19890
7349,475,15605
7350,442,21318
7351,385,19526
7352,332,19755
7353,70,26372
7354,345,12320
7355,270,33089
7356,498,17935
7357,425,16510
7358,371,24592
7359,372,18322
7360,60,34570
7361,350,12326
7362,293,27135
7363,265,18843
7364,295,15891
7365,466,21404
7366,30,21695
7367,192,22044
7368,63,18638
7369,336,13186
7370,190,16788
7371,395,21897
7372,18,17880
7373,324,18035
7374,234,22300
7375,280,20251
7376,205,19241
7377,377,27232
7378,273,18817
7379,194,29878
7380,429,14014
7381,468,15196
7382,427,16637
7383,275,25327
7384,148,13586
7385,51,18452
7386,34,18690
7387,109,16338
7388,452,27811
7389,137,11669
7390,404,27289
7391,343,14837
7392,477,26069
7393,23,34216
7394,474,32388
7395,293,15708
7396,300,26763
7397,206,31173
7398,29,27860
7399,134,29414
7400,468,19035
7401,155,27401
7402,474,21329
7403,206,14427
7404,148,14436
7405,348,11668
7406,442,22140
7407,347,12204
7408,87,22081
7409,401,33522
7410,402,32977
7411,148,12470
7412,436,16548
7413,289,16616
7414,462,22046
7415,86,30394
7416,335,19700
7417,308,24435
7418,173,19136
7419,483,16265
7420,327,34981
7421,158,34455
7422,104,14451
7423,136,14036
7424,341,12329
7425,390,22599
7426,203,17554
7427,268,32282
7428,36,15359
7429,490,24294
7430,383,26702
7431,73,31580
7432,137,11468
7433,139,11855
7434,50,17558
7435,343,13606
7436,33,33881
7437,209,32458
7438,382,29809
7439,175,24059
7440,334,34140
7441,195,18967
7442,445,34956
7443,22,23773
7444,344,13516
7445,189,22122
7446,43,14357
7447,102,30778
7448,499,21815
7449,62,15791
7450,311,33715
7451,245,18997
7452,129,23268
7453,134,30408
7454,273,15778
7455,305,34050
7456,440,33632
7457,165,24323
7458,106,28848
7459,377,25261
7460,364,20969
7461,98,25055
7462,462,27748
7463,51,24806
7464,247,34571
7465,427,19177
7466,488,18635
7467,304,20810
7468,85,28950
7469,379,15798
7470,347,12261
7471,302,24304
7472,45,33333
7473,323,17859
7474,166,25872
7475,137,12135
7476,322,30436
7477,34,28505
7478,223,28579
7479,488,25236
7480,136,13237
7481,129,29216
7482,182,26654
7483,113,17102
7484,52,32226
7485,151,29568
7486,305,29064
7487,419,30648
7488,5,15720
7489,50,34733
7490,91,27986
7491,128,19767
7492,12,29518
7493,352,18044
7494,407,21412
7495,106,15321
7496,328,18583
7497,494,25185
7498,471,27096
7499,219,21721
7500,157,25107
7501,11,29777
7502,313,28898
7503,258,23900
7504,370,34428
7505,246,18852
7506,33,21712
7507,278,33021
7508,214,21854
7509,14,23848
7510,394,26994
7511,361,25005
7512,472,20904
7513,35,17032
7514,157,19241
7515,26,26019
7516,384,30083
7517,329,32021
7518,92,16626
7519,43,25224
7520,389,26540
7521,306,28083
7522,41,23702
7523,8,6734
7524,170,18126
7525,158,30718
7526,280,20782
7527,229,26993
7528,417,29358
7529,407,33955
7530,18,14802
7531,347,12363
7532,79,22659
7533,40,30432
7534,231,22672
7535,488,24298
7536,8,6976
7537,208,30791
7538,380,28239
7539,415,17709
7540,298,24121
7541,219,17522
7542,346,12107
7543,456,23811
7544,313,31365
7545,113,15115
7546,101,32701
7547,424,32247
7548,232,29613
7549,411,14338
7550,116,19681
7551,467,31604
7552,442,19914
7553,411,34150
7554,231,34173
7555,437,34893
7556,217,15288
7557,106,25061
7558,70,33137
7559,90,18673
7560,412,33419
7561,349,11570
7562,422,29769
7563,245,25792
7564,366,17958
7565,181,33429
7566,212,16309
7567,348,11216
7568,282,24501
7569,63,34609
7570,170,25770
7571,429,25551
7572,92,17112
7573,236,16199
7574,30,14767
7575,497,18248
7576,496,14365
7577,108,28627
7578,117,22382
7579,425,25993
7580,157,26137
7581,184,26613
7582,197,25304
7583,104,23683
7584,416,19924
7585,295,16793
7586,258,23377
7587,420,18257
7588,278,31251
7589,254,20400
7590,32,23984
7591,69,21488
7592,203,14570
7593,493,18661
7594,145,13178
7595,238,21055
7596,386,16139
7597,9,6637
7598,13,33449
7599,484,22293
7600,366,26315
7601,323,14435
7602,126,21994
7603,270,28433
7604,107,34462
7605,270,30650
7606,440,24476
7607,173,31950
7608,155,30333
7609,160,21608
7610,364,15670
7611,49,31024
7612,76,25885
7613,29,23938
7614,396,27304
7615,420,28052
7616,210,16156
7617,270,19267
7618,471,32952
7619,342,12610
7620,274,24767
7621,116,21146
7622,207,20018
7623,114,15529
7624,378,33064
7625,499,23476
7626,354,33968
7627,322,23120
7628,73,17956
7629,229,33618
7630,412,32353
7631,401,32532
7632,362,32561
7633,160,31934
7634,341,12300
7635,291,32588
7636,147,12608
7637,248,33620
7638,275,26097
7639,51,27216
7640,211,17703
7641,353,26041
7642,262,24661
7643,349,13557
7644,90,32783
7645,122,18394
7646,65,15120
7647,192,26204
7648,23,29790
7649,67,20881
7650,488,29421
7651,351,28137
7652,180,26877
7653,254,34960
7654,173,32149
7655,354,18439
7656,261,30321
7657,95,30845
7658,345,12200
7659,224,25160
7660,393,28863
7661,400,24090
7662,39,14537
7663,260,34508
7664,293,24439
7665,359,14735
7666,332,17517
7667,89,24493
7668,357,32486
7669,424,24124
7670,120,23620
7671,436,33198
7672,496,14368
7673,72,15436
7674,311,17188
7675,194,25214
7676,34,29485
7677,77,15276
7678,36,18746
7679,406,24225
7680,400,32997
7681,338,14491
7682,352,32294
7683,419,21077
7684,481,30461
7685,44,16504
7686,357,24783
7687,359,32383
7688,130,20398
7689,28,32773
7690,412,32085
7691,57,14987
7692,106,25037
7693,440,25311
7694,26,33022
7695,444,30778
7696,146,11399
7697,126,23440
7698,378,30876
7699,405,23393
7700,172,33345
7701,339,11630
7702,25,18133
7703,213,31336
7704,259,23633
7705,10,12160
7706,422,19508
7707,372,24277
7708,139,11000
7709,478,18252
7710,88,20189
7711,61,30647
7712,213,21679
7713,250,31690
7714,17,32403
7715,495,20530
7716,423,21023
7717,137,13080
7718,187,21648
7719,459,15751
7720,353,21881
7721,439,15026
7722,34,31731
7723,224,28592
7724,193,14048
7725,324,15256
7726,215,17342
7727,295,34958
7728,8,7671
7729,377,31325
7730,299,33199
7731,321,34958
7732,199,34527
7733,190,30014
7734,487,15519
7735,255,28646
7736,10,14272
7737,266,26941
7738,392,16169
7739,372,17805
7740,249,26762
7741,212,20096
7742,487,32561
7743,286,31320
7744,331,26762
7745,395,27273
7746,45,14752
7747,224,18936
7748,415,25670
7749,235,17341
7750,148,11261
7751,23,18963
7752,306,34437
7753,465,27308
7754,383,21517
7755,417,30832
7756,27,28308
7757,97,15056
7758,321,29117
7759,421,31123
7760,59,23637
7761,418,20937
7762,86,17846
7763,381,34397
7764,252,17148
7765,12,18016
7766,484,28995
7767,314,27229
7768,280,17463
7769,206,23205
7770,182,17834
7771,353,18532
7772,343,14644
7773,405,18896
7774,13,25392
7775,233,32473
7776,120,25716
7777,249,15846
7778,423,21212
7779,196,14710
7780,437,15132
7781,345,12517
7782,447,30631
7783,36,18923
7784,86,21018
7785,474,34272
7786,353,14158
7787,242,33806
7788,14,28461
7789,8,7929
7790,303,27990
7791,233,22633
7792,35,27457
7793,218,23752
7794,369,31116
7795,144,14864
7796,360,14605
7797,298,30715
7798,154,17034
7799,335,30392
7800,358,34229
7801,104,24418
7802,21,16970
7803,264,32415
7804,197,32919
7805,213,20382
7806,425,32053
7807,331,22181
7808,319,22932
7809,37,16971
7810,278,20857
7811,258,26084
7812,473,31055
7813,186,32842
7814,134,19103
7815,266,16128
7816,173,29382
7817,118,34072
7818,29,15617
7819,451,18831
7820,138,13779
7821,441,24522
7822,4,7094
7823,373,23674
7824,421,23965
7825,293,21207
7826,431,19003
7827,293,25144
7828,302,32377
7829,382,29123
7830,187,21366
7831,452,18834
7832,206,23145
7833,253,22975
7834,344,12291
7835,119,14147
7836,101,22206
7837,101,25450
7838,146,14649
7839,329,21972
7840,448,27715
7841,411,27969
7842,373,24223
7843,177,28618
7844,304,23000
7845,443,20438
7846,11,20425
7847,13,33310
7848,139,12711
7849,423,16690
7850,335,29463
7851,136,11161
7852,60,21373
7853,54,15479
7854,159,25086
7855,443,21320
7856,262,27762
7857,381,20500
7858,264,30260
7859,469,33693
7860,120,16119
7861,153,14804
7862,38,15645
7863,84,26945
7864,124,32757
7865,394,18935
7866,20,23827
7867,119,19409
7868,305,15568
7869,257,20498
7870,486,25960
7871,226,25589
7872,156,20613
7873,358,14308
7874,34,33110
7875,161,34929
7876,237,16253
7877,399,21460
7878,102,33882
7879,124,31739
7880,386,27896
7881,9,9461
7882,42,19986
7883,351,23541
7884,304,29342
7885,333,21374
7886,94,27589
7887,264,19707
7888,248,18353
7889,38,34351
7890,410,30576
7891,226,34871
7892,417,15895
7893,261,16511
7894,137,11691
7895,307,17397
7896,459,14292
7897,388,18296
7898,475,16048
7899,305,29732
7900,52,22326
7901,145,13004
7902,128,27974
7903,376,28574
7904,435,20371
7905,126,34609
7906,281,21346
7907,182,16585
7908,129,23794
7909,172,27668
7910,439,23869
7911,212,29082
7912,381,18011
7913,334,22740
7914,88,33993
7915,232,17876
7916,324,24194
7917,13,33811
7918,408,18426
7919,359,20224
7920,238,28906
7921,250,33383
7922,37,14968
7923,341,13120
7924,208,18567
7925,65,29565
7926,317,25446
7927,293,34256
7928,198,22321
7929,473,28951
7930,443,21878
7931,279,25799
7932,42,28884
7933,495,15545
7934,167,25037
7935,167,34808
7936,313,19057
7937,421,23406
7938,7,9047
7939,124,24564
7940,199,18724
7941,457,34194
7942,332,18583
7943,280,17553
7944,165,33130
7945,379,16887
7946,235,15529
7947,408,19529
7948,152,34955
7949,245,32751
7950,339,12773
7951,495,34747
7952,416,34969
7953,451,16239
7954,333,25461
7955,268,19811
7956,261,15793
7957,88,17112
7958,435,22594
7959,293,22950
7960,387,30033
7961,232,29921
7962,277,28605
7963,155,24055
7964,118,33504
7965,178,15423
7966,493,33618
7967,394,21601
7968,328,18789
7969,129,25441
7970,13,16277
7971,220,24232
7972,368,15573
7973,343,13603
7974,419,34769
7975,155,33808
7976,59,30871
7977,412,31263
7978,84,25581
7979,444,33324
7980,206,32556
7981,339,11996
7982,476,16201
7983,273,22899
7984,346,12264
7985,399,23448
7986,229,17642
7987,476,16915
7988,485,15740
7989,32,25338
7990,346,14890
7991,205,23023
7992,307,32705
7993,315,30361
7994,465,29145
7995,61,24184
7996,316,27555
7997,67,28803
7998,437,25247
7999,477,28150
8000,475,26654
8001,43,18274
8002,122,25871
8003,20,26872
8004,266,14844
8005,330,16007
8006,103,26917
8007,180,19267
8008,164,23049
8009,191,34082
8010,334,19416
8011,310,24807
8012,93,34879
8013,30,17670
8014,259,26268
8015,223,14058
8016,85,14856
8017,252,27626
8018,33,27386
8019,372,19283
8020,80,27689
8021,114,31970
8022,197,21647
8023,332,22428
8024,190,34923
8025,446,23349
8026,108,15988
8027,105,25997
8028,261,21269
8029,217,31519
8030,134,28576
8031,446,24287
8032,198,24302
8033,487,28213
8034,164,24502
8035,468,31085
8036,459,30991
8037,152,34374
8038,459,14739
8039,375,23593
8040,195,26909
8041,64,29154
8042,392,14864
8043,332,24189
8044,254,14161
8045,374,15825
8046,462,27779
8047,51,33863
8048,191,14373
8049,469,21112
8050,412,21707
8051,326,16369
8052,354,29479
8053,24,29190
8054,95,32834
8055,496,33494
8056,324,17492
8057,384,15421
8058,472,23962
8059,76,23776
8060,60,15968
8061,395,17247
8062,37,17560
8063,168,34360
8064,67,29611
8065,394,18838
8066,210,27892
8067,425,22828
8068,355,16905
8069,193,22561
8070,466,19881
8071,145,11445
8072,192,29197
8073,474,27403
8074,92,24450
8075,194,24645
8076,391,22998
8077,399,14306
8078,413,19839
8079,166,15067
8080,224,21261
8081,195,29856
8082,40,29374
8083,31,15247
8084,360,23413
8085,76,29293
8086,363,27211
8087,315,30441
8088,483,15460
8089,366,26073
8090,466,14237
8091,478,32011
8092,379,34761
8093,437,31250
8094,283,29929
8095,442,20507
8096,324,15839
8097,186,33762
8098,176,14634
8099,129,22314
8100,120,24602
8101,60,29204
8102,57,33638
8103,199,26973
8104,376,15603
8105,499,20490
8106,123,24499
8107,361,14168
8108,23,18831
8109,9,7898
8110,76,30040
8111,175,29434
8112,64,26223
8113,453,14979
8114,334,33695
8115,343,14387
8116,268,31156
8117,131,29094
8118,224,26423
8119,390,28883
8120,477,32918
8121,195,30292
8122,383,33413
8123,468,20702
8124,10,12522
8125,110,20228
8126,352,18118
8127,132,31220
8128,370,17400
8129,182,32043
8130,238,18622
8131,183,31510
8132,313,26609
8133,366,31151
8134,278,33963
8135,478,19589
8136,23,33269
8137,446,32992
8138,496,16971
8139,360,23554
8140,484,22455
8141,134,15771
8142,165,25406
8143,377,31869
8144,139,12759
8145,441,26364
8146,113,20118
8147,95,28891
8148,97,15208
8149,175,33090
8150,375,16790
8151,363,27050
8152,247,23088
8153,126,16752
8154,141,13873
8155,221,18595
8156,258,17155
8157,192,16712
8158,461,33278
8159,147,13414
8160,167,34304
8161,145,12163
8162,378,29310
8163,454,24616
8164,288,33932
8165,433,33314
8166,246,33809
8167,305,27218
8168,493,25687
8169,280,16423
8170,174,29903
8171,147,11014
8172,480,21529
8173,111,25070
8174,4,7110
8175,366,34019
8176,340,12991
8177,442,27436
8178,357,16480
8179,356,34616
8180,160,25215
8181,383,30975
8182,384,21486
8183,165,34360
8184,160,27509
8185,141,13363
8186,91,31759
8187,36,22443
8188,243,24542
8189,110,33247
8190,438,31909
8191,364,26966
8192,280,16921
8193,394,32328
8194,267,20930
8195,484,34421
8196,276,18506
8197,222,32427
8198,170,15592
8199,245,32137
8200,289,32479
8201,78,30519
8202,500,34172
8203,235,19673
8204,356,30683
8205,246,34311
8206,45,14049
8207,467,16046
8208,216,18375
8209,490,32608
8210,366,32232
8211,497,24994
8212,249,27415
8213,172,20576
8214,125,31527
8215,31,28390
8216,279,16180
8217,181,20769
8218,319,28885
8219,378,26420
8220,174,27707
8221,202,16783
8222,150,11027
8223,423,31479
8224,264,20162
8225,414,23485
8226,406,21333
8227,19,14046
8228,48,29125
8229,224,23027
8230,251,17457
8231,103,32457
8232,483,15554
8233,316,15980
8234,217,24876
8235,42,26238
8236,145,14729
8237,313,22769
8238,305,27267
8239,81,25605
8240,475,32948
8241,233,17034
8242,101,24282
8243,317,29370
8244,290,30014
8245,483,14721
8246,476,34063
8247,327,20195
8248,124,28652
8249,86,27638
8250,282,18728
8251,232,26893
8252,177,31129
8253,253,32608
8254,106,25712
8255,338,11659
8256,260,22412
8257,312,15079
8258,43,34706
8259,10,14340
8260,415,25542
8261,446,19680
8262,157,22632
8263,93,30815
8264,348,11386
8265,352,16177
8266,61,30826
8267,189,29926
8268,256,19651
8269,241,29606
8270,475,14908
8271,234,31701
8272,167,16905
8273,302,15626
8274,484,33349
8275,366,30362
8276,47,22067
8277,21,27067
8278,63,30675
8279,367,17803
8280,46,29056
8281,33,31705
8282,318,25230
8283,460,17205
8284,425,30261
8285,286,28883
8286,27,16964
8287,430,25023
8288,225,17108
8289,166,25810
8290,79,27144
8291,451,30971
8292,29,25137
8293,459,14330
8294,103,33307
8295,19,18752
8296,81,20649
8297,282,20821
8298,348,11433
8299,221,21993
8300,263,23103
8301,396,18434
8302,179,17213
8303,293,25300
8304,153,32619
8305,361,16885
8306,228,29740
8307,188,34310
8308,497,29450
8309,259,15409
8310,110,23448
8311,379,23467
8312,484,18561
8313,357,28121
8314,484,23726
8315,35,25565
8316,454,24447
8317,225,27670
8318,407,33124
8319,303,24202
8320,69,15800
8321,406,21306
8322,394,17433
8323,115,27930
8324,469,28808
8325,7,7256
8326,396,32287
8327,446,30749
8328,324,14906
8329,389,26998
8330,242,18337
8331,66,29630
8332,204,32202
8333,139,11775
8334,450,22544
8335,484,15083
8336,213,23750
8337,352,20052
8338,298,29816
8339,419,15927
8340,35,16778
8341,136,13676
8342,76,14426
8343,367,19433
8344,20,24595
8345,447,23616
8346,493,25620
8347,193,30532
8348,400,25662
8349,212,21024
8350,105,24156
8351,275,34569
8352,430,18998
8353,332,24461
8354,43,19224
8355,295,16030
8356,430,30073
8357,364,29862
8358,307,20868
8359,171,19230
8360,287,32151
8361,152,20738
8362,169,18176
8363,401,34569
8364,212,27352
8365,254,18535
8366,280,29047
8367,223,15148
8368,417,22509
8369,327,16357
8370,138,13337
8371,381,20197
8372,103,18449
8373,26,31328
8374,383,28300
8375,453,18357
8376,495,16092
8377,195,15903
8378,433,19537
8379,309,32652
8380,412,19074
8381,480,34022
8382,72,15330
8383,262,18207
8384,228,32411
8385,396,21765
8386,377,33413
8387,385,15573
8388,10,11708
8389,132,28167
8390,28,19428
8391,484,15143
8392,332,25563
8393,88,25524
8394,38,28215
8395,216,18874
8396,189,14296
8397,484,25655
8398,16,30929
8399,280,21881
8400,261,33922
8401,337,11978
8402,149,11869
8403,319,16214
8404,30,25842
8405,138,14063
8406,368,30927
8407,437,33203
8408,21,27441
8409,478,33120
8410,207,34216
8411,140,14624
8412,275,31854
8413,327,19926
8414,161,33978
8415,340,14692
8416,141,14385
8417,12,27043
8418,490,32352
8419,34,19436
8420,495,14954
8421,410,27249
8422,418,18651
8423,442,14051
8424,399,18590
8425,447,16003
8426,383,17681
8427,78,19508
8428,201,24226
8429,46,27225
8430,378,24188
8431,498,16268
8432,463,21165
8433,363,14969
8434,24,14787
8435,49,29395
8436,296,15994
8437,74,29872
8438,319,32288
8439,48,34950
8440,330,15441
8441,475,24902
8442,314,32437
8443,390,28871
8444,206,27976
8445,237,26611
8446,68,32711
8447,304,21553
8448,293,23966
8449,190,25214
8450,174,27761
8451,232,14287
8452,166,19266
8453,293,21265
8454,313,28053
8455,5,20441
8456,426,24071
8457,199,22578
8458,312,33106
8459,59,28748
8460,23,27895
8461,345,12481
8462,251,28249
8463,145,14008
8464,180,16869
8465,42,15348
8466,194,34536
8467,409,26681
8468,113,18393
8469,105,21826
8470,93,15740
8471,425,14490
8472,370,27236
8473,81,19771
8474,179,29953
8475,312,17123
8476,302,23927
8477,112,17296
8478,304,26441
8479,476,29535
8480,463,25919
8481,387,32005
8482,305,25762
8483,337,14264
8484,371,24562
8485,263,34437
8486,253,17100
8487,314,34325
8488,223,24172
8489,242,17751
8490,37,21740
8491,132,16840
8492,469,29773
8493,276,24987
8494,449,28353
8495,289,23237
8496,420,18739
8497,4,6924
8498,476,16557
8499,281,25917
8500,469,19411
8501,247,32018
8502,250,34846
8503,356,34184
8504,229,16087
8505,235,28113
8506,40,24959
8507,407,31605
8508,434,18953
8509,481,15887
8510,143,13205
8511,160,33611
8512,236,27288
8513,200,26829
8514,226,21499
8515,373,22895
8516,7,8602
8517,18,32563
8518,410,27590
8519,255,23992
8520,190,24125
8521,349,13000
8522,427,24114
8523,260,32730
8524,481,31886
8525,398,25451
8526,205,28137
8527,129,18510
8528,375,34025
8529,452,19975
8530,358,29404
8531,169,17016
8532,22,29514
8533,457,28495
8534,200,21139
8535,265,22814
8536,181,18249
8537,445,34110
8538,481,28088
8539,493,29103
8540,334,14179
8541,469,29257
8542,476,29868
8543,10,13956
8544,201,19343
8545,212,22813
8546,473,33085
8547,204,30141
8548,229,25187
8549,337,12532
8550,482,15221
8551,142,12431
8552,29,20801
8553,484,24915
8554,402,23495
8555,36,22544
8556,144,11100
8557,296,18078
8558,110,22143
8559,235,30859
8560,488,28404
8561,49,24829
8562,290,32572
8563,65,31529
8564,19,31547
8565,396,31459
8566,301,29912
8567,328,24069
8568,132,16765
8569,154,32554
8570,482,18395
8571,283,27381
8572,424,28864
8573,18,20536
8574,131,18427
8575,154,23266
8576,343,13859
8577,345,12110
8578,93,19979
8579,398,16507
8580,110,32942
8581,139,11823
8582,85,26659
8583,157,21190
8584,429,16144
8585,26,32958
8586,204,22099
8587,251,16851
8588,448,19255
8589,340,14314
8590,258,14619
8591,482,21509
8592,476,34808
8593,226,34519
8594,314,24456
8595,253,25691
8596,434,26326
8597,244,16834
8598,482,19430
8599,337,14685
8600,291,15241
8601,92,30949
8602,487,16030
8603,376,15344
8604,150,11173
8605,41,26999
8606,276,20088
8607,100,23823
8608,431,25934
8609,425,34897
8610,260,29238
8611,206,14625
8612,305,21745
8613,148,13578
8614,368,33062
8615,364,27667
8616,43,23347
8617,104,17254
8618,346,12523
8619,131,17970
8620,157,32319
8621,403,21752
8622,342,13272
8623,304,33343
8624,491,21368
8625,85,23848
8626,50,25662
8627,247,28175
8628,363,26689
8629,358,24282
8630,94,23870
8631,324,31930
8632,478,20926
8633,161,22475
8634,471,24025
8635,185,19700
8636,11,23394
8637,370,16459
8638,341,13854
8639,151,14109
8640,214,22932
8641,77,27791
8642,490,34449
8643,347,11868
8644,486,16859
8645,77,16483
8646,424,17968
8647,38,21243
8648,318,29645
8649,148,12620
8650,43,17989
8651,101,15534
8652,429,28683
8653,414,34075
8654,187,31348
8655,178,34203
8656,114,31923
8657,262,22851
8658,115,26729
8659,162,27204
8660,181,16341
8661,292,23905
8662,395,23764
8663,39,27147
8664,246,30055
8665,250,23431
8666,456,16843
8667,318,25620
8668,274,33688
8669,281,17933
8670,58,21171
8671,274,29894
8672,236,29039
8673,269,28454
8674,178,24708
8675,242,34846
8676,422,15984
8677,419,14364
8678,160,33241
8679,125,28909
8680,387,15913
8681,405,28175
8682,478,24705
8683,251,24842
8684,312,29441
8685,324,28266
8686,252,29534
8687,362,33374
8688,433,34124
8689,242,20082
8690,457,19307
8691,66,27771
8692,425,33163
8693,381,28583
8694,468,20973
8695,104,20346
8696,352,31712
8697,191,29800
8698,155,14020
8699,443,16401
8700,349,11937
8701,500,32460
8702,64,15912
8703,318,15362
8704,123,21112
8705,275,30397
8706,241,18161
8707,294,27066
8708,392,32646
8709,249,21635
8710,129,24912
8711,262,27856
8712,88,17358
8713,467,23206
8714,215,28147
8715,399,28260
8716,114,15740
8717,78,32808
8718,225,30831
8719,217,28831
8720,365,26330
8721,13,31629
8722,189,29723
8723,88,31998
8724,355,31787
8725,118,15137
8726,160,30506
8727,155,22021
8728,469,19282
8729,399,23981
8730,159,19700
8731,382,16544
8732,422,17418
8733,157,19031
8734,478,22563
8735,149,11300
8736,125,14303
8737,192,33831
8738,366,28874
8739,85,22376
8740,170,17479
8741,134,19644
8742,223,14464
8743,254,18575
8744,394,23654
8745,432,16270
8746,69,34409
8747,106,16800
8748,390,34389
8749,393,25905
8750,341,11194
8751,441,22873
8752,328,26569
8753,369,26973
8754,173,33499
8755,368,34683
8756,436,25770
8757,365,32150
8758,78,18454
8759,470,15722
8760,278,26836
8761,333,19461
8762,428,29597
8763,443,34447
8764,450,17170
8765,381,24566
8766,245,31695
8767,400,28513
8768,498,15998
8769,198,34908
8770,92,31859
8771,448,28069
8772,14,22255
8773,153,27814
8774,204,29702
8775,174,33190
8776,370,30327
8777,387,15091
8778,242,24820
8779,193,27742
8780,126,20849
8781,146,14899
8782,12,32263
8783,170,16547
8784,452,16722
8785,286,23111
8786,174,21315
8787,54,24703
8788,398,34906
8789,216,15388
8790,138,12394
8791,265,15861
8792,144,14919
8793,214,32309
8794,438,21095
8795,311,22784
8796,278,32089
8797,410,14395
8798,201,27750
8799,392,26500
8800,136,14577
8801,67,15055
8802,421,14270
8803,281,32243
8804,295,25298
8805,441,18267
8806,176,23993
8807,44,30569
8808,107,14435
8809,480,31625
8810,43,32714
8811,82,14184
8812,423,25641
8813,28,32776
8814,110,15602
8815,414,22343
8816,172,27158
8817,481,16653
8818,29,29756
8819,399,22916
8820,173,16064
8821,156,19617
8822,331,22883
8823,312,26366
8824,114,31258
8825,314,33880
8826,114,27016
8827,211,24181
8828,15,25885
8829,303,17889
8830,181,18066
8831,407,25596
8832,341,11394
8833,100,23483
8834,357,28320
8835,203,30836
8836,261,19422
8837,16,19005
8838,302,22602
8839,208,18338
8840,179,16347
8841,170,34001
8842,267,24952
8843,348,14928
8844,186,31245
8845,207,22181
8846,121,23763
8847,167,17818
8848,40,23180
8849,252,22929
8850,438,23953
8851,191,23679
8852,162,19780
8853,348,14824
8854,76,28807
8855,110,28021
8856,67,16316
8857,290,21643
8858,147,13913
8859,335,31129
8860,80,17502
8861,350,11291
8862,444,27940
8863,73,25361
8864,361,17559
8865,329,14874
8866,232,25658
8867,177,21085
8868,259,15749
8869,294,25184
8870,286,18978
8871,237,22895
8872,55,32578
8873,499,22989
8874,419,22227
8875,249,25341
8876,248,15443
8877,293,15425
8878,159,23717
8879,274,14679
8880,121,29230
8881,465,18182
8882,305,18579
8883,277,22343
8884,423,33057
8885,303,20463
8886,460,24580
8887,201,32467
8888,86,28295
8889,99,26636
8890,183,15868
8891,492,14916
8892,333,21737
8893,334,19456
8894,202,29363
8895,336,12073
8896,48,19859
8897,376,22713
8898,405,27692
8899,443,32009
8900,315,15700
8901,194,28737
8902,14,33389
8903,90,23902
8904,428,17161
8905,133,25389
8906,242,34223
8907,278,24433
8908,416,18067
8909,122,15036
8910,100,34074
8911,492,16098
8912,61,30743
8913,442,32077
8914,86,29624
8915,273,20186
8916,181,29089
8917,285,15580
8918,261,21515
8919,460,24875
8920,472,19700
8921,247,20784
8922,448,14063
8923,491,27943
8924,113,17837
8925,473,31315
8926,289,27670
8927,386,30516
8928,131,33695
8929,362,23754
8930,260,31996
8931,105,19299
8932,375,30657
8933,380,31099
8934,474,20318
8935,164,32552
8936,241,18791
8937,396,16693
8938,411,34164
8939,360,21746
8940,127,28372
8941,46,21424
8942,148,12531
8943,202,25889
8944,326,26880
8945,418,30951
8946,28,17346
8947,288,27177
8948,8,7812
8949,426,33174
8950,314,18485
8951,235,24465
8952,165,16030
8953,406,34520
8954,378,27486
8955,184,22223
8956,120,29467
8957,286,32052
8958,27,15997
8959,436,33974
8960,499,26141
8961,375,28648
8962,106,32159
8963,99,25605
8964,115,20613
8965,281,26680
8966,220,16328
8967,100,30042
8968,355,14422
8969,494,30901
8970,237,24126
8971,379,28443
8972,16,29064
8973,81,17471
8974,277,24874
8975,298,19912
8976,305,24500
8977,492,27114
8978,289,27259
8979,321,15065
8980,71,26824
8981,153,24978
8982,309,22720
8983,290,26293
8984,30,26958
8985,492,31871
8986,138,14128
8987,176,21867
8988,184,21398
8989,454,28171
8990,83,14502
8991,198,33243
8992,151,27913
8993,161,23162
8994,252,32042
8995,6,8842
8996,439,28238
8997,213,15992
8998,249,17164
8999,379,15531
9000,355,26727
9001,354,17624
9002,257,20499
9003,238,34659
9004,33,20602
9005,36,15016
9006,190,21245
9007,262,16037
9008,480,17562
9009,353,34408
9010,74,23262
9011,92,30513
9012,79,33889
9013,221,33792
9014,345,13787
9015,180,14954
9016,147,12810
9017,66,16545
9018,293,33107
9019,130,29281
9020,380,30770
9021,27,26301
9022,76,21193
9023,293,25631
9024,372,20851
9025,490,24754
9026,55,28107
9027,187,31790
9028,48,28511
9029,456,23552
9030,352,28824
9031,141,12340
9032,125,23533
9033,365,28588
9034,415,23977
9035,118,20609
9036,79,21731
9037,150,11519
9038,299,25772
9039,489,31969
9040,159,34458
9041,323,33703
9042,418,17073
9043,193,21700
9044,390,34945
9045,146,11421
9046,216,26817
9047,393,26236
9048,474,23798
9049,422,15694
9050,469,16341
9051,116,26245
9052,366,30480
9053,380,19273
9054,47,17033
9055,333,17043
9056,275,14197
9057,37,30570
9058,298,25012
9059,192,30519
9060,168,19506
9061,140,11254
9062,463,25466
9063,6,7730
9064,376,14718
9065,313,30330
9066,117,30368
9067,115,16235
9068,431,30556
9069,165,24669
9070,360,22498
9071,90,18708
9072,99,28768
9073,472,34690
9074,217,18442
9075,424,17756
9076,50,21959
9077,6,8068
9078,53,31198
9079,89,34403
9080,266,33389
9081,480,14343
9082,464,14714
9083,274,23176
9084,9,9231
9085,396,28921
9086,57,23562
9087,215,31852
9088,194,33175
9089,376,26793
9090,373,23459
9091,232,31244
9092,472,16155
9093,305,17601
9094,386,20906
9095,165,18152
9096,312,23442
9097,79,24671
9098,466,20498
9099,491,29386
9100,447,31708
9101,474,32450
9102,236,16509
9103,262,15273
9104,191,33389
9105,466,26736
9106,157,34861
9107,405,30370
9108,404,19634
9109,140,14560
9110,333,22249
9111,380,33628
9112,139,14562
9113,39,20240
9114,416,26526
9115,256,26853
9116,14,25703
9117,158,21399
9118,127,31328
9119,17,31921
9120,379,19100
9121,376,28836
9122,293,17198
9123,126,15683
9124,480,32545
9125,484,25881
9126,160,24323
9127,188,22145
9128,65,30993
9129,40,22499
9130,33,26419
9131,37,21813
9132,184,15564
9133,127,32861
9134,276,14720
9135,368,19324
9136,31,19630
9137,276,22359
9138,124,34267
9139,445,16224
9140,83,14682
9141,303,18395
9142,50,23198
9143,25,27385
9144,24,22658
9145,222,21484
9146,343,14127
9147,241,20857
9148,293,22356
9149,224,24098
9150,303,27400
9151,391,15240
9152,418,30732
9153,387,34135
9154,101,19018
9155,260,30510
9156,161,27922
9157,206,31942
9158,360,20119
9159,240,29844
9160,36,34901
9161,407,15562
9162,484,24688
9163,7,8778
9164,52,18383
9165,156,23534
9166,462,19390
9167,89,30095
9168,110,23002
9169,442,28502
9170,150,11966
9171,222,34791
9172,498,30807
9173,396,29559
9174,98,21650
9175,402,15231
9176,314,29150
9177,468,32354
9178,186,16315
9179,499,25147
9180,110,18033
9181,285,15872
9182,56,21783
9183,487,30264
9184,105,27750
9185,386,22376
9186,63,20490
9187,227,18001
9188,177,21981
9189,59,32155
9190,257,17636
9191,13,19874
9192,170,16330
9193,255,26237
9194,74,19648
9195,133,20151
9196,181,25401
9197,43,20898
9198,419,30649
9199,359,16888
9200,375,26405
9201,155,15071
9202,4,8426
9203,245,30981
9204,452,30495
9205,391,24103
9206,132,18527
9207,312,19109
9208,432,33276
9209,382,19982
9210,423,31428
9211,490,25821
9212,279,21450
9213,395,15208
9214,256,16272
9215,489,24890
9216,37,34834
9217,376,14532
9218,309,33566
9219,229,14424
9220,410,21654
9221,138,13449
9222,369,14656
9223,357,28474
9224,309,27397
9225,15,34697
9226,7,6549
9227,216,22572
9228,85,16116
9229,376,24976
9230,30,17887
9231,241,24343
9232,259,32952
9233,136,12423
9234,183,16916
9235,300,31039
9236,415,32413
9237,189,19024
9238,51,34501
9239,287,22001
9240,343,11827
9241,430,30295
9242,432,31311
9243,434,18868
9244,47,20985
9245,332,28157
9246,301,25304
9247,493,23843
9248,142,14822
9249,46,25747
9250,329,14859
9251,434,27670
9252,393,31954
9253,312,24861
9254,20,31968
9255,209,19709
9256,71,28662
9257,461,20498
9258,234,15693
9259,110,33262
9260,463,30767
9261,44,23340
9262,380,34098
9263,302,29862
9264,57,33200
9265,402,14791
9266,205,28638
9267,377,15528
9268,177,19859
9269,255,27850
9270,367,32345
9271,17,28156
9272,254,31746
9273,225,21134
9274,40,25786
9275,270,19760
9276,180,18398
9277,379,21499
9278,97,20967
9279,448,23691
9280,419,21378
9281,115,26252
9282,91,29316
9283,129,29278
9284,239,31659
9285,143,11577
9286,53,28584
9287,279,34325
9288,468,34614
9289,193,27148
9290,224,23582
9291,52,27129
9292,81,19149
9293,191,31717
9294,120,14841
9295,350,11080
9296,59,25187
9297,287,22353
9298,192,30714
9299,245,24009
9300,337,13001
9301,193,22924
9302,388,29314
9303,98,20308
9304,358,15240
9305,399,31860
9306,301,25671
9307,191,28689
9308,91,29890
9309,210,28615
9310,292,27995
9311,273,22001
9312,323,31248
9313,399,19540
9314,80,26935
9315,86,17249
9316,167,31021
9317,304,26204
9318,455,17792
9319,290,28122
9320,488,26243
9321,278,15718
9322,408,24400
9323,272,31348
9324,420,33236
9325,466,22544
9326,210,18034
9327,117,30295
9328,350,11356
9329,355,29676
9330,266,31319
9331,79,14524
9332,221,29402
9333,378,32494
9334,320,33475
9335,239,15972
9336,347,12925
9337,302,24386
9338,298,21077
9339,468,17219
9340,243,14227
9341,450,32160
9342,125,31950
9343,100,18819
9344,66,14442
9345,224,30898
9346,205,21564
9347,276,23202
9348,91,14870
9349,170,30203
9350,168,14321
9351,316,24841
9352,477,18733
9353,454,23788
9354,31,31110
9355,424,32066
9356,33,26164
9357,438,18819
9358,9,8339
9359,5,25490
9360,127,18070
9361,481,32641
9362,67,24080
9363,243,22430
9364,468,14098
9365,223,28108
9366,350,14835
9367,126,17906
9368,92,32061
9369,348,12207
9370,470,29165
9371,497,32366
9372,196,17695
9373,129,33231
9374,382,20388
9375,196,21660
9376,161,27873
9377,226,18764
9378,376,24621
9379,206,19978
9380,491,33732
9381,351,32860
9382,75,16303
9383,126,30727
9384,148,14113
9385,19,16344
9386,323,24407
9387,432,26529
9388,346,14195
9389,60,22888
9390,174,22993
9391,73,15849
9392,6,8044
9393,381,16644
9394,222,21313
9395,266,30127
9396,235,33932
9397,15,25611
9398,246,20846
9399,165,26990
9400,165,18339
9401,454,15612
9402,44,19757
9403,406,20965
9404,445,22797
9405,287,22279
9406,73,19412
9407,181,20259
9408,247,21166
9409,454,14234
9410,25,18045
9411,486,18220
9412,422,26730
9413,14,26260
9414,430,33247
9415,445,21926
9416,437,19217
9417,167,17236
9418,91,16388
9419,380,17208
9420,494,17713
9421,83,28542
9422,312,19603
9423,265,21664
9424,90,25570
9425,120,21339
9426,123,15050
9427,239,19441
9428,406,19343
9429,399,23092
9430,469,20990
9431,473,29118
9432,82,30332
9433,292,32954
9434,298,30233
9435,461,17149
9436,236,24395
9437,385,23057
9438,303,26311
9439,108,20494
9440,54,17809
9441,110,23087
9442,275,24154
9443,326,24419
9444,339,14139
9445,68,20615
9446,208,25482
9447,296,28263
9448,49,14178
9449,289,27366
9450,243,22037
9451,338,12743
9452,296,34985
9453,37,31255
9454,389,32855
9455,275,26443
9456,247,25989
9457,34,27244
9458,139,14037
9459,227,29614
9460,483,30787
9461,268,14100
9462,283,15396
9463,187,33750
9464,313,23931
9465,132,27712
9466,413,24061
9467,420,27122
9468,455,15867
9469,361,15979
9470,454,19514
9471,382,18644
9472,114,31073
9473,470,15019
9474,199,18678
9475,80,19174
9476,472,22829
9477,273,27219
9478,343,11772
9479,143,11491
9480,5,25655
9481,59,20756
9482,176,21400
9483,109,33302
9484,213,14068
9485,387,19123
9486,61,20229
9487,31,23500
9488,336,13172
9489,372,25404
9490,460,27650
9491,428,21933
9492,259,18560
9493,295,32884
9494,328,14670
9495,394,22491
9496,19,20445
9497,230,32709
9498,307,30202
9499,233,26526
9500,179,27461
9501,486,33492
9502,199,16055
9503,480,24869
9504,131,17123
9505,411,33502
9506,133,18683
9507,211,30761
9508,272,27048
9509,312,30144
9510,373,17465
9511,258,16476
9512,198,19240
9513,26,27572
9514,432,16575
9515,249,18507
9516,280,28481
9517,259,15919
9518,438,29042
9519,453,33700
9520,362,24602
9521,483,17642
9522,213,28596
9523,355,25862
9524,388,32615
9525,311,23057
9526,365,32672
9527,87,24037
9528,33,23093
9529,498,28420
9530,68,26851
9531,110,22288
9532,191,22658
9533,397,14437
9534,153,25864
9535,288,29199
9536,161,21835
9537,64,16596
9538,454,15584
9539,347,12903
9540,385,18599
9541,411,27067
9542,170,25931
9543,126,21802
9544,383,27456
9545,236,18206
9546,334,15544
9547,190,32397
9548,91,28474
9549,235,18470
9550,329,14436
9551,313,26721
9552,229,18403
9553,273,14652
9554,153,15724
9555,151,21022
9556,174,25053
9557,150,12910
9558,165,17997
9559,383,34836
9560,53,16717
9561,216,17953
9562,37,34340
9563,315,20641
9564,339,13357
9565,375,14301
9566,484,26707
9567,306,21282
9568,58,17048
9569,191,32137
9570,195,31039
9571,103,30552
9572,134,32995
9573,245,31397
9574,169,29375
9575,165,16293
9576,448,30236
9577,385,28915
9578,362,15231
9579,89,20583
9580,119,33203
9581,370,34330
9582,499,25934
9583,119,19784
9584,72,31045
9585,390,16271
9586,276,25137
9587,311,25141
9588,229,18537
9589,499,32541
9590,135,33396
9591,215,21057
9592,114,22916
9593,311,14465
9594,382,34842
9595,467,34344
9596,356,15907
9597,289,28877
9598,402,20897
9599,384,15372
9600,167,27372
9601,146,13710
9602,109,19204
9603,138,14068
9604,115,21537
9605,270,26534
9606,376,17442
9607,435,15821
9608,18,24347
9609,221,25187
9610,62,22599
9611,120,31845
9612,157,31078
9613,261,18038
9614,366,20933
9615,475,15792
9616,391,22127
9617,182,19808
9618,61,28721
9619,92,14329
9620,349,12719
9621,128,24744
9622,280,19894
9623,244,26998
9624,374,34153
9625,74,27899
9626,266,34668
9627,22,17877
9628,90,18179
9629,290,26717
9630,207,26473
9631,109,20596
9632,377,15155
9633,434,28904
9634,341,12830
9635,94,14036
9636,497,28661
9637,440,30402
9638,496,31007
9639,179,20575
9640,218,34207
9641,199,25120
9642,456,18188
9643,214,20569
9644,380,27096
9645,445,32738
9646,256,20491
9647,60,16173
9648,394,33926
9649,435,20295
9650,82,29381
9651,27,22827
9652,16,23285
9653,301,14615
9654,428,32502
9655,141,12741
9656,470,25453
9657,48,18825
9658,351,29657
9659,9,6501
9660,110,17559
9661,358,30662
9662,113,15451
9663,236,32566
9664,25,14328
9665,304,27895
9666,414,17624
9667,490,34176
9668,15,27332
9669,401,33045
9670,228,14256
9671,380,18338
9672,323,20446
9673,20,32352
9674,407,21975
9675,270,20073
9676,45,25745
9677,379,17780
9678,205,30903
9679,452,28462
9680,112,20044
9681,481,14124
9682,305,34861
9683,277,31696
9684,261,26968
9685,424,19623
9686,324,31065
9687,42,28692
9688,190,30143
9689,169,20348
9690,466,32730
9691,382,27643
9692,251,22038
9693,301,28717
9694,118,30592
9695,430,34209
9696,79,29971
9697,216,29467
9698,170,30819
9699,101,19242
9700,497,25654
9701,97,27914
9702,418,29695
9703,326,18791
9704,128,16984
9705,317,28518
9706,93,17806
9707,12,33783
9708,427,34839
9709,30,28074
9710,494,28672
9711,221,30158
9712,390,19398
9713,204,26271
9714,250,28877
9715,225,27556
9716,76,25896
9717,172,30822
9718,84,24761
9719,226,33512
9720,22,34605
9721,247,30982
9722,20,15416
9723,444,26114
9724,384,20111
9725,168,27013
9726,327,18515
9727,279,23464
9728,169,28672
9729,466,23936
9730,479,26367
9731,273,28434
9732,460,29168
9733,185,16862
9734,304,33722
9735,184,33456
9736,113,23110
9737,409,24398
9738,259,31706
9739,370,19165
9740,218,20892
9741,464,25798
9742,188,32109
9743,435,16827
9744,387,27139
9745,458,27433
9746,402,29958
9747,66,22034
9748,186,15674
9749,22,33925
9750,463,29671
9751,485,23565
9752,30,19844
9753,346,12718
9754,85,22078
9755,242,34498
9756,310,24524
9757,359,19749
9758,57,21799
9759,64,22641
9760,472,23377
9761,220,16424
9762,65,23847
9763,355,22609
9764,299,31233
9765,132,14981
9766,20,30669
9767,433,25877
9768,60,17111
9769,479,28926
9770,83,33447
9771,142,12045
9772,309,20482
9773,57,34961
9774,5,20053
9775,482,16426
9776,319,27398
9777,365,31861
9778,287,17740
9779,10,12417
9780,345,13152
9781,444,28343
9782,84,25172
9783,456,30888
9784,122,33910
9785,243,14869
9786,216,15320
9787,66,15177
9788,315,26628
9789,21,29462
9790,351,27648
9791,296,24601
9792,284,33976
9793,122,33484
9794,446,16860
9795,481,32367
9796,307,26693
9797,312,17055
9798,171,20820
9799,57,27380
9800,383,18263
9801,19,24261
9802,173,24429
9803,329,25534
9804,9,8542
9805,26,19379
9806,197,20859
9807,177,25110
9808,141,13492
9809,112,18595
9810,65,18498
9811,174,18327
9812,65,31961
9813,461,33082
9814,259,23922
9815,26,22240
9816,486,18236
9817,262,14978
9818,289,23667
9819,24,25703
9820,135,28828
9821,370,16967
9822,368,16101
9823,123,19129
9824,18,14391
9825,366,22906
9826,242,16171
9827,481,25354
9828,300,19305
9829,325,16941
9830,388,20181
9831,108,25629
9832,183,19473
9833,436,27086
9834,102,16323
9835,446,25248
9836,249,28413
9837,144,14899
9838,404,15791
9839,179,20463
9840,180,31616
9841,136,11494
9842,399,28996
9843,247,32070
9844,91,28696
9845,115,27519
9846,242,26579
9847,133,33339
9848,323,26212
9849,447,20288
9850,193,15105
9851,384,32885
9852,161,17923
9853,373,28243
9854,281,16099
9855,239,21607
9856,273,27287
9857,405,16506
9858,105,17899
9859,43,21140
9860,52,26251
9861,90,14764
9862,83,26373
9863,60,33078
9864,210,23757
9865,64,20650
9866,56,26363
9867,171,29685
9868,383,23605
9869,414,32492
9870,253,15273
9871,276,22047
9872,128,16530
9873,53,15828
9874,315,31643
9875,416,21756
9876,259,15461
9877,447,32723
9878,51,25054
9879,416,28379
9880,220,33178
9881,412,15054
9882,266,31318
9883,312,32383
9884,209,34377
9885,141,14719
9886,406,15135
9887,42,19528
9888,351,27822
9889,48,24826
9890,383,23877
9891,45,29246
9892,83,30314
9893,123,30663
9894,29,14443
9895,480,18783
9896,285,16286
9897,143,14760
9898,172,32552
9899,381,20528
9900,254,29673
9901,229,29567
9902,243,29517
9903,464,32949
9904,385,34351
9905,482,23181
9906,191,28396
9907,486,15881
9908,278,32789
9909,296,26641
9910,344,11121
9911,389,17655
9912,242,22805
9913,477,31876
9914,26,15394
9915,229,33857
9916,314,17768
9917,383,31504
9918,269,19666
9919,463,22153
9920,234,29117
9921,345,11349
9922,354,28595
9923,37,29803
9924,495,18254
9925,136,13991
9926,497,31859
9927,248,18173
9928,365,30629
9929,69,30926
9930,418,33168
9931,260,21503
9932,12,21527
9933,302,22843
9934,242,19341
9935,199,24768
9936,131,16564
9937,431,16276
9938,293,27760
9939,18,26871
9940,64,23698
9941,143,13041
9942,255,22844
9943,325,29811
9944,241,34974
9945,488,27132
9946,114,16884
9947,153,14507
9948,485,27162
9949,441,26644
9950,101,26598
9951,180,26094
9952,367,26350
9953,64,21060
9954,349,12907
9955,354,24566
9956,327,22320
9957,380,25815
9958,149,14556
9959,247,28062
9960,371,32291
9961,414,16296
9962,268,19371
9963,79,15073
9964,143,11008
9965,166,22250
9966,412,26025
9967,487,29764
9968,16,15670
9969,466,34250
9970,441,32250
9971,221,17702
9972,456,29083
9973,442,31364
9974,225,21757
9975,272,19080
9976,486,33976
9977,360,27258
9978,71,24205
9979,129,31542
9980,131,31170
9981,134,15264
9982,327,23760
9983,208,33116
9984,241,16259
9985,104,20685
9986,358,29551
9987,99,34045
9988,309,33825
9989,148,11303
9990,488,26893
9991,491,31966
9992,337,12163
9993,370,33991
9994,391,18933
9995,412,28601
9996,341,11856
9997,35,16012
9998,320,28042
9999,205,20559
10000,28,20157
10001,130,20879
10002,478,18485
10003,384,23493
10004,325,29618
10005,103,29201
10006,302,30842
10007,393,30661
10008,58,17482
10009,461,18709
10010,137,12621
10011,25,15698
10012,124,23357
10013,106,21932
10014,369,28286
10015,236,15253
10016,364,15700
10017,449,15914
10018,454,28888
10019,113,26478
10020,379,24640
10021,350,13217
10022,71,18266
10023,274,22918
10024,265,18642
10025,229,16002
10026,281,27531
10027,21,28839
10028,331,27144
10029,396,19879
10030,456,29476
10031,443,17912
10032,48,30872
10033,304,31592
10034,301,30220
10035,411,14514
10036,471,26143
10037,143,13220
10038,420,23555
10039,286,33127
10040,12,22534
10041,161,34077
10042,212,29855
10043,464,32507
10044,209,21200
10045,195,15791
10046,76,16231
10047,471,28271
10048,453,26525
10049,52,26203
10050,61,22806
10051,401,27173
10052,327,28584
10053,386,17980
10054,116,18281
10055,123,23365
10056,433,30796
10057,420,31967
10058,424,16879
10059,177,22186
10060,447,20158
10061,425,34693
10062,403,26695
10063,240,34051
10064,104,24584
10065,285,19982
10066,36,30780
10067,59,25607
10068,357,17831
10069,118,21103
10070,409,22621
10071,179,28909
10072,456,14481
10073,338,11407
10074,300,32564
10075,473,15815
10076,315,25309
10077,8,7467
10078,255,26796
10079,139,12802
10080,354,29437
10081,282,23295
10082,405,23472
10083,323,32983
10084,396,28237
10085,274,26144
10086,287,29231
10087,153,20665
10088,72,29374
10089,336,13672
10090,90,34724
10091,433,28030
10092,252,32608
10093,276,14072
10094,192,16519
10095,88,34200
10096,432,25298
10097,499,24086
10098,410,21818
10099,174,33295
10100,26,23316
10101,485,25951
10102,212,32433
10103,112,28847
10104,72,28374
10105,50,19761
10106,382,29743
10107,258,31386
10108,370,29055
10109,68,32978
10110,244,28958
10111,396,29168
10112,463,20001
10113,355,29959
10114,76,27521
10115,294,15285
10116,386,21926
10117,255,27019
10118,430,14481
10119,384,21242
10120,320,29906
10121,271,25093
10122,200,14672
10123,243,24161
10124,404,19986
10125,421,26254
10126,363,30251
10127,8,7230
10128,456,34950
10129,114,27719
10130,99,27722
10131,198,22013
10132,107,33924
10133,478,30720
10134,459,29758
10135,461,17885
10136,380,20677
10137,491,32608
10138,120,27702
10139,43,33816
10140,12,28999
10141,103,15791
10142,380,27347
10143,496,34782
10144,22,23769
10145,423,30102
10146,113,27324
10147,107,25741
10148,173,33967
10149,228,19859
10150,48,25897
10151,147,11034
10152,406,27337
10153,45,27749
10154,219,20398
10155,171,16586
10156,152,17024
10157,314,17582
10158,128,23323
10159,342,12073
10160,76,18662
10161,340,13932
10162,97,17614
10163,175,18909
10164,430,29927
10165,499,19717
10166,471,19607
10167,177,20231
10168,9,7881
10169,222,27820
10170,347,11042
10171,51,23412
10172,308,21851
10173,230,32829
10174,228,34858
10175,398,19405
10176,357,25352
10177,12,28253
10178,175,26325
10179,265,33948
10180,402,17305
10181,91,29648
10182,117,19230
10183,22,16983
10184,368,34486
10185,113,18705
10186,27,15260
10187,5,14193
10188,392,33974
10189,189,18032
10190,43,26780
10191,427,27992
10192,216,19553
10193,43,33283
10194,157,29272
10195,378,22959
10196,479,24600
10197,328,30169
10198,479,16087
10199,100,25176
10200,257,17694
10201,495,21177
10202,352,18970
10203,320,26379
10204,268,29825
10205,163,29817
10206,482,25296
10207,262,27981
10208,70,22792
10209,209,18595
10210,166,16437
10211,360,32941
10212,64,33226
10213,170,21436
10214,240,25347
10215,283,34211
10216,154,17369
10217,41,30083
10218,358,20097
10219,361,26262
10220,369,18734
10221,41,33183
10222,438,18956
10223,231,21479
10224,341,14980
10225,109,25864
10226,287,33648
10227,5,23531
10228,164,30012
10229,306,34399
10230,450,31597
10231,79,23184
10232,441,29516
10233,239,34491
10234,102,19412
10235,291,32919
10236,197,28004
10237,346,12865
10238,494,26846
10239,227,28044
10240,354,15908
10241,88,30032
10242,144,12333
10243,21,21211
10244,403,22827
10245,174,29116
10246,448,33476
10247,152,24304
10248,35,30379
10249,309,33229
10250,277,23607
10251,403,30637
10252,88,28143
10253,382,19850
10254,123,14148
10255,172,17480
10256,231,19169
10257,5,29667
10258,371,27375
10259,214,31958
10260,248,28077
10261,177,28705
10262,158,20343
10263,115,29137
10264,321,24730
10265,356,22392
10266,55,24665
10267,378,21567
10268,280,25334
10269,60,17139
10270,486,17000
10271,462,34437
10272,140,13196
10273,13,14493
10274,344,11323
10275,370,19418
10276,402,15493
10277,73,21445
10278,462,29807
10279,229,30646
10280,272,20407
10281,407,30212
10282,203,23775
10283,165,29420
10284,384,31194
10285,89,21072
10286,210,25682
10287,363,18571
10288,189,17389
10289,147,11241
10290,45,28541
10291,370,19592
10292,328,15444
10293,40,27586
10294,497,16363
10295,7,7407
10296,166,23466
10297,419,29109
10298,323,30199
10299,233,28233
10300,40,31981
10301,256,18227
10302,13,24940
10303,100,18636
10304,94,28818
10305,112,24183
10306,20,17579
10307,25,33538
10308,172,32140
10309,114,34350
10310,456,22118
10311,437,22915
10312,148,14669
10313,463,23548
10314,101,31248
10315,103,15998
10316,413,21278
10317,249,30474
10318,493,17457
10319,372,25847
10320,388,21921
10321,243,25158
10322,176,28288
10323,495,18362
10324,70,22872
10325,477,26530
10326,23,24361
10327,279,14899
10328,341,14386
10329,330,33222
10330,369,33972
10331,188,33666
10332,131,22758
10333,33,18389
10334,416,29609
10335,119,18268
10336,233,17624
10337,4,7919
10338,69,16954
10339,308,18194
10340,412,19058
10341,113,23399
10342,291,25987
10343,223,18656
10344,470,28228
10345,409,32935
10346,189,23619
10347,242,31910
10348,161,25117
10349,486,25505
10350,249,29056
10351,100,14629
10352,341,13557
10353,285,19872
10354,487,33719
10355,468,21835
10356,55,22096
10357,125,17565
10358,147,13219
10359,17,22269
10360,348,14189
10361,216,33759
10362,401,18305
10363,479,28910
10364,415,23416
10365,260,24845
10366,357,17556
10367,415,29380
10368,235,31435
10369,438,26962
10370,399,31343
10371,370,19982
10372,233,16465
10373,90,17900
10374,424,18544
10375,457,32029
10376,80,14750
10377,337,11950
10378,7,7487
10379,322,31061
10380,216,15170
10381,88,21676
10382,226,26452
10383,314,14486
10384,445,18116
10385,390,32667
10386,365,32816
10387,46,16146
10388,471,26130
10389,387,18384
10390,211,25010
10391,83,16503
10392,421,19229
10393,480,15293
10394,309,17687
10395,308,20363
10396,335,34310
10397,232,25802
10398,424,30299
10399,260,19958
10400,66,20396
10401,136,14668
10402,127,34688
10403,450,17850
10404,336,13506
10405,351,25835
10406,178,26036
10407,457,33749
10408,260,23651
10409,403,17804
10410,13,22698
10411,29,24481
10412,395,19970
10413,67,26865
10414,45,24331
10415,287,16405
10416,241,28280
10417,33,24798
10418,89,25439
10419,13,29114
10420,211,24867
10421,416,34562
10422,191,31081
10423,392,26471
10424,239,32818
10425,373,16952
10426,225,17917
10427,357,24707
10428,44,26905
10429,207,21315
10430,180,15975
10431,190,20772
10432,341,12567
10433,282,20732
10434,187,14195
10435,95,16025
10436,243,29301
10437,340,12552
10438,363,29689
10439,268,24865
10440,262,34552
10441,308,28012
10442,459,21267
10443,424,29997
10444,90,21906
10445,109,25826
10446,442,32413
10447,491,15846
10448,50,16047
10449,241,18780
10450,483,20867
10451,322,30280
10452,425,25327
10453,262,15906
10454,395,16631
10455,253,19429
10456,124,23302
10457,20,32313
10458,92,14097
10459,210,29999
10460,74,28398
10461,177,21445
10462,310,29555
10463,186,33830
10464,11,26842
10465,315,28186
10466,221,17508
10467,158,30729
10468,458,33903
10469,432,20879
10470,46,34500
10471,153,30126
10472,107,21956
10473,307,24892
10474,293,28994
10475,334,28026
10476,374,19842
10477,12,20007
10478,352,25509
10479,253,29632
10480,488,33912
10481,23,23020
10482,372,16594
10483,246,15714
10484,61,24329
10485,422,27696
10486,157,18753
10487,205,34562
10488,102,23824
10489,63,20971
10490,287,30516
10491,253,33117
10492,193,20602
10493,201,21621
10494,293,18410
10495,242,29611
10496,218,23634
10497,361,21650
10498,487,33304
10499,343,14369
10500,173,15332
10501,49,22147
10502,95,23565
10503,500,25887
10504,474,15452
10505,61,27637
10506,415,32746
10507,71,23418
10508,155,16408
10509,143,12646
10510,276,31575
10511,313,18346
10512,311,25448
10513,491,16062
10514,452,27698
10515,52,33109
10516,385,17179
10517,406,14235
10518,405,15585
10519,393,16551
10520,45,14694
10521,446,24731
10522,302,24762
10523,125,27730
10524,205,28708
10525,140,11966
10526,44,19690
10527,432,14437
10528,187,26232
10529,264,18865
10530,226,24252
10531,282,20515
10532,322,28590
10533,368,16315
10534,242,32309
10535,241,22188
10536,147,12979
10537,258,23242
10538,467,22182
10539,13,23017
10540,454,25101
10541,134,28832
10542,176,25209
10543,479,16303
10544,90,22682
10545,99,32526
10546,197,22669
10547,237,32386
10548,46,20621
10549,68,23007
10550,215,24453
10551,267,32965
10552,330,26151
10553,172,17116
10554,270,22514
10555,31,19581
10556,117,22790
10557,368,18539
10558,489,17758
10559,301,16852
10560,66,19317
10561,411,22087
10562,172,26039
10563,214,21840
10564,289,23419
10565,207,14712
10566,403,31773
10567,195,34265
10568,285,23141
10569,194,20575
10570,205,19460
10571,126,15939
10572,242,32869
10573,109,19256
10574,451,30813
10575,120,24363
10576,453,25996
10577,12,22296
10578,11,28345
10579,256,32622
10580,26,20659
10581,394,23298
10582,32,31146
10583,196,22179
10584,480,14208
10585,202,19165
10586,487,29938
10587,265,31288
10588,122,17718
10589,212,20437
10590,284,20108
10591,400,15960
10592,499,32313
10593,94,21287
10594,48,31023
10595,288,24352
10596,424,27739
10597,86,15878
10598,297,31034
10599,242,14997
10600,167,19332
10601,59,14426
10602,305,21255
10603,496,21764
10604,102,14973
10605,296,19894
10606,194,16756
10607,172,21112
10608,127,16068
10609,63,28197
10610,86,17718
10611,297,32984
10612,271,22038
10613,40,23227
10614,301,17070
10615,166,22181
10616,365,27373
10617,52,19426
10618,448,20600
10619,171,26358
10620,407,28775
10621,115,24701
10622,27,21190
10623,204,16610
10624,275,27224
10625,447,20102
10626,87,30504
10627,268,17724
10628,48,33979
10629,137,13630
10630,77,14278
10631,339,14383
10632,418,20426
10633,142,11218
10634,196,22778
10635,93,27454
10636,499,25145
10637,179,33633
10638,428,26784
10639,427,23401
10640,437,14408
10641,324,18250
10642,488,22226
10643,358,29399
10644,55,17657
10645,498,24719
10646,190,25786
10647,234,29298
10648,370,26519
10649,449,21852
10650,190,33425
10651,196,16337
10652,355,27877
10653,392,17507
10654,204,17466
10655,251,29409
10656,389,23712
10657,345,14774
10658,59,22600
10659,23,20059
10660,27,24218
10661,403,25962
10662,122,23454
10663,426,24552
10664,321,20111
10665,328,29598
10666,163,17534
10667,179,23798
10668,396,27055
10669,285,17028
10670,138,12085
10671,228,25935
10672,408,21654
10673,71,20335
10674,179,32077
10675,280,17391
10676,276,19617
10677,80,26909
10678,10,11381
10679,66,33956
10680,206,31720
10681,244,18403
10682,493,18194
10683,487,34695
10684,132,30160
10685,249,21212
10686,127,33821
10687,339,13427
10688,402,30076
10689,162,23302
10690,18,22867
10691,353,19483
10692,288,34554
10693,133,16767
10694,96,19645
10695,126,18090
10696,212,25280
10697,417,18211
10698,257,18662
10699,90,15863
10700,5,19606
10701,337,11769
10702,379,15173
10703,103,29894
10704,233,30348
10705,46,21563
10706,481,34061
10707,193,18424
10708,380,28026
10709,326,24783
10710,394,29747
10711,359,22138
10712,274,20770
10713,60,24055
10714,216,24022
10715,408,21307
10716,359,17655
10717,97,19992
10718,291,29283
10719,403,18530
10720,381,31429
10721,129,30716
10722,63,33205
10723,287,23821
10724,215,29508
10725,128,25654
10726,414,17701
10727,148,13037
10728,24,22783
10729,365,30324
10730,465,26493
10731,309,27237
10732,105,34782
10733,184,23395
10734,265,22626
10735,292,15502
10736,53,33934
10737,418,22848
10738,434,14366
10739,461,17200
10740,358,18828
10741,122,29558
10742,56,20302
10743,477,26083
10744,397,15552
10745,439,26684
10746,218,33900
10747,449,25851
10748,296,15394
10749,132,16313
10750,230,27254
10751,387,30513
10752,72,30250
10753,294,17453
10754,290,31330
10755,21,19981
10756,181,22067
10757,56,23843
10758,250,27074
10759,252,19404
10760,454,21720
10761,350,11706
10762,140,14483
10763,175,16145
10764,468,24777
10765,284,25971
10766,62,24312
10767,410,20532
10768,205,17581
10769,465,28030
10770,151,34140
10771,450,14416
10772,236,28482
10773,324,30264
10774,438,28348
10775,135,14257
10776,277,22982
10777,66,19354
10778,160,23951
10779,65,29455
10780,97,31856
10781,208,29757
10782,379,32712
10783,191,24228
10784,358,34458
10785,77,25370
10786,476,23781
10787,184,15438
10788,149,14832
10789,397,23114
10790,149,13857
10791,220,26812
10792,112,30763
10793,413,24672
10794,154,18361
10795,325,22199
10796,402,27579
10797,424,25698
10798,18,18270
10799,400,21246
10800,377,28312
10801,183,21934
10802,273,19371
10803,22,24157
10804,451,20465
10805,289,33066
10806,214,30456
10807,393,19207
10808,112,26361
10809,180,16379
10810,490,25634
10811,271,14742
10812,30,30735
10813,469,30977
10814,278,26201
10815,55,25980
10816,57,29293
10817,167,27753
10818,348,13791
10819,375,25344
10820,267,27224
10821,27,31392
10822,121,34570
10823,415,27184
10824,279,21274
10825,459,28170
10826,103,15996
10827,205,25355
10828,153,22936
10829,242,22519
10830,70,34393
10831,44,27663
10832,268,30748
10833,434,26779
10834,488,27164
10835,36,23749
10836,47,34919
10837,256,15533
10838,179,17600
10839,324,27360
10840,282,33849
10841,262,29412
10842,246,25225
10843,7,7240
10844,119,22057
10845,60,18873
10846,499,28001
10847,481,26931
10848,108,28113
10849,481,17118
10850,332,24048
10851,43,14763
10852,32,26507
10853,441,21395
10854,169,33637
10855,472,30119
10856,73,23430
10857,310,29496
10858,27,34695
10859,192,32189
10860,43,29216
10861,401,15158
10862,49,16674
10863,475,19966
10864,265,27985
10865,413,19500
10866,385,33323
10867,426,19135
10868,306,20247
10869,173,17521
10870,483,17314
10871,452,23983
10872,311,19632
10873,86,28547
10874,11,14859
10875,58,29141
10876,366,15456
10877,320,22550
10878,305,16181
10879,246,14046
10880,298,17864
10881,194,23817
10882,429,22052
10883,333,14432
10884,348,11166
10885,139,12897
10886,233,19332
10887,419,19394
10888,439,19761
10889,497,20641
10890,455,21112
10891,172,18509
10892,465,30744
10893,180,33266
10894,373,17389
10895,50,30993
10896,189,33994
10897,395,33936
10898,205,25992
10899,440,19295
10900,477,14475
10901,378,26728
10902,302,34634
10903,182,32899
10904,284,28389
10905,383,25807
10906,365,21615
10907,182,23906
10908,135,33342
10909,252,33807
10910,355,20720
10911,173,25325
10912,495,21206
10913,381,15315
10914,179,33493
10915,50,20323
10916,241,17879
10917,321,16503
10918,331,23931
10919,226,22330
10920,124,17744
10921,228,33849
10922,431,33078
10923,110,14721
10924,56,23574
10925,341,12828
10926,180,17733
10927,276,24748
10928,371,27986
10929,472,24733
10930,351,16146
10931,81,31452
10932,465,19090
10933,208,18515
10934,469,19776
10935,367,22266
10936,237,31106
10937,234,29805
10938,62,22250
10939,486,23867
10940,219,23397
10941,174,28279
10942,251,20118
10943,234,31637
10944,198,28339
10945,23,19170
10946,211,25550
10947,56,34915
10948,41,21697
10949,238,22613
10950,68,33324
10951,75,20072
10952,333,29770
10953,158,21865
10954,327,28172
10955,279,24740
10956,120,16499
10957,450,19782
10958,56,20827
10959,497,32810
10960,48,24969
10961,132,18691
10962,391,21852
10963,121,14388
10964,167,26567
10965,411,29376
10966,347,11995
10967,371,23928
10968,122,22397
10969,15,31376
10970,236,32072
10971,104,15546
10972,443,31637
10973,237,32749
10974,458,32563
10975,298,24249
10976,75,24616
10977,220,27703
10978,287,19256
10979,265,28467
10980,381,30072
10981,483,21480
10982,107,14615
10983,364,14442
10984,396,32559
10985,418,27894
10986,267,26541
10987,135,23912
10988,287,18879
10989,170,20766
10990,76,31077
10991,204,27078
10992,275,33025
10993,131,34793
10994,482,22122
10995,52,18799
10996,332,26317
10997,289,14134
10998,229,23959
10999,212,14040
11000,276,28723
11001,223,22930
11002,311,15596
11003,329,28651
11004,195,34887
11005,262,25822
11006,6,9464
11007,34,30635
11008,370,29311
11009,55,23102
11010,372,27991
11011,163,30087
11012,105,26509
11013,243,31188
11014,398,15752
11015,70,25951
11016,460,15692
11017,238,32581
11018,46,33503
11019,73,21574
11020,107,29620
11021,149,11419
11022,285,33868
11023,338,11062
11024,145,13589
11025,319,25691
11026,303,34109
11027,148,11842
11028,48,27312
11029,355,20346
11030,130,16272
11031,277,26490
11032,163,17620
11033,290,23048
11034,27,28580
11035,454,34655
11036,111,34348
11037,481,32042
11038,382,27572
11039,46,14287
11040,333,21263
11041,325,15217
11042,112,17204
11043,366,26561
11044,98,27733
11045,304,31748
11046,325,18133
11047,256,21871
11048,40,14329
11049,182,20316
11050,284,25863
11051,86,19587
11052,184,34656
11053,284,22432
11054,231,24469
11055,369,17055
11056,268,14973
11057,372,15432
11058,78,34078
11059,153,14930
11060,264,32646
11061,34,25700
11062,382,21213
11063,84,24243
11064,327,34649
11065,19,18927
11066,205,29840
11067,255,20004
11068,476,23739
11069,362,17652
11070,201,24165
11071,208,33325
11072,223,18298
11073,275,30453
11074,58,21174
11075,229,18688
11076,179,26462
11077,92,30684
11078,229,32067
11079,215,21439
11080,264,27925
11081,384,14795
11082,225,22250
11083,498,33225
11084,108,15480
11085,414,24283
11086,279,20418
11087,180,26784
11088,43,20108
11089,349,13037
11090,154,25953
11091,212,34240
11092,227,14336
11093,488,34631
11094,464,33272
11095,130,21849
11096,295,27660
11097,467,23771
11098,426,27772
11099,405,32508
11100,267,29969
11101,451,31728
11102,372,33047
11103,400,15333
11104,71,30458
11105,449,27556
11106,121,22089
11107,43,22825
11108,61,23994
11109,319,30932
11110,85,22113
11111,366,20232
11112,341,13988
11113,245,21559
11114,134,20257
11115,397,23114
11116,436,33983
11117,325,27056
11118,59,32410
11119,283,25904
11120,348,13879
11121,317,32204
11122,377,14355
11123,172,17509
11124,261,15082
11125,191,18744
11126,361,30864
11127,314,34913
11128,223,31175
11129,289,21143
11130,431,28681
11131,97,32748
11132,67,17582
11133,356,32772
11134,482,21583
11135,89,14860
11136,27,28311
11137,447,14256
11138,471,21183
11139,40,20364
11140,484,28775
11141,102,23805
11142,239,17304
11143,84,30770
11144,123,22084
11145,99,28763
11146,191,26993
11147,102,25720
11148,267,34765
11149,292,18209
11150,107,24299
11151,338,11587
11152,139,13490
11153,304,20666
11154,68,27995
11155,301,33410
11156,73,34126
11157,279,28751
11158,62,14392
11159,21,34383
11160,380,30354
11161,72,29371
11162,190,17606
11163,249,18869
11164,104,22527
11165,58,18511
11166,314,23404
11167,360,23147
11168,267,25165
11169,27,16837
11170,413,31097
11171,335,21052
11172,309,30202
11173,461,31228
11174,24,16601
11175,365,17574
11176,128,18705
11177,351,24438
11178,117,19675
11179,246,19656
11180,214,20067
11181,281,26622
11182,183,20784
11183,130,26953
11184,79,20552
11185,46,25156
11186,492,25600
11187,494,19087
11188,253,34695
11189,68,22007
11190,345,13160
11191,233,17690
11192,63,21375
11193,387,26460
11194,86,19459
11195,219,34711
11196,253,25230
11197,339,13356
11198,458,18228
11199,58,29548
11200,394,30980
11201,52,20931
11202,340,13144
11203,304,15874
11204,158,32138
11205,125,18063
11206,172,24010
11207,381,24863
11208,422,24149
11209,248,20312
11210,25,33919
11211,281,33074
11212,136,14269
11213,114,21553
11214,494,24049
11215,249,32576
11216,211,30488
11217,174,17341
11218,305,31991
11219,127,21800
11220,216,25227
11221,254,29820
11222,392,31051
11223,197,29086
11224,76,22444
11225,459,24802
11226,166,30406
11227,58,20091
11228,405,17992
11229,455,32817
11230,386,19033
11231,282,18376
11232,21,24492
11233,155,28283
11234,428,22225
11235,145,13512
11236,480,22071
11237,250,33128
11238,211,14711
11239,445,17777
11240,371,25926
11241,74,14965
11242,82,25966
11243,102,20344
11244,463,16424
11245,276,16914
11246,488,29567
11247,339,13187
11248,285,23855
11249,364,26931
11250,478,22625
11251,211,14567
11252,280,32417
11253,10,13598
11254,141,14172
11255,130,30498
11256,334,14151
11257,350,11212
11258,478,33599
11259,211,23649
11260,147,14014
11261,396,21418
11262,46,18364
11263,270,30672
11264,243,20690
11265,353,28346
11266,458,27627
11267,355,24246
11268,32,18286
11269,383,18525
11270,350,13263
11271,175,22870
11272,317,14961
11273,202,29367
11274,63,19726
11275,401,22062
11276,489,28142
11277,12,28862
11278,139,13987
11279,141,13109
11280,492,29537
11281,317,29773
11282,7,7380
11283,67,23559
11284,212,15933
11285,87,14435
11286,185,22622
11287,345,14865
11288,237,15725
11289,148,14088
11290,203,25771
11291,463,14764
11292,376,16605
11293,500,27772
11294,73,32222
11295,194,17258
11296,89,15838
11297,69,22124
11298,240,17241
11299,8,8276
11300,298,28695
11301,408,26328
11302,371,33393
11303,303,21438
11304,9,7564
11305,167,16831
11306,14,17336
11307,379,20673
11308,280,29363
11309,57,25961
11310,82,30715
11311,254,26857
11312,321,18367
11313,391,18302
11314,472,23783
11315,349,12023
11316,93,22922
11317,81,31867
11318,106,24173
11319,229,29142
11320,83,30287
11321,348,14603
11322,14,21826
11323,40,14299
11324,378,24833
11325,465,23792
11326,331,22027
11327,325,20962
11328,404,16966
11329,18,18702
11330,133,28977
11331,290,24389
11332,76,27425
11333,200,25916
11334,68,18766
11335,201,26020
11336,385,31172
11337,447,27160
11338,327,16413
11339,404,32876
11340,61,26109
11341,424,25543
11342,322,14308
11343,22,16838
11344,316,28950
11345,285,17664
11346,185,34586
11347,182,30864
11348,155,31146
11349,447,18331
11350,410,21676
11351,174,23515
11352,116,14498
11353,477,31177
11354,407,29460
11355,263,16269
11356,443,33120
11357,417,30350
11358,279,19747
11359,45,29863
11360,235,23949
11361,13,27974
11362,223,23530
11363,468,25497
11364,15,18604
11365,497,17849
11366,485,34200
11367,182,29729
11368,406,32146
11369,39,17610
11370,339,13718
11371,426,17484
11372,389,18588
11373,464,15453
11374,168,31480
11375,364,24370
11376,48,33801
11377,137,12413
11378,421,17112
11379,62,20264
11380,484,18045
11381,390,16533
11382,373,25561
11383,112,33058
11384,394,19339
11385,17,17271
11386,92,25923
11387,232,31048
11388,429,33870
11389,190,23719
11390,263,31825
11391,26,25039
11392,100,24289
11393,114,17476
11394,20,16008
11395,261,33546
11396,226,20087
11397,37,17918
11398,243,29503
11399,265,31821
11400,222,18063
11401,359,20822
11402,140,14636
11403,341,12283
11404,472,19900
11405,17,25982
11406,443,25601
11407,204,21277
11408,128,26443
11409,148,14072
11410,376,34929
11411,464,14742
11412,114,18113
11413,130,32242
11414,210,20015
11415,301,22229
11416,33,27201
11417,325,30148
11418,457,25555
11419,244,14524
11420,215,32128
11421,448,28422
11422,360,29818
11423,369,29059
11424,33,16029
11425,178,21121
11426,378,24946
11427,11,19856
11428,450,22733
11429,244,15747
11430,290,14160
11431,356,31934
11432,349,14172
11433,402,28177
11434,201,30440
11435,393,30481
11436,262,23410
11437,355,31041
11438,259,18856
11439,370,19811
11440,451,14349
11441,249,16549
11442,374,16762
11443,141,12736
11444,295,16108
11445,111,27765
11446,4,9462
11447,128,33944
11448,199,22870
11449,282,26743
11450,108,31173
11451,432,31501
11452,178,27803
11453,33,33450
11454,380,21931
11455,98,27573
11456,168,16637
11457,186,23341
11458,349,11868
11459,71,17236
11460,159,31034
11461,342,13878
11462,462,14051
11463,404,19735
11464,14,29791
11465,190,33274
11466,274,33340
11467,11,14341
11468,211,31648
11469,169,25010
11470,317,22215
11471,462,32774
11472,444,25076
11473,399,15200
11474,350,13345
11475,492,33111
11476,482,30471
11477,420,24419
11478,437,22809
11479,411,31570
11480,307,23505
11481,411,24370
11482,304,17376
11483,484,27620
11484,163,21926
11485,34,27253
11486,158,20445
11487,202,20934
11488,119,34529
11489,301,28737
11490,300,33354
11491,489,14926
11492,143,14918
11493,290,24841
11494,45,33282
11495,193,21570
11496,391,17927
11497,268,19204
11498,344,13523
11499,166,22329
11500,25,20858
11501,284,24379
11502,400,17446
11503,80,25261
11504,308,24115
11505,355,30350
11506,208,30971
11507,465,32006
11508,209,27847
11509,103,28693
11510,401,23659
11511,351,17513
11512,500,25689
11513,242,31974
11514,298,32136
11515,176,22112
11516,190,15738
11517,275,20208
11518,405,25131
11519,271,17249
11520,381,18146
11521,154,27228
11522,132,28673
11523,227,27670
11524,193,17850
11525,419,34858
11526,478,31609
11527,188,29560
11528,475,18833
11529,312,22756
11530,173,20286
11531,28,26616
11532,376,34304
11533,236,18930
11534,70,33408
11535,389,14472
11536,446,18893
11537,424,18043
11538,428,34656
11539,207,32635
11540,213,26724
11541,346,13262
11542,49,26361
11543,465,24529
11544,95,16870
11545,463,26535
11546,457,19438
11547,429,23516
11548,309,31464
11549,328,15775
11550,461,22693
11551,454,26820
11552,191,24969
11553,110,31156
11554,466,26060
11555,126,19670
11556,361,26470
11557,226,29225
11558,63,23711
11559,91,27893
11560,422,14585
11561,495,32110
11562,75,23259
11563,247,28854
11564,233,18598
11565,154,32572
11566,498,29964
11567,329,33852
11568,206,20914
11569,434,18165
11570,108,29707
11571,495,21882
11572,334,14130
11573,218,16896
11574,227,30574
11575,68,26958
11576,371,30924
11577,451,16149
11578,283,25378
11579,393,26084
11580,109,25476
11581,40,25362
11582,403,19672
11583,36,17356
11584,93,33167
11585,349,13474
11586,7,7156
11587,67,31959
11588,359,28262
11589,308,27129
11590,456,16803
11591,150,12893
11592,495,25390
11593,408,26802
11594,271,25610
11595,243,32405
11596,328,33156
11597,364,26229
11598,93,32272
11599,356,34410
11600,133,33636
11601,26,28388
11602,485,28466
11603,422,33500
11604,213,25679
11605,332,17978
11606,322,26616
11607,378,30745
11608,415,21016
11609,133,14497
11610,171,31263
11611,354,30735
11612,319,23924
11613,232,20607
11614,380,30851
11615,92,15099
11616,334,22870
11617,392,23694
11618,133,14438
11619,370,29884
11620,120,24698
11621,74,32350
11622,331,19860
11623,393,20322
11624,165,23147
11625,349,11237
11626,196,32121
11627,444,24601
11628,440,19021
11629,60,25790
11630,484,20966
11631,416,33921
11632,39,15939
11633,476,22732
11634,196,28703
11635,308,23347
11636,119,27022
11637,279,14217
11638,86,29593
11639,314,31284
11640,325,14268
11641,269,22373
11642,368,31304
11643,131,17709
11644,269,20310
11645,358,25579
11646,36,25386
11647,118,18236
11648,494,34125
11649,86,17188
11650,75,23064
11651,236,29271
11652,387,32232
11653,95,23993
11654,280,25406
11655,375,33771
11656,190,19363
11657,167,31609
11658,499,16874
11659,443,30878
11660,72,32733
11661,271,19178
11662,96,23792
11663,232,17475
11664,499,15816
11665,312,19167
11666,481,22664
11667,269,15135
11668,478,22217
11669,405,33838
11670,47,28025
11671,84,19033
11672,140,13996
11673,225,32223
11674,268,27797
11675,358,34023
11676,362,23966
11677,54,15815
11678,264,19564
11679,309,22292
11680,440,29840
11681,76,17942
11682,239,27715
11683,22,32690
11684,457,32673
11685,44,23180
11686,283,24251
11687,112,32022
11688,368,17073
11689,292,15108
11690,398,24369
11691,214,33989
11692,229,26903
11693,62,26982
11694,330,24281
11695,85,26169
11696,204,20962
11697,178,17674
11698,363,18569
11699,300,25206
11700,71,34309
11701,374,29744
11702,256,19163
11703,429,34856
11704,9,6642
11705,387,16955
11706,153,23012
11707,82,14198
11708,372,31199
11709,415,15700
11710,298,28409
11711,55,34095
11712,230,24938
11713,420,33368
11714,190,15732
11715,414,14308
11716,314,16839
11717,162,28673
11718,432,18869
11719,70,24402
11720,290,31471
11721,455,28630
11722,147,12694
11723,187,31579
11724,92,27565
11725,96,23469
11726,456,20933
11727,248,16153
11728,213,21310
11729,309,22067
11730,455,20226
11731,462,24801
11732,30,15799
11733,338,11086
11734,234,23243
11735,431,30663
11736,253,15854
11737,452,31953
11738,408,25971
11739,236,30164
11740,191,33744
11741,243,28041
11742,227,15798
11743,160,23645
11744,495,29450
11745,252,26412
11746,325,15144
11747,11,34785
11748,54,16213
11749,37,28032
11750,88,30974
11751,55,22627
11752,466,34824
11753,81,19008
11754,429,26570
11755,470,18368
11756,297,30460
11757,278,26191
11758,189,33178
11759,176,30450
11760,110,26531
11761,101,23245
11762,12,34127
11763,163,23111
11764,180,32464
11765,148,12507
11766,445,20363
11767,278,14706
11768,313,27139
11769,225,33711
11770,304,27163
11771,4,6651
11772,239,27839
11773,445,19728
11774,393,27981
11775,253,31565
11776,196,31151
11777,154,26412
11778,312,17916
11779,240,14182
11780,287,33032
11781,446,25809
11782,116,34373
11783,9,8772
11784,160,26354
11785,150,12602
11786,383,23162
11787,130,26729
11788,318,34611
11789,442,33804
11790,129,26763
11791,384,18549
11792,299,18109
11793,168,18403
11794,417,18434
11795,24,34462
11796,267,23514
11797,141,11960
11798,135,23128
11799,357,27319
11800,177,15225
11801,465,19280
11802,120,21074
11803,491,16315
11804,149,11605
11805,465,31815
11806,383,15418
11807,29,20200
11808,319,30775
11809,456,26149
11810,79,23699
11811,363,24699
11812,405,28059
11813,219,23308
11814,460,17707
11815,79,28697
11816,362,17569
11817,225,23331
11818,125,34473
11819,123,28817
11820,242,26172
11821,111,30910
11822,263,27767
11823,186,24610
11824,294,25505
11825,471,30437
11826,158,20712
11827,178,21816
11828,497,32867
11829,464,25854
11830,31,29015
11831,466,21487
11832,158,20296
11833,30,28143
11834,239,30310
11835,112,18756
11836,317,23384
11837,453,15788
11838,457,33703
11839,261,33103
11840,59,24316
11841,15,27248
11842,456,32738
11843,39,19040
11844,323,17147
11845,309,15271
11846,296,16946
11847,128,32884
11848,471,33392
11849,201,23581
11850,231,15538
11851,391,34337
11852,451,17694
11853,32,22493
11854,345,11827
11855,478,25445
11856,423,16139
11857,394,32438
11858,272,20660
11859,278,26544
11860,169,33195
11861,269,33497
11862,292,24527
11863,101,19514
11864,209,28123
11865,18,22973
11866,475,29067
11867,320,30077
11868,93,30926
11869,405,32509
11870,263,20674
11871,68,14532
11872,452,20723
11873,42,24802
11874,313,21289
11875,19,27176
11876,13,16671
11877,318,30514
11878,114,20979
11879,447,24378
11880,138,13246
11881,437,31205
11882,324,25394
11883,491,28601
11884,141,12661
11885,146,12817
11886,420,23792
11887,127,15514
11888,86,18540
11889,90,29245
11890,438,29149
11891,246,32999
11892,468,27786
11893,101,34117
11894,315,31091
11895,140,11264
11896,189,21937
11897,108,16731
11898,142,11410
11899,487,14612
11900,163,19957
11901,371,14400
11902,492,18858
11903,51,22169
11904,380,21243
11905,449,14768
11906,44,33982
11907,396,16564
11908,318,14134
11909,443,15740
11910,222,30627
11911,282,25394
11912,449,32721
11913,236,22057
11914,353,34352
11915,78,19509
11916,108,24810
11917,129,34296
11918,233,27821
11919,92,15385
11920,285,28234
11921,471,17120
11922,326,14604
11923,137,13288
11924,56,26459
11925,97,28831
11926,77,18902
11927,456,27232
11928,168,31154
11929,339,14132
11930,396,17841
11931,145,12172
11932,298,17172
11933,310,23301
11934,355,27640
11935,294,25846
11936,62,21056
11937,130,28118
11938,92,23288
11939,302,20256
11940,62,19598
11941,372,30720
11942,409,30599
11943,337,13830
11944,114,34378
11945,401,15644
11946,98,19803
11947,83,17249
11948,437,33660
11949,450,32770
11950,360,34940
11951,206,34070
11952,347,11650
11953,4,6936
11954,66,28238
11955,341,14038
11956,396,20984
11957,470,16209
11958,122,32008
11959,63,26418
11960,440,21590
11961,486,31043
11962,210,19490
11963,116,29944
11964,408,18631
11965,363,24129
11966,357,28464
11967,207,27022
11968,68,19318
11969,140,12326
11970,140,13163
11971,239,32118
11972,360,17223
11973,492,26450
11974,261,28321
11975,65,19957
11976,169,19911
11977,26,31267
11978,124,34841
11979,426,17510
11980,20,29381
11981,405,24947
11982,202,24553
11983,283,34395
11984,240,15322
11985,255,20995
11986,357,18939
11987,222,31648
11988,78,18937
11989,355,27505
11990,384,30034
11991,356,28170
11992,44,25992
11993,421,32278
11994,346,12922
11995,278,22882
11996,315,23393
11997,429,23780
11998,174,33449
11999,174,31774
12000,72,31403
12001,196,22770
12002,406,26250
12003,397,31568
12004,382,17698
12005,39,17404
12006,64,14433
12007,479,29215
12008,430,25000
12009,322,31411
12010,434,34502
12011,273,28580
12012,160,14790
12013,290,18580
12014,399,15202
12015,317,33411
12016,413,19815
12017,13,25331
12018,123,30603
12019,297,25321
12020,473,24165
12021,48,32928
12022,301,30585
12023,438,33154
12024,51,22808
12025,299,22001
12026,473,26261
12027,86,26010
12028,279,33836
12029,165,20511
12030,334,19199
12031,406,30710
12032,67,27679
12033,443,34031
12034,335,28619
12035,179,32929
12036,212,26976
12037,393,30454
12038,323,19215
12039,409,17422
12040,260,25792
12041,203,28580
12042,474,31782
12043,353,23758
12044,98,25523
12045,402,18573
12046,177,33147
12047,151,18755
12048,487,15682
12049,93,33986
12050,447,33975
12051,331,30713
12052,133,17944
12053,417,29789
12054,203,20183
12055,257,23906
12056,432,21896
12057,372,21791
12058,488,31987
12059,421,29773
12060,125,16930
12061,91,20636
12062,486,20674
12063,92,34352
12064,450,26356
12065,31,30178
12066,211,16646
12067,125,24301
12068,465,24639
12069,366,28649
12070,159,21726
12071,379,32707
12072,32,15914
12073,223,24492
12074,104,33805
12075,91,14366
12076,354,15953
12077,138,11931
12078,364,33300
12079,476,27476
12080,116,17965
12081,243,28579
12082,466,32687
12083,259,29741
12084,407,18447
12085,345,12852
12086,485,28050
12087,390,17034
12088,368,31943
12089,411,22564
12090,318,31201
12091,229,28937
12092,382,28658
12093,66,29131
12094,332,34042
12095,165,28790
12096,80,20733
12097,80,18703
12098,396,17327
12099,13,19885
12100,127,26558
12101,42,14544
12102,60,22503
12103,337,14493
12104,193,30362
12105,87,20470
12106,309,32469
12107,339,13416
12108,378,26237
12109,371,26110
12110,96,25087
12111,278,17571
12112,432,19717
12113,279,20469
12114,294,21731
12115,250,16697
12116,391,29000
12117,28,19520
12118,473,34190
12119,17,21126
12120,335,24059
12121,270,22400
12122,197,29183
12123,205,24708
12124,155,32818
12125,66,18004
12126,17,31265
12127,340,11552
12128,294,14972
12129,418,32393
12130,96,33600
12131,463,28318
12132,300,20234
12133,91,33300
12134,160,28016
12135,384,23787
12136,143,12307
12137,159,22981
12138,224,29006
12139,227,14306
12140,80,28220
12141,282,16649
12142,84,16101
12143,498,30909
12144,222,20846
12145,497,24261
12146,192,15007
12147,418,31438
12148,214,18347
12149,353,30209
12150,312,34018
12151,318,25868
12152,264,25418
12153,74,17693
12154,139,14125
12155,190,34783
12156,359,15523
12157,344,13439
12158,428,20676
12159,297,20376
12160,77,14965
12161,424,20870
12162,357,23371
12163,315,14144
12164,69,20406
12165,326,30496
12166,275,25046
12167,338,11971
12168,201,28753
12169,44,18046
12170,145,12897
12171,82,20100
12172,377,28610
12173,411,35000
12174,305,27560
12175,149,12043
12176,257,28365
12177,136,11335
12178,207,29527
12179,391,15859
12180,226,26869
12181,446,25476
12182,388,20815
12183,365,29227
12184,449,23432
12185,359,25407
12186,227,33500
12187,412,26900
12188,10,13489
12189,136,13638
12190,22,34507
12191,259,26134
12192,361,26366
12193,460,33841
12194,199,26700
12195,91,29506
12196,206,26565
12197,156,22112
12198,445,25865
12199,47,18754
12200,240,19657
12201,105,14501
12202,348,12914
12203,26,31423
12204,26,32609
12205,85,32445
12206,452,30498
12207,404,14490
12208,62,34600
12209,466,29754
12210,32,31475
12211,340,14009
12212,295,15551
12213,200,33830
12214,135,20259
12215,310,14094
12216,127,29197
12217,444,20736
12218,348,11928
12219,431,14293
12220,103,33556
12221,229,21280
12222,393,34338
12223,274,24045
12224,447,29366
12225,377,34942
12226,470,31326
12227,45,33651
12228,190,14118
12229,30,21824
12230,113,18960
12231,346,13345
12232,434,18147
12233,63,15458
12234,250,24989
12235,334,26708
12236,200,17278
12237,187,24673
12238,192,21176
12239,14,19183
12240,474,34553
12241,234,25308
12242,29,20168
12243,305,27009
12244,123,15104
12245,105,31424
12246,488,22375
12247,248,24833
12248,203,28908
12249,18,15514
12250,381,19894
12251,353,17969
12252,143,14899
12253,349,14430
12254,297,21990
12255,484,14188
12256,93,32407
12257,253,27888
12258,12,18581
12259,100,28101
12260,315,18971
12261,445,18627
12262,340,14763
12263,448,28752
12264,486,32651
12265,495,33379
12266,462,34887
12267,259,31671
12268,381,26426
12269,154,29895
12270,439,27745
12271,160,34946
12272,382,28479
12273,174,14110
12274,206,23095
12275,77,21993
12276,63,17358
12277,193,20068
12278,238,17690
12279,134,17294
12280,203,33647
12281,36,20270
12282,245,21424
12283,360,33258
12284,268,20801
12285,39,18364
12286,15,20912
12287,142,11559
12288,244,24197
12289,49,22983
12290,189,28691
12291,300,21870
12292,429,24067
12293,377,29918
12294,169,30503
12295,308,17951
12296,46,18431
12297,311,14098
12298,472,32044
12299,450,14351
12300,296,32962
12301,447,32207
12302,49,22308
12303,77,19538
12304,197,22599
12305,488,16292
12306,405,23175
12307,349,12995
12308,141,14372
12309,326,26478
12310,281,16914
12311,341,14488
12312,8,7623
12313,346,14484
12314,132,14708
12315,310,14277
12316,86,18152
12317,68,30866
12318,284,16224
12319,135,18624
12320,288,14048
12321,228,26817
12322,94,17302
12323,190,29598
12324,70,14947
12325,191,32228
12326,216,21627
12327,435,18265
12328,483,30810
12329,449,18899
12330,39,23473
12331,346,13192
12332,456,30978
12333,143,11755
12334,426,31460
12335,224,25579
12336,460,26999
12337,192,31326
12338,450,20955
12339,10,13852
12340,358,29481
12341,6,7757
12342,199,16846
12343,33,15257
12344,248,34021
12345,59,34962
12346,14,15091
12347,9,6904
12348,44,32142
12349,270,30938
12350,487,31046
12351,9,7280
12352,272,15799
12353,396,32929
12354,345,13894
12355,80,15997
12356,439,18780
12357,166,29022
12358,287,32666
12359,468,27525
12360,411,31000
12361,499,27295
12362,176,25877
12363,424,15001
12364,251,20512
12365,379,14121
12366,216,30014
12367,389,15724
12368,126,29448
12369,167,25216
12370,99,34011
12371,420,34966
12372,289,29700
12373,405,31119
12374,140,12579
12375,259,20775
12376,198,20156
12377,100,31563
12378,403,15165
12379,218,20176
12380,20,20573
12381,49,24451
12382,210,22923
12383,376,14883
12384,453,29662
12385,458,25544
12386,84,31307
12387,348,13321
12388,321,28338
12389,4,8337
12390,362,31861
12391,463,30327
12392,74,23524
12393,28,26787
12394,257,30308
12395,33,17072
12396,99,32443
12397,80,28162
12398,41,29975
12399,127,25567
12400,29,16548
12401,63,34155
12402,395,28002
12403,255,29579
12404,239,30658
12405,134,34618
12406,168,31262
12407,495,18111
12408,8,6917
12409,100,29438
12410,54,17983
12411,251,18636
12412,160,20967
12413,437,32590
12414,85,29899
12415,115,32615
12416,169,20930
12417,420,15367
12418,305,19423
12419,53,27609
12420,117,19256
12421,394,33761
12422,292,16269
12423,250,29370
12424,33,17148
12425,304,14296
12426,382,27101
12427,341,12535
12428,470,15615
12429,55,23762
12430,233,24155
12431,36,28770
12432,201,29030
12433,303,33015
12434,368,31884
12435,193,19273
12436,333,32372
12437,58,19145
12438,28,21444
12439,394,30055
12440,445,14507
12441,332,27798
12442,483,15191
12443,167,34561
12444,320,14019
12445,271,19045
12446,37,31763
12447,319,32496
12448,321,30593
12449,252,16090
12450,310,25053
12451,189,24459
12452,286,23061
12453,111,27452
12454,354,15258
12455,327,17268
12456,135,28737
12457,178,15487
12458,143,12168
12459,123,18449
12460,156,29944
12461,499,30065
12462,385,17129
12463,373,26959
12464,225,30963
12465,466,15983
12466,38,16690
12467,363,33313
12468,305,18773
12469,239,28320
12470,229,33612
12471,268,24318
12472,45,15506
12473,479,17275
12474,36,31653
12475,159,31274
12476,249,14373
12477,178,20124
12478,206,29185
12479,58,33026
12480,124,19289
12481,158,27583
12482,317,17986
12483,299,26424
12484,58,23113
12485,244,16993
12486,427,22657
12487,327,15800
12488,215,14147
12489,113,21474
12490,173,14927
12491,80,20255
12492,288,27254
12493,448,28695
12494,4,7102
12495,95,20995
12496,346,13061
12497,260,17435
12498,185,30428
12499,163,26678
12500,351,30919
12501,444,19683
12502,78,21171
12503,348,13495
12504,222,16006
12505,393,34357
12506,5,21339
12507,141,11729
12508,405,22633
12509,69,16272
12510,400,34827
12511,216,34134
12512,63,25371
12513,38,19183
12514,382,24951
12515,442,14774
12516,403,18599
12517,60,21191
12518,423,28352
12519,265,27727
12520,476,25083
12521,124,20100
12522,120,26493
12523,443,19994
12524,317,29042
12525,498,24325
12526,262,25485
12527,467,34518
12528,498,15079
12529,246,18994
12530,358,30664
12531,85,18327
12532,359,31729
12533,396,17228
12534,199,31054
12535,148,13287
12536,341,13239
12537,476,16819
12538,333,21005
12539,375,23274
12540,219,23691
12541,252,19770
12542,120,15704
12543,321,31701
12544,358,15124
12545,322,33774
12546,239,26429
12547,418,22584
12548,426,17491
12549,124,27526
12550,146,11353
12551,481,28871
12552,334,26768
12553,418,23426
12554,359,29440
12555,179,26927
12556,39,26992
12557,163,14960
12558,31,30081
12559,264,20039
12560,302,22667
12561,129,34513
12562,449,33264
12563,228,28653
12564,30,24205
12565,197,23457
12566,154,28166
12567,181,22668
12568,295,29600
12569,189,29464
12570,377,20929
12571,202,33475
12572,119,31270
12573,480,28483
12574,430,18749
12575,481,18078
12576,247,33592
12577,335,21992
12578,147,11854
12579,117,29653
12580,30,31631
12581,423,26352
12582,65,22433
12583,179,25544
12584,59,15052
12585,199,27975
12586,102,29017
12587,268,29286
12588,144,11877
12589,164,22525
12590,265,27406
12591,45,16524
12592,61,26505
12593,314,15458
12594,226,32780
12595,264,17609
12596,274,15321
12597,377,16657
12598,5,24317
12599,200,28761
12600,181,17378
12601,244,21514
12602,281,32839
12603,191,18042
12604,316,20552
12605,69,29146
12606,132,32951
12607,4,9471
12608,70,32384
12609,170,33508
12610,419,31423
12611,313,22644
12612,167,27366
12613,124,28497
12614,54,30301
12615,106,24672
12616,407,30451
12617,493,15786
12618,395,25321
12619,291,15730
12620,328,17708
12621,465,33786
12622,338,11985
12623,465,29314
12624,141,13784
12625,493,30764
12626,28,29926
12627,479,20271
12628,321,25140
12629,65,18990
12630,409,34422
12631,401,25013
12632,345,12504
12633,394,16823
12634,165,33177
12635,42,28028
12636,115,28136
12637,303,23375
12638,105,33138
12639,206,25952
12640,318,29697
12641,9,8557
12642,107,23918
12643,216,32384
12644,99,19545
12645,282,25777
12646,359,28328
12647,107,24968
12648,482,20267
12649,332,14888
12650,131,28237
12651,29,19555
12652,68,25735
12653,341,13391
12654,346,13736
12655,64,18151
12656,191,27350
12657,412,17251
12658,301,14715
12659,314,26993
12660,167,29798
12661,415,14669
12662,181,30963
12663,8,6910
12664,227,24869
12665,467,14607
12666,400,29011
12667,396,22068
12668,249,18219
12669,249,25880
12670,63,30310
12671,278,21488
12672,413,19275
12673,108,14678
12674,311,21360
12675,269,17738
12676,105,28682
12677,401,18649
12678,357,16785
12679,61,20426
12680,227,19800
12681,306,15757
12682,20,25589
12683,69,19477
12684,76,26594
12685,256,25226
12686,111,17896
12687,487,14148
12688,243,26848
12689,68,31075
12690,488,27155
12691,168,29094
12692,412,15666
12693,191,31740
12694,370,27665
12695,322,18176
12696,288,27744
12697,233,30672
12698,490,33255
12699,124,23325
12700,8,9473
12701,59,32535
12702,155,27438
12703,265,26719
12704,226,17927
12705,31,24192
12706,170,22558
12707,329,24591
12708,114,33926
12709,244,20576
12710,284,25778
12711,310,28162
12712,422,21529
12713,402,33097
12714,110,18410
12715,70,30024
12716,289,27715
12717,471,29215
12718,271,14736
12719,464,18349
12720,321,22470
12721,4,6743
12722,281,19808
12723,110,24262
12724,353,32945
12725,366,24029
12726,210,24784
12727,9,9422
12728,221,15239
12729,347,13667
12730,63,27805
12731,177,28964
12732,448,23814
12733,110,21538
12734,103,23780
12735,257,29870
12736,480,21526
12737,93,20878
12738,257,23262
12739,408,31498
12740,260,31392
12741,199,22543
12742,51,28648
12743,177,19976
12744,224,23525
12745,415,24938
12746,190,20048
12747,445,19875
12748,77,23676
12749,401,24120
12750,354,33380
12751,387,27140
12752,9,8653
12753,361,31746
12754,254,31806
12755,342,14994
12756,499,25390
12757,343,12831
12758,380,30919
12759,451,31092
12760,74,28216
12761,445,34787
12762,490,27950
12763,80,17951
12764,282,20752
12765,112,17563
12766,65,26135
12767,271,24524
12768,246,16969
12769,181,21179
12770,167,30049
12771,79,33592
12772,192,18500
12773,410,34325
12774,442,16657
12775,465,17913
12776,248,33553
12777,374,29822
12778,317,25160
12779,495,27681
12780,236,18639
12781,131,30596
12782,118,22093
12783,343,11830
12784,436,30416
12785,77,22756
12786,314,29715
12787,473,32729
12788,133,17426
12789,103,19836
12790,323,19778
12791,272,16326
12792,326,19399
12793,267,17792
12794,443,32897
12795,434,20423
12796,366,15978
12797,340,14288
12798,395,18596
12799,15,28073
12800,453,21824
12801,173,14969
12802,422,31305
12803,79,24085
12804,311,33992
12805,395,32757
12806,423,34258
12807,139,11686
12808,93,32941
12809,311,21086
12810,321,25410
12811,337,11796
12812,219,25287
12813,496,20022
12814,473,33165
12815,46,24087
12816,227,24082
12817,203,16629
12818,86,33109
12819,371,16206
12820,39,34543
12821,293,31080
12822,175,28947
12823,316,14620
12824,483,27706
12825,304,19171
12826,259,14680
12827,247,23492
12828,265,25244
12829,59,31445
12830,97,16552
12831,6,7495
12832,486,27170
12833,205,18955
12834,68,23737
12835,346,14088
12836,330,20355
12837,240,31699
12838,356,32896
12839,249,33825
12840,32,22420
12841,338,12391
12842,414,30169
12843,80,34829
12844,373,21832
12845,470,16462
12846,81,28494
12847,195,31660
12848,413,29706
12849,127,17584
12850,193,18812
12851,422,29533
12852,396,22611
12853,397,30186
12854,203,16936
12855,342,13202
12856,492,31441
12857,469,24839
12858,174,34500
12859,117,20573
12860,190,22218
12861,67,17897
12862,295,28361
12863,258,22789
12864,17,26681
12865,491,28704
12866,38,20361
12867,80,26330
12868,267,28854
12869,401,23517
12870,54,33833
12871,164,19914
12872,179,27655
12873,487,33697
12874,493,22631
12875,339,13006
12876,79,16432
12877,368,29321
12878,490,28444
12879,446,33006
12880,466,34089
12881,151,22531
12882,482,18657
12883,270,15394
12884,343,12374
12885,105,32883
12886,253,30876
12887,273,27481
12888,27,18694
12889,368,31603
12890,456,20907
12891,265,21701
12892,423,33821
12893,351,23506
12894,430,27561
12895,117,16249
12896,494,16466
12897,384,29076
12898,149,13869
12899,279,17940
12900,460,28571
12901,350,11255
12902,456,23415
12903,55,19407
12904,310,28130
12905,268,31840
12906,133,33241
12907,336,12478
12908,142,13744
12909,165,19022
12910,404,23512
12911,70,14606
12912,20,34378
12913,303,26808
12914,249,30029
12915,372,16570
12916,110,32159
12917,63,22737
12918,218,18169
12919,112,26022
12920,460,26286
12921,330,30418
12922,312,27781
12923,197,25723
12924,182,16668
12925,272,14301
12926,175,22683
12927,148,14452
12928,253,18806
12929,412,29193
12930,48,21245
12931,185,24468
12932,75,24788
12933,373,21425
12934,334,25898
12935,82,32429
12936,265,22669
12937,289,26301
12938,447,17933
12939,238,33504
12940,103,17684
12941,200,33126
12942,54,23706
12943,192,14029
12944,342,14607
12945,183,20428
12946,79,16887
12947,47,16322
12948,298,34426
12949,315,17663
12950,271,34314
12951,22,28548
12952,157,23773
12953,328,31805
12954,324,14242
12955,498,20712
12956,396,33944
12957,263,24982
12958,181,25919
12959,360,17631
12960,130,25700
12961,443,14200
12962,408,21198
12963,492,29971
12964,386,27088
12965,302,21082
12966,252,17652
12967,419,32635
12968,87,28107
12969,309,21283
12970,266,17018
12971,9,6693
12972,349,11511
12973,288,22177
12974,87,24336
12975,102,20633
12976,454,27912
12977,354,20201
12978,247,31745
12979,277,33695
12980,102,32177
12981,45,29920
12982,289,18320
12983,452,23941
12984,487,26176
12985,133,32622
12986,346,13156
12987,222,32509
12988,323,23849
12989,261,15674
12990,94,26752
12991,97,23981
12992,18,17225
12993,87,16437
12994,280,29010
12995,174,24708
12996,130,22602
12997,286,22538
12998,415,22513
12999,415,30042
13000,105,14994
13001,59,34343
13002,283,17953
13003,287,25634
13004,443,21744
13005,384,18886
13006,103,24421
13007,336,14846
13008,418,15962
13009,119,25261
13010,315,34891
13011,303,30693
13012,159,34975
13013,69,29279
13014,459,31735
13015,472,29153
13016,301,27503
13017,462,25256
13018,13,20270
13019,81,25093
13020,334,24397
13021,408,20866
13022,481,18145
13023,493,20379
13024,234,28465
13025,230,33172
13026,150,13461
13027,215,33236
13028,288,23487
13029,84,24536
13030,219,27926
13031,492,31852
13032,413,24252
13033,67,17719
13034,335,18905
13035,461,14754
13036,12,31706
13037,22,29434
13038,318,30500
13039,462,15126
13040,102,18034
13041,159,16553
13042,151,23948
13043,400,27524
13044,459,34261
13045,336,12417
13046,101,26794
13047,40,32477
13048,261,24715
13049,70,28836
13050,436,17490
13051,152,15129
13052,279,28830
13053,224,24933
13054,195,26761
13055,404,25063
13056,132,26793
13057,305,32472
13058,114,18855
13059,219,24830
13060,347,13904
13061,152,30344
13062,194,25477
13063,377,28755
13064,157,17292
13065,311,24961
13066,224,29097
13067,416,24995
13068,231,16459
13069,414,18702
13070,14,14105
13071,143,12259
13072,24,25714
13073,78,33135
13074,115,22169
13075,197,32007
13076,111,16130
13077,138,13783
13078,309,25299
13079,322,20665
13080,390,23097
13081,204,27857
13082,238,15065
13083,262,28480
13084,336,14177
13085,460,15396
13086,122,25210
13087,231,17290
13088,380,22351
13089,489,16758
13090,143,13699
13091,497,32424
13092,447,26976
13093,466,18845
13094,382,29088
13095,128,27918
13096,166,27191
13097,441,18276
13098,377,31725
13099,262,17290
13100,149,14696
13101,298,29374
13102,136,13205
13103,337,12725
13104,407,17234
13105,25,21199
13106,218,14033
13107,427,27468
13108,201,29708
13109,486,27236
13110,399,18223
13111,451,19462
13112,443,26803
13113,280,24750
13114,259,16296
13115,317,33749
13116,157,22317
13117,484,17760
13118,7,7349
13119,298,34738
13120,358,26924
13121,195,24040
13122,416,23964
13123,175,24748
13124,363,24717
13125,287,25976
13126,168,30318
13127,39,30654
13128,342,11427
13129,24,33568
13130,144,13906
13131,485,14705
13132,56,14076
13133,118,18069
13134,372,27705
13135,366,16806
13136,329,23608
13137,297,26867
13138,115,20797
13139,383,17376
13140,34,20849
13141,234,22940
13142,393,17331
13143,204,21028
13144,206,20905
13145,32,28429
13146,76,31647
13147,382,33614
13148,135,16674
13149,268,18366
13150,484,31009
13151,347,14251
13152,380,18326
13153,458,33876
13154,119,30596
13155,449,28753
13156,268,25189
13157,357,20563
13158,297,17626
13159,345,13638
13160,375,30989
13161,97,29569
13162,123,33376
13163,253,33093
13164,135,14539
13165,45,30212
13166,80,17863
13167,136,14670
13168,398,16712
13169,87,15875
13170,32,16561
13171,497,25974
13172,171,22621
13173,352,29977
13174,454,31999
13175,440,26534
13176,178,20080
13177,291,16787
13178,465,34767
13179,229,28182
13180,202,24840
13181,98,22915
13182,483,29741
13183,64,15382
13184,54,28176
13185,488,19927
13186,237,32142
13187,324,28260
13188,178,29817
13189,484,27500
13190,24,30865
13191,84,24186
13192,457,21024
13193,50,24318
13194,5,15951
13195,82,30756
13196,270,15461
13197,202,30269
13198,332,32785
13199,46,32342
13200,182,21148
13201,34,26506
13202,246,33112
13203,415,15582
13204,332,16741
13205,157,34176
13206,182,22908
13207,121,33323
13208,98,18651
13209,128,21833
13210,134,26319
13211,406,33010
13212,306,25833
13213,413,19226
13214,168,28180
13215,100,19184
13216,344,11570
13217,260,32497
13218,203,14430
13219,125,14699
13220,257,24207
13221,59,16631
13222,263,23368
13223,393,21826
13224,308,26548
13225,480,31329
13226,151,30866
13227,11,33066
13228,266,16986
13229,10,14132
13230,44,29287
13231,28,24602
13232,306,31111
13233,190,22459
13234,320,15262
13235,253,23697
13236,122,18613
13237,421,22420
13238,346,11212
13239,32,27734
13240,469,14800
13241,71,16727
13242,138,13255
13243,314,27103
13244,355,20234
13245,142,11453
13246,453,21536
13247,330,30963
13248,235,28849
13249,320,19153
13250,306,33840
13251,399,21274
13252,51,21516
13253,154,29169
13254,462,15875
13255,73,17571
13256,441,29506
13257,98,24984
13258,296,14161
13259,133,17267
13260,53,26846
13261,192,25244
13262,60,14827
13263,322,28875
13264,403,16216
13265,251,28369
13266,139,13542
13267,330,20766
13268,489,29860
13269,242,28380
13270,18,17241
13271,322,15183
13272,341,12880
13273,22,32753
13274,41,21669
13275,404,17044
13276,252,31092
13277,323,34443
13278,212,33619
13279,242,22644
13280,237,30230
13281,249,20308
13282,19,29920
13283,176,27160
13284,183,22112
13285,424,28416
13286,140,12742
13287,177,23810
13288,232,23494
13289,144,14926
13290,351,25023
13291,112,19305
13292,162,25492
13293,500,20331
13294,442,14687
13295,477,26448
13296,8,8671
13297,203,19836
13298,271,14622
13299,245,22458
13300,375,16649
13301,131,28712
13302,349,12175
13303,480,26091
13304,360,33719
13305,49,34318
13306,256,28370
13307,479,23505
13308,493,34294
13309,197,16716
13310,148,11661
13311,297,14203
13312,331,31004
13313,84,28223
13314,171,22624
13315,396,16086
13316,33,14698
13317,47,32556
13318,269,15458
13319,314,21492
13320,327,33958
13321,59,17076
13322,369,14158
13323,24,16060
13324,308,28997
13325,28,22558
13326,268,28655
13327,394,28101
13328,140,14676
13329,131,32459
13330,157,16417
13331,417,28433
13332,340,11476
13333,196,29512
13334,498,14726
13335,248,29270
13336,35,32683
13337,435,17983
13338,247,19977
13339,498,20422
13340,447,24403
13341,292,33300
13342,480,14037
13343,180,30297
13344,55,23399
13345,406,30217
13346,281,19094
13347,500,21089
13348,50,27686
13349,466,34834
13350,343,14247
13351,301,18901
13352,497,33654
13353,327,24278
13354,162,34924
13355,297,25494
13356,23,30675
13357,85,24247
13358,104,20805
13359,465,20571
13360,277,15903
13361,36,17878
13362,447,18623
13363,141,11622
13364,344,13532
13365,74,18031
13366,405,19589
13367,185,19019
13368,58,23682
13369,253,16825
13370,192,15069
13371,331,20988
13372,418,16105
13373,187,33147
13374,184,16259
13375,188,29286
13376,104,25727
13377,460,29095
13378,495,15115
13379,61,20229
13380,151,25543
13381,51,23031
13382,93,26958
13383,157,21801
13384,422,28411
13385,36,28848
13386,445,26714
13387,12,14422
13388,489,26770
13389,22,14953
13390,147,13785
13391,204,23317
13392,63,32508
13393,218,19641
13394,412,18317
13395,74,34156
13396,283,31246
13397,323,14044
13398,133,16373
13399,94,14048
13400,245,34590
13401,432,32275
13402,59,30831
13403,493,33127
13404,308,26218
13405,121,14947
13406,383,22864
13407,14,27484
13408,478,24121
13409,324,29718
13410,339,11665
13411,250,24056
13412,451,19321
13413,383,14114
13414,22,28834
13415,168,27406
13416,27,34639
13417,212,20048
13418,364,14056
13419,7,8217
13420,278,20696
13421,384,21650
13422,356,22655
13423,428,30646
13424,149,11045
13425,280,15100
13426,185,19351
13427,185,15949
13428,487,25072
13429,339,13546
13430,355,27586
13431,359,28741
13432,283,22273
13433,335,14690
13434,208,26443
13435,365,24631
13436,183,19546
13437,99,20492
13438,147,12847
13439,186,25890
13440,255,25590
13441,44,23696
13442,159,17074
13443,43,14953
13444,268,30191
13445,68,26591
13446,317,22721
13447,287,29734
13448,130,16041
13449,190,26901
13450,245,23414
13451,259,32936
13452,447,30378
13453,19,21975
13454,255,31346
13455,310,19555
13456,18,24138
13457,272,16280
13458,56,18884
13459,452,15376
13460,134,15122
13461,233,27324
13462,428,14105
13463,409,15898
13464,95,30374
13465,90,21609
13466,113,28633
13467,393,32938
13468,4,6843
13469,475,14226
13470,425,19788
13471,346,12308
13472,72,19596
13473,216,20965
13474,427,30671
13475,421,20467
13476,381,23909
13477,297,17616
13478,194,32387
13479,340,11505
13480,493,21373
13481,404,21632
13482,498,20143
13483,179,18203
13484,75,30114
13485,258,26164
13486,454,17047
13487,273,29770
13488,435,34422
13489,243,19469
13490,398,34783
13491,104,21431
13492,296,24099
13493,367,33723
13494,388,23976
13495,371,34288
13496,13,24909
13497,333,15924
13498,437,23322
13499,226,30651
13500,180,31144
13501,445,26798
13502,57,28484
13503,221,27566
13504,348,11665
13505,365,23205
13506,465,26527
13507,328,20361
13508,102,27535
13509,174,16339
13510,278,22199
13511,138,14926
13512,419,30833
13513,193,20709
13514,20,29214
13515,177,21980
13516,320,22475
13517,77,29292
13518,322,31059
13519,89,16353
13520,343,13018
13521,380,26002
13522,258,32465
13523,151,30742
13524,157,34447
13525,262,32243
13526,154,30584
13527,136,12159
13528,86,25713
13529,345,12833
13530,31,14402
13531,395,26610
13532,91,19940
13533,235,22369
13534,390,18563
13535,151,31716
13536,114,17196
13537,135,22663
13538,326,20021
13539,464,26167
13540,43,26072
13541,274,27804
13542,267,17378
13543,76,28208
13544,34,32079
13545,23,26261
13546,439,19680
13547,173,26199
13548,213,15727
13549,368,21167
13550,230,29976
13551,40,25294
13552,264,17095
13553,373,22766
13554,404,31552
13555,83,25292
13556,255,22256
13557,448,27777
13558,16,20570
13559,238,27077
13560,216,19459
13561,85,18351
13562,464,17635
13563,190,24274
13564,444,25369
13565,141,13428
13566,376,24816
13567,495,28962
13568,99,16215
13569,446,23284
13570,140,11662
13571,258,27189
13572,199,26402
13573,281,30839
13574,20,22786
13575,219,18174
13576,40,26579
13577,342,14139
13578,224,17606
13579,34,22585
13580,346,11775
13581,341,13656
13582,244,27623
13583,56,25236
13584,223,31041
13585,416,18514
13586,494,25064
13587,116,16562
13588,329,14299
13589,300,24430
13590,325,34979
13591,105,28474
13592,490,26480
13593,79,20885
13594,369,16385
13595,406,16393
13596,151,27034
13597,371,26360
13598,228,18282
13599,301,14083
13600,385,19987
13601,77,33535
13602,341,14902
13603,275,29085
13604,118,16540
13605,289,22858
13606,267,22306
13607,266,15466
13608,491,34561
13609,374,18365
13610,222,22949
13611,54,32707
13612,406,23021
13613,404,27812
13614,163,33704
13615,147,13457
13616,119,34566
13617,191,28529
13618,358,33089
13619,291,19213
13620,197,23171
13621,264,17897
13622,387,14364
13623,397,30991
13624,203,24496
13625,353,16383
13626,464,32399
13627,253,31114
13628,94,32959
13629,461,25461
13630,128,18535
13631,466,29375
13632,105,17078
13633,221,26377
13634,42,16933
13635,300,17479
13636,153,29843
13637,415,26046
13638,409,26232
13639,236,31513
13640,235,22886
13641,31,15954
13642,303,26092
13643,123,14671
13644,338,13324
13645,347,11939
13646,70,29135
13647,480,27848
13648,176,34280
13649,349,12471
13650,98,30737
13651,69,29935
13652,283,23221
13653,104,26110
13654,391,26749
13655,121,18874
13656,345,14002
13657,307,14248
13658,486,34176
13659,307,16466
13660,23,33736
13661,73,22040
13662,484,16169
13663,431,30078
13664,34,34815
13665,290,26145
13666,461,30706
13667,468,27296
13668,196,24223
13669,150,11375
13670,268,21050
13671,272,28546
13672,437,16658
13673,462,26449
13674,97,22438
13675,342,12251
13676,291,32627
13677,302,14696
13678,280,20278
13679,112,34481
13680,206,22815
13681,62,34617
13682,408,34495
13683,461,27529
13684,478,16168
13685,424,32718
13686,403,18281
13687,485,25504
13688,111,21507
13689,40,22849
13690,305,18213
13691,426,29233
13692,140,11924
13693,342,14127
13694,4,7170
13695,14,24405
13696,480,32960
13697,466,21297
13698,207,29202
13699,417,22624
13700,386,22181
13701,277,20119
13702,201,18783
13703,86,22761
13704,21,18454
13705,15,17204
13706,281,23556
13707,422,23278
13708,186,24918
13709,419,16073
13710,116,23147
13711,344,14397
13712,211,32192
13713,357,29088
13714,297,27654
13715,188,17304
13716,380,21442
13717,432,29100
13718,96,26520
13719,324,23761
13720,138,12564
13721,117,15586
13722,304,34144
13723,359,20206
13724,363,24416
13725,202,26574
13726,350,12448
13727,24,14057
13728,62,26656
13729,48,24450
13730,256,19883
13731,208,14172
13732,435,33135
13733,311,16017
13734,410,30122
13735,47,20975
13736,101,23778
13737,132,24564
13738,398,26204
13739,382,34516
13740,409,15091
13741,253,31596
13742,16,23679
13743,45,23563
13744,278,25755
13745,343,12334
13746,76,18951
13747,12,18443
13748,224,23646
13749,67,25712
13750,255,18328
13751,483,15369
13752,201,17049
13753,144,14230
13754,369,31822
13755,248,33945
13756,162,14545
13757,298,24910
13758,258,25337
13759,182,19049
13760,79,26183
13761,150,13980
13762,455,32524
13763,156,24367
13764,131,26752
13765,66,21239
13766,445,28351
13767,38,21568
13768,93,24611
13769,320,25022
13770,52,28630
13771,419,21502
13772,8,8899
13773,442,31779
13774,24,24778
13775,371,23164
13776,480,21210
13777,387,30553
13778,188,21840
13779,244,15512
13780,251,32149
13781,336,12943
13782,85,24278
13783,209,29065
13784,345,12749
13785,389,19961
13786,58,15192
13787,355,18532
13788,4,9416
13789,451,21916
13790,320,21178
13791,437,27775
13792,75,18571
13793,409,27383
13794,183,30113
13795,497,14776
13796,382,31563
13797,452,30149
13798,86,18394
13799,78,26804
13800,78,29870
13801,186,33475
13802,44,26715
13803,71,27533
13804,464,18120
13805,79,17562
13806,208,32641
13807,259,25750
13808,191,23961
13809,359,26706
13810,273,32923
13811,152,34235
13812,271,26983
13813,219,19416
13814,44,31541
13815,430,16518
13816,212,19596
13817,194,29520
13818,369,14040
13819,496,28463
13820,78,15015
13821,499,18357
13822,280,24206
13823,60,29287
13824,379,27187
13825,192,20671
13826,273,30296
13827,242,24816
13828,116,14174
13829,443,18792
13830,322,19869
13831,215,34524
13832,390,31131
13833,198,34855
13834,201,19562
13835,210,16323
13836,396,18740
13837,168,29847
13838,446,17879
13839,26,21514
13840,72,21285
13841,488,20716
13842,180,17010
13843,36,30904
13844,404,15292
13845,372,20924
13846,26,30070
13847,34,17844
13848,60,23552
13849,429,25593
13850,13,21395
13851,108,23675
13852,482,20896
13853,336,12796
13854,37,25622
13855,96,16812
13856,430,17080
13857,211,27900
13858,359,23342
13859,418,26431
13860,364,30541
13861,74,26587
13862,27,29287
13863,222,22348
13864,182,17333
13865,155,32747
13866,481,19034
13867,84,22369
13868,69,20146
13869,229,23830
13870,129,34026
13871,267,29622
13872,111,15270
13873,475,31073
13874,438,25909
13875,39,17331
13876,112,17170
13877,318,33065
13878,450,17682
13879,235,31042
13880,67,22076
13881,122,27703
13882,396,23771
13883,453,21513
13884,451,25865
13885,477,20555
13886,173,33374
13887,435,28953
13888,323,32775
13889,156,20046
13890,39,15787
13891,321,14507
13892,117,25185
13893,280,22687
13894,244,33079
13895,387,14510
13896,171,24561
13897,284,24184
13898,306,23932
13899,253,17202
13900,258,19255
13901,104,23759
13902,481,34653
13903,372,19594
13904,204,32415
13905,278,26966
13906,422,33182
13907,487,19741
13908,196,18447
13909,369,27685
13910,220,20226
13911,118,32501
13912,35,26448
13913,311,29042
13914,227,29990
13915,19,18768
13916,89,32158
13917,377,26153
13918,106,22605
13919,169,34013
13920,229,24343
13921,277,28979
13922,421,29845
13923,238,34372
13924,379,27048
13925,192,21613
13926,303,20200
13927,38,34374
13928,192,26773
13929,83,22662
13930,281,33687
13931,440,30515
13932,39,31586
13933,369,19013
13934,488,34691
13935,447,17546
13936,305,28026
13937,63,21341
13938,298,24147
13939,426,15313
13940,249,19373
13941,303,31107
13942,478,23291
13943,261,25181
13944,269,16721
13945,270,17099
13946,394,34314
13947,237,16835
13948,14,21407
13949,33,23068
13950,491,30625
13951,458,18537
13952,218,29208
13953,110,23545
13954,400,20331
13955,175,17417
13956,479,33350
13957,467,32878
13958,373,17982
13959,350,12270
13960,280,34883
13961,473,29726
13962,130,33335
13963,445,23252
13964,157,16661
13965,188,32323
13966,312,15939
13967,437,28284
13968,460,17833
13969,309,20225
13970,250,25249
13971,186,33487
13972,285,18467
13973,147,14482
13974,100,30787
13975,71,14664
13976,349,13161
13977,397,25090
13978,90,24059
13979,16,29027
13980,305,29391
13981,416,20034
13982,349,12291
13983,493,16263
13984,99,32714
13985,95,17482
13986,473,33870
13987,77,17032
13988,208,17456
13989,401,22099
13990,342,14654
13991,360,25875
13992,205,31437
13993,213,15040
13994,33,20445
13995,367,20716
13996,58,14425
13997,362,24554
13998,82,19430
13999,338,12020
14000,208,21004
14001,182,27214
14002,321,28784
14003,432,32838
14004,420,32125
14005,226,27966
14006,210,28252
14007,400,19548
14008,368,31759
14009,346,13633
14010,78,21560
14011,365,24239
14012,257,27957
14013,299,26945
14014,127,27520
14015,227,22261
14016,181,32028
14017,202,33720
14018,210,25368
14019,206,24763
14020,211,19912
14021,109,16193
14022,456,18880
14023,221,15641
14024,365,22195
14025,278,27094
14026,100,20980
14027,494,21574
14028,270,33294
14029,276,34034
14030,418,21774
14031,382,26901
14032,223,31797
14033,332,21529
14034,335,34699
14035,295,27255
14036,455,15400
14037,162,33995
14038,174,15338
14039,127,25601
14040,115,28274
14041,209,22204
14042,139,13166
14043,216,20851
14044,325,16148
14045,276,22552
14046,86,32536
14047,437,34159
14048,46,28415
14049,331,29605
14050,141,14314
14051,136,11345
14052,416,26353
14053,404,14765
14054,207,23178
14055,268,14646
14056,483,22337
14057,405,18961
14058,156,33007
14059,130,21098
14060,93,30858
14061,358,27596
14062,353,20103
14063,34,30917
14064,416,14495
14065,49,34101
14066,220,17575
14067,383,32048
14068,174,23857
14069,120,21627
14070,412,29188
14071,371,14105
14072,322,21339
14073,91,24023
14074,8,7224
14075,436,29095
14076,443,16474
14077,362,31502
14078,269,17119
14079,311,21592
14080,166,19064
14081,485,25760
14082,266,32389
14083,229,20302
14084,446,23014
14085,358,21006
14086,217,24448
14087,155,28041
14088,244,14999
14089,281,25778
14090,22,27097
14091,477,24442
14092,344,12707
14093,364,17553
14094,350,14965
14095,337,14916
14096,435,34648
14097,5,15240
14098,405,15661
14099,483,21302
14100,273,29051
14101,318,24352
14102,285,22714
14103,210,21043
14104,402,14112
14105,281,19967
14106,66,34071
14107,286,25294
14108,215,16667
14109,437,16107
14110,20,14897
14111,421,29567
14112,267,25169
14113,213,25308
14114,216,22891
14115,95,30651
14116,186,18436
14117,492,20819
14118,309,30543
14119,452,15701
14120,54,15985
14121,283,29720
14122,410,31136
14123,78,33491
14124,244,29350
14125,86,23646
14126,51,16328
14127,141,11707
14128,314,34013
14129,113,17548
14130,465,19091
14131,305,24945
14132,184,14211
14133,268,19022
14134,4,8996
14135,365,16431
14136,68,24394
14137,382,21859
14138,351,14134
14139,102,23574
14140,119,30938
14141,411,22588
14142,425,24996
14143,259,24705
14144,215,18375
14145,10,11776
14146,266,30370
14147,30,31013
14148,317,31063
14149,99,30090
14150,438,14702
14151,7,9277
14152,70,17389
14153,166,15941
14154,445,31724
14155,215,33560
14156,144,12925
14157,407,16339
14158,487,27743
14159,56,19884
14160,259,21299
14161,52,28349
14162,271,16177
14163,297,23235
14164,57,33035
14165,498,18550
14166,327,31019
14167,134,28239
14168,35,33935
14169,315,21012
14170,309,31206
14171,284,29507
14172,87,25117
14173,443,28445
14174,115,22554
14175,332,15680
14176,385,23824
14177,217,28839
14178,358,21414
14179,212,28482
14180,328,32133
14181,302,26602
14182,104,16924
14183,23,29734
14184,51,24797
14185,121,18803
14186,18,22063
14187,466,29624
14188,500,34709
14189,84,32783
14190,36,34012
14191,481,14178
14192,252,17824
14193,419,26461
14194,241,21974
14195,121,27944
14196,19,22569
14197,386,15377
14198,308,21975
14199,454,25866
14200,151,28878
14201,488,28619
14202,238,29253
14203,317,16756
14204,126,14818
14205,160,29095
14206,393,19314
14207,119,25060
14208,322,32668
14209,284,31009
14210,393,30593
14211,497,20334
14212,223,18799
14213,317,30498
14214,424,20066
14215,414,25852
14216,34,26023
14217,246,34686
14218,218,31031
14219,64,32134
14220,60,33958
14221,83,26995
14222,282,34753
14223,75,17543
14224,12,33917
14225,363,29472
14226,91,24021
14227,102,31626
14228,259,24582
14229,332,27583
14230,190,32659
14231,403,16718
14232,403,17058
14233,119,15940
14234,114,27284
14235,25,27295
14236,250,15624
14237,285,19783
14238,285,29016
14239,270,20452
14240,264,24024
14241,489,28444
14242,51,32255
14243,363,25532
14244,361,21980
14245,221,21945
14246,247,26609
14247,433,33086
14248,320,24959
14249,85,26500
14250,345,13666
14251,204,29500
14252,381,17149
14253,126,26391
14254,348,11422
14255,171,23630
14256,270,31377
14257,101,28430
14258,204,23213
14259,247,23488
14260,431,20866
14261,269,22758
14262,412,17749
14263,412,15869
14264,238,26980
14265,199,18424
14266,26,28844
14267,430,24561
14268,490,20734
14269,442,20980
14270,286,31799
14271,275,18650
14272,62,30158
14273,11,20420
14274,177,27320
14275,484,32774
14276,219,16617
14277,309,17032
14278,123,26638
14279,290,18251
14280,336,13055
14281,307,31496
14282,148,13782
14283,4,6913
14284,141,12080
14285,44,24283
14286,279,30588
14287,475,34659
14288,178,26122
14289,446,18436
14290,78,29761
14291,319,16718
14292,250,28631
14293,305,14093
14294,496,26243
14295,339,13964
14296,333,29319
14297,293,21136
14298,176,33668
14299,135,29929
14300,308,14702
14301,222,25543
14302,43,14196
14303,293,23561
14304,407,15225
14305,336,12308
14306,83,26248
14307,356,16096
14308,332,26962
14309,378,21123
14310,290,14012
14311,160,19527
14312,132,33427
14313,258,18524
14314,491,29660
14315,414,31110
14316,500,32102
14317,316,17954
14318,97,31164
14319,49,32853
14320,218,17991
14321,337,14021
14322,227,26913
14323,13,22764
14324,459,22306
14325,296,30621
14326,259,15054
14327,48,14854
14328,497,22983
14329,56,34877
14330,219,15695
14331,157,16914
14332,498,23960
14333,216,15144
14334,356,29155
14335,398,32410
14336,385,18256
14337,54,31811
14338,278,15184
14339,326,32535
14340,70,29641
14341,145,13637
14342,69,19734
14343,180,24851
14344,171,19645
14345,330,14310
14346,233,16835
14347,284,33711
14348,243,19274
14349,16,31094
14350,371,34054
14351,492,31931
14352,356,16457
14353,211,34099
14354,487,24662
14355,251,32181
14356,446,26550
14357,485,17697
14358,141,13410
14359,134,31553
14360,466,30913
14361,252,33305
14362,216,30167
14363,163,30018
14364,217,31651
14365,14,22136
14366,101,18980
14367,242,29367
14368,388,18699
14369,455,15229
14370,119,27854
14371,115,28050
14372,399,33214
14373,265,14549
14374,66,24291
14375,249,31663
14376,462,29907
14377,281,20275
14378,300,33255
14379,333,24201
14380,70,29093
14381,304,15406
14382,52,22201
14383,480,21439
14384,491,29960
14385,423,28132
14386,243,24755
14387,222,23780
14388,478,16520
14389,206,34652
14390,424,16475
14391,59,20569
14392,196,28702
14393,59,18444
14394,311,34775
14395,267,25343
14396,55,15112
14397,113,31312
14398,189,18117
14399,391,25659
14400,64,30151
14401,368,33246
14402,336,13384
14403,279,25459
14404,419,29509
14405,84,24802
14406,454,21898
14407,219,21283
14408,84,25750
14409,455,19396
14410,368,23958
14411,287,15898
14412,452,32370
14413,407,19426
14414,422,31663
14415,138,11777
14416,284,15617
14417,168,14776
14418,78,16795
14419,246,20623
14420,167,26706
14421,368,21678
14422,198,33544
14423,442,15783
14424,249,26354
14425,69,28508
14426,400,23980
14427,155,28090
14428,255,26306
14429,397,26923
14430,41,29225
14431,143,14216
14432,118,23154
14433,492,25682
14434,437,23447
14435,149,13248
14436,80,27961
14437,6,9288
14438,353,15203
14439,432,31199
14440,178,34967
14441,338,12889
14442,333,30244
14443,22,28219
14444,115,28722
14445,375,15232
14446,127,28806
14447,424,28647
14448,125,29634
14449,478,23351
14450,368,29123
14451,391,33452
14452,55,14291
14453,371,33727
14454,256,17740
14455,46,28991
14456,264,17861
14457,329,27230
14458,464,28939
14459,386,23287
14460,82,21637
14461,477,25475
14462,228,29929
14463,335,25220
14464,151,22328
14465,137,14207
14466,105,17700
14467,341,11866
14468,327,18830
14469,327,14759
14470,98,27779
14471,139,12355
14472,40,18633
14473,22,15232
14474,8,7768
14475,300,19344
14476,48,19382
14477,202,27861
14478,238,29405
14479,363,20986
14480,495,16533
14481,412,31604
14482,245,17665
14483,401,27589
14484,399,22034
14485,338,14949
14486,481,15738
14487,336,14917
14488,321,31545
14489,245,20510
14490,64,34556
14491,82,23994
14492,130,30882
14493,319,34714
14494,233,19107
14495,7,8745
14496,477,27423
14497,359,14061
14498,102,24203
14499,25,24255
14500,59,18237
14501,63,19935
14502,338,12236
14503,169,32171
14504,420,16881
14505,165,26299
14506,154,28276
14507,297,14903
14508,388,31930
14509,266,24470
14510,437,24442
14511,69,31818
14512,476,25620
14513,416,34076
14514,285,30707
14515,107,30029
14516,28,29074
14517,55,34527
14518,222,34639
14519,120,21914
14520,309,27867
14521,28,32509
14522,352,19793
14523,182,14295
14524,496,20822
14525,198,19678
14526,304,23355
14527,233,33107
14528,424,33024
14529,268,28995
14530,392,20430
14531,431,23697
14532,203,18785
14533,100,20660
14534,292,23328
14535,248,14514
14536,153,23860
14537,286,33471
14538,278,34454
14539,148,13263
14540,53,20124
14541,174,15570
14542,151,31094
14543,6,7701
14544,157,17253
14545,182,34245
14546,287,15797
14547,434,19740
14548,257,26007
14549,38,34749
14550,314,19299
14551,279,34113
14552,104,32120
14553,382,26019
14554,293,32097
14555,63,34152
14556,119,34124
14557,488,34232
14558,190,23997
14559,95,25893
14560,114,15444
14561,486,30261
14562,327,33791
14563,217,14896
14564,198,20964
14565,315,19671
14566,192,27148
14567,248,31803
14568,362,29345
14569,76,14783
14570,190,27397
14571,447,14113
14572,62,33956
14573,110,18100
14574,373,17472
14575,273,34363
14576,497,26460
14577,333,27655
14578,110,23139
14579,133,23476
14580,482,22866
14581,19,32136
14582,73,20833
14583,462,21808
14584,148,12084
14585,390,20098
14586,490,30198
14587,181,15631
14588,184,30932
14589,428,19679
14590,204,14039
14591,41,27309
14592,48,31001
14593,256,14352
14594,249,21497
14595,159,20856
14596,39,19894
14597,144,12890
14598,84,32769
14599,365,24087
14600,383,34118
14601,286,20773
14602,371,30801
14603,478,17734
14604,436,29186
14605,345,11605
14606,466,22393
14607,194,15719
14608,217,23732
14609,487,20400
14610,342,14915
14611,256,34975
14612,297,19325
14613,235,31211
14614,267,21016
14615,31,23211
14616,434,28475
14617,12,27805
14618,390,26318
14619,352,15709
14620,179,21332
14621,153,14708
14622,352,27309
14623,11,23249
14624,66,23562
14625,80,17560
14626,426,26186
14627,262,24041
14628,461,16977
14629,40,32493
14630,360,32925
14631,433,20814
14632,318,29795
14633,244,22699
14634,77,16722
14635,481,16260
14636,222,18829
14637,234,33556
14638,110,27504
14639,4,7940
14640,451,29674
14641,250,17617
14642,343,12187
14643,97,14272
14644,252,34628
14645,311,26196
14646,418,26436
14647,327,33929
14648,43,15198
14649,338,12022
14650,146,13064
14651,130,27748
14652,326,20420
14653,59,19380
14654,470,23329
14655,73,28550
14656,12,20503
14657,176,18806
14658,266,28127
14659,438,34415
14660,383,31199
14661,161,20324
14662,397,29022
14663,247,31635
14664,160,26345
14665,44,20033
14666,123,20544
14667,259,18278
14668,263,33591
14669,100,25565
14670,331,20612
14671,402,34047
14672,122,26020
14673,120,23913
14674,417,26620
14675,364,14137
14676,202,27894
14677,380,15451
14678,422,27334
14679,84,26252
14680,215,15623
14681,264,14724
14682,58,27238
14683,81,26566
14684,434,17097
14685,206,14662
14686,119,33033
14687,133,27494
14688,336,14296
14689,307,27618
14690,486,23311
14691,460,22456
14692,134,34430
14693,65,27335
14694,197,28174
14695,109,31063
14696,194,29518
14697,489,27944
14698,205,21016
14699,465,21871
14700,40,30884
14701,114,29349
14702,265,20098
14703,69,30804
14704,463,28748
14705,110,25171
14706,469,24294
14707,233,22439
14708,192,23742
14709,191,33426
14710,377,22155
14711,23,28317
14712,403,18073
14713,76,27953
14714,322,19930
14715,238,24414
14716,152,23151
14717,445,27048
14718,349,14743
14719,326,20432
14720,406,26505
14721,337,12196
14722,66,18147
14723,438,22027
14724,104,15179
14725,279,19120
14726,196,24276
14727,328,32285
14728,238,34038
14729,284,23192
14730,304,21803
14731,56,14935
14732,463,20650
14733,393,32001
14734,343,11063
14735,60,23190
14736,174,34553
14737,291,27970
14738,338,12936
14739,14,23922
14740,353,20067
14741,160,34909
14742,76,29415
14743,434,32949
14744,86,18968
14745,190,32608
14746,198,24137
14747,135,28797
14748,158,14416
14749,473,30841
14750,420,19977
14751,42,25847
14752,494,23128
14753,422,14978
14754,446,20863
14755,241,22809
14756,246,30779
14757,4,7083
14758,422,20527
14759,41,14790
14760,384,26483
14761,230,18995
14762,349,13375
14763,68,25252
14764,440,32322
14765,171,24762
14766,297,30239
14767,157,17824
14768,342,13907
14769,378,17818
14770,378,30364
14771,17,19025
14772,330,25011
14773,198,30600
14774,500,18039
14775,207,17065
14776,263,27362
14777,462,18419
14778,357,15153
14779,77,26030
14780,248,25660
14781,105,18208
14782,214,19888
14783,264,14567
14784,494,20883
14785,263,24345
14786,215,16953
14787,94,22911
14788,202,21665
14789,361,31208
14790,60,26713
14791,14,21162
14792,392,34128
14793,272,28185
14794,103,14765
14795,240,32630
14796,40,29674
14797,92,23877
14798,283,16216
14799,105,24809
14800,47,21889
14801,179,18399
14802,382,15079
14803,151,20694
14804,226,31935
14805,416,15014
14806,192,29164
14807,144,13594
14808,39,29809
14809,395,18223
14810,405,32736
14811,408,17591
14812,310,19030
14813,441,33734
14814,322,18748
14815,91,33858
14816,289,23952
14817,182,31606
14818,327,29933
14819,251,34530
14820,114,24752
14821,496,34054
14822,432,19767
14823,457,15876
14824,154,24751
14825,297,23304
14826,478,29818
14827,458,14064
14828,361,33306
14829,177,32023
14830,62,27972
14831,163,15117
14832,360,22538
14833,437,15905
14834,471,32694
14835,88,16333
14836,327,32445
14837,246,15194
14838,215,25442
14839,248,17449
14840,194,17297
14841,92,28193
14842,167,16791
14843,249,14727
14844,227,18828
14845,468,31597
14846,122,29324
14847,216,16311
14848,374,20300
14849,219,27959
14850,481,32365
14851,61,30672
14852,131,20381
14853,397,19133
14854,497,23121
14855,310,33774
14856,457,20967
14857,391,25951
14858,25,23882
14859,183,31609
14860,164,26883
14861,335,16917
14862,385,27971
14863,156,23666
14864,251,14964
14865,279,28442
14866,232,19626
14867,57,28465
14868,38,20632
14869,477,27406
14870,120,30724
14871,93,21443
14872,307,19760
14873,415,22379
14874,386,22172
14875,255,34971
14876,43,21448
14877,335,30032
14878,440,18855
14879,270,18172
14880,87,32180
14881,35,19255
14882,492,15452
14883,405,18972
14884,426,23329
14885,132,19292
14886,240,29280
14887,338,14684
14888,348,14218
14889,235,27499
14890,12,27190
14891,113,24106
14892,449,16403
14893,107,23840
14894,370,26495
14895,454,19240
14896,472,33004
14897,168,32028
14898,103,16086
14899,457,24418
14900,124,14190
14901,113,27071
14902,372,25751
14903,435,33892
14904,157,33988
14905,493,29545
14906,498,17292
14907,209,21140
14908,232,30472
14909,76,17347
14910,172,23202
14911,363,31463
14912,260,20686
14913,8,7405
14914,422,31246
14915,482,16362
14916,146,13543
14917,391,32684
14918,405,17777
14919,292,31987
14920,370,33213
14921,142,11807
14922,16,24637
14923,376,18703
14924,471,17705
14925,326,26926
14926,326,24108
14927,83,32933
14928,488,30236
14929,177,30054
14930,437,19028
14931,30,14793
14932,339,11022
14933,350,14170
14934,23,21452
14935,30,24281
14936,413,28856
14937,492,18999
14938,280,26100
14939,290,23133
14940,476,31358
14941,166,31623
14942,115,29498
14943,197,34665
14944,10,11361
14945,403,17912
14946,288,30196
14947,112,29836
14948,178,26988
14949,88,26263
14950,81,33068
14951,91,16200
14952,285,30149
14953,420,25420
14954,278,30106
14955,289,14489
14956,428,31699
14957,311,26411
14958,479,28199
14959,491,22179
14960,462,24781
14961,253,15050
14962,200,29352
14963,441,19741
14964,240,15919
14965,308,14528
14966,391,15958
14967,317,21613
14968,204,30717
14969,284,23991
14970,481,16216
14971,213,25256
14972,114,22108
14973,216,29527
14974,266,32380
14975,132,23609
14976,131,19943
14977,36,15321
14978,448,26178
14979,192,18957
14980,323,20741
14981,223,30813
14982,69,29637
14983,399,16358
14984,242,15857
14985,350,12856
14986,364,18395
14987,103,28651
14988,327,27023
14989,290,26314
14990,34,32213
14991,106,19246
14992,479,20529
14993,485,18271
14994,287,16280
14995,426,30059
14996,143,14588
14997,345,14785
14998,371,20778
14999,242,21201
15000,461,16880
15001,321,19754
15002,474,19516
15003,493,24181
15004,134,27643
15005,350,14848
15006,370,16395
15007,167,34906
15008,165,31154
15009,240,15409
15010,109,29517
15011,485,19250
15012,64,29245
15013,425,20821
15014,108,28528
15015,245,27424
15016,293,30056
15017,403,29430
15018,431,22697
15019,475,15381
15020,24,28144
15021,251,34760
15022,423,30344
15023,55,22403
15024,373,27276
15025,494,27603
15026,490,19570
15027,426,22611
15028,86,15996
15029,241,21764
15030,338,11623
15031,291,34005
15032,277,14548
15033,88,33138
15034,406,33758
15035,423,21492
15036,312,28061
15037,15,26424
15038,236,34771
15039,377,24354
15040,271,25790
15041,386,34836
15042,498,21704
15043,296,25814
15044,481,28013
15045,252,19363
15046,350,14528
15047,424,28780
15048,495,14351
15049,379,18157
15050,41,14245
15051,391,34099
15052,249,33014
15053,439,29584
15054,199,18245
15055,255,29926
15056,243,34254
15057,43,23763
15058,184,27346
15059,82,28246
15060,112,17455
15061,137,13468
15062,488,18709
15063,198,31215
15064,239,32562
15065,353,27479
15066,241,15647
15067,150,14880
15068,113,19919
15069,303,31245
15070,152,27535
15071,224,18207
15072,408,15526
15073,466,16273
15074,173,31936
15075,345,12306
15076,377,16638
15077,49,24560
15078,126,28074
15079,408,26896
15080,9,9450
15081,438,30672
15082,220,22773
15083,397,26831
15084,256,23690
15085,35,14568
15086,357,16852
15087,174,20033
15088,155,27478
15089,307,28263
15090,130,23492
15091,397,29954
15092,269,30156
15093,202,33049
15094,318,26334
15095,120,27135
15096,144,14335
15097,51,34957
15098,104,27789
15099,260,34253
15100,391,21324
15101,154,17671
15102,474,28109
15103,76,16249
15104,325,15997
15105,443,15064
15106,190,20561
15107,450,26547
15108,408,14041
15109,361,22244
15110,375,31774
15111,8,9305
15112,375,33799
15113,310,34388
15114,458,26231
15115,461,31917
15116,83,15047
15117,258,31627
15118,401,18828
15119,12,29983
15120,122,17274
15121,374,16037
15122,98,28422
15123,475,26745
15124,345,13972
15125,383,25861
15126,140,11939
15127,347,14825
15128,237,14516
15129,64,16975
15130,481,27664
15131,500,18855
15132,406,29758
15133,427,34894
15134,263,34656
15135,225,14382
15136,372,30808
15137,447,28134
15138,153,24431
15139,207,16392
15140,70,29119
15141,229,22752
15142,101,26388
15143,340,11273
15144,428,17252
15145,434,16359
15146,118,34130
15147,411,23184
15148,35,30146
15149,385,24288
15150,418,16369
15151,118,20709
15152,463,31619
15153,329,20607
15154,401,33128
15155,433,16628
15156,465,29124
15157,371,14258
15158,252,31464
15159,478,25680
15160,322,29549
15161,155,16190
15162,97,17640
15163,356,32336
15164,252,21692
15165,160,15533
15166,43,20205
15167,435,15879
15168,248,29617
15169,398,27189
15170,478,33912
15171,56,31081
15172,447,21671
15173,231,23045
15174,136,11823
15175,435,24679
15176,115,19453
15177,295,17736
15178,420,24077
15179,84,19655
15180,347,14790
15181,59,26653
15182,416,34557
15183,105,14536
15184,224,25223
15185,318,31822
15186,498,15245
15187,204,24258
15188,268,34710
15189,52,28342
15190,86,25005
15191,27,32598
15192,141,11648
15193,114,20448
15194,301,27175
15195,459,30701
15196,316,14499
15197,455,31375
15198,101,30262
15199,11,29297
15200,49,33390
15201,398,14695
15202,331,21134
15203,187,25485
15204,339,12798
15205,137,11658
15206,53,34329
15207,255,16018
15208,348,11144
15209,345,12599
15210,99,18347
15211,232,30023
15212,376,28353
15213,86,14231
15214,139,12398
15215,378,28390
15216,22,31487
15217,268,19080
15218,256,26959
15219,9,7605
15220,258,22675
15221,336,13984
15222,96,29229
15223,196,24071
15224,344,13288
15225,51,19960
15226,247,33672
15227,19,20912
15228,276,29031
15229,193,29913
15230,442,18243
15231,233,31765
15232,376,20172
15233,135,18820
15234,54,23997
15235,469,15507
15236,8,8667
15237,421,17261
15238,198,28684
15239,319,29789
15240,262,34708
15241,187,29777
15242,87,19466
15243,290,21990
15244,145,11829
15245,181,24787
15246,427,32509
15247,461,34011
15248,350,13258
15249,424,17711
15250,279,19922
15251,258,32703
15252,382,18430
15253,270,21918
15254,451,23678
15255,499,20593
15256,213,30476
15257,328,15086
15258,222,15094
15259,86,33086
15260,14,30850
15261,129,27477
15262,36,18319
15263,197,19244
15264,242,24812
15265,153,17816
15266,219,28469
15267,6,7871
15268,355,16829
15269,129,34221
15270,227,24137
15271,236,25578
15272,356,21773
15273,300,16990
15274,207,14538
15275,252,15797
15276,314,30815
15277,433,15254
15278,308,32494
15279,21,15019
15280,439,18838
15281,111,26307
15282,397,20549
15283,483,20822
15284,464,15026
15285,184,19338
15286,191,29637
15287,394,20438
15288,273,24827
15289,97,15049
15290,70,28343
15291,315,15183
15292,8,7179
15293,84,31414
15294,463,20340
15295,149,12092
15296,366,25247
15297,396,29285
15298,193,21035
15299,302,19037
15300,296,21038
15301,326,23155
15302,118,14510
15303,475,34425
15304,163,24293
15305,244,30304
15306,190,17104
15307,499,28307
15308,213,23306
15309,246,14159
15310,314,27235
15311,199,22876
15312,486,17082
15313,26,19466
15314,51,34649
15315,90,15389
15316,178,30451
15317,338,12447
15318,317,30852
15319,339,13385
15320,387,23176
15321,318,17963
15322,223,31805
15323,429,19105
15324,120,16890
15325,130,24641
15326,209,34727
15327,193,17914
15328,7,6817
15329,367,25526
15330,94,25969
15331,11,29443
15332,47,31778
15333,477,30856
15334,371,29263
15335,30,20961
15336,271,33336
15337,447,22922
15338,224,15728
15339,337,12618
15340,337,11708
15341,109,19788
15342,237,34547
15343,65,14206
15344,344,12963
15345,137,13580
15346,384,34775
15347,313,30002
15348,112,17191
15349,187,15895
15350,166,21218
15351,319,31977
15352,198,27208
15353,398,22547
15354,16,14689
15355,256,22565
15356,207,33326
15357,330,24028
15358,191,33834
15359,449,28613
15360,97,27871
15361,231,22945
15362,54,17656
15363,206,22257
15364,12,16811
15365,72,30003
15366,467,29812
15367,410,29488
15368,252,14974
15369,160,21800
15370,125,18893
15371,429,29460
15372,206,19924
15373,147,13261
15374,246,32351
15375,212,19804
15376,188,33895
15377,318,29798
15378,278,14843
15379,164,17347
15380,109,24973
15381,299,17575
15382,137,13734
15383,376,24519
15384,351,34188
15385,98,25456
15386,491,23104
15387,192,26025
15388,127,33958
15389,395,20863
15390,423,30599
15391,19,18650
15392,227,23086
15393,405,25241
15394,458,16767
15395,48,14135
15396,453,20406
15397,315,25654
15398,342,13343
15399,310,26330
15400,101,22704
15401,11,34907
15402,485,19263
15403,148,12141
15404,136,12653
15405,128,15008
15406,493,21993
15407,336,11067
15408,12,24577
15409,485,14796
15410,470,28159
15411,323,24613
15412,19,29513
15413,88,29538
15414,385,14039
15415,190,33669
15416,283,16101
15417,134,20903
15418,261,25986
15419,458,21353
15420,428,33762
15421,494,32553
15422,174,16930
15423,491,16891
15424,334,31144
15425,138,12086
15426,69,27860
15427,374,29461
15428,36,28165
15429,182,16092
15430,69,18069
15431,268,22216
15432,435,22210
15433,308,17033
15434,49,33811
15435,226,20342
15436,258,28232
15437,366,22015
15438,328,26956
15439,330,18372
15440,7,6963
15441,28,31574
15442,159,17202
15443,118,31433
15444,289,18727
15445,388,29732
15446,371,21171
15447,437,32732
15448,223,23088
15449,344,13911
15450,483,28604
15451,215,29959
15452,190,24644
15453,500,33201
15454,360,34849
15455,424,14733
15456,259,27892
15457,180,20327
15458,274,17923
15459,42,23026
15460,369,19514
15461,466,16683
15462,338,13288
15463,102,25532
15464,133,28957
15465,362,28230
15466,252,16817
15467,19,33139
15468,166,16908
15469,99,16752
15470,427,16498
15471,420,32233
15472,405,14507
15473,148,11547
15474,93,27296
15475,96,22728
15476,88,22846
15477,130,31528
15478,270,16268
15479,150,11917
15480,456,30291
15481,308,30370
15482,170,23693
15483,289,20454
15484,454,22071
15485,137,14965
15486,201,22556
15487,316,34609
15488,194,31573
15489,37,32763
15490,64,25551
15491,472,21318
15492,145,11985
15493,133,32126
15494,352,17680
15495,9,6945
15496,419,30793
15497,231,19876
15498,442,32739
15499,10,14078
15500,480,29569
15501,490,26205
15502,179,14917
15503,16,18268
15504,90,25039
15505,236,34592
15506,171,24847
15507,226,15604
15508,55,15660
15509,69,27406
15510,299,28801
15511,52,25942
15512,47,33216
15513,153,31486
15514,253,33494
15515,218,14611
15516,251,23195
15517,469,34971
15518,366,21105
15519,239,25219
15520,235,32022
15521,376,17724
15522,322,29098
15523,218,22775
15524,308,20073
15525,269,16698
15526,462,24822
15527,34,23547
15528,83,15051
15529,420,25073
15530,230,18042
15531,222,24227
15532,133,19521
15533,150,13777
15534,190,24016
15535,298,19367
15536,160,30444
15537,16,15095
15538,243,27065
15539,484,31908
15540,28,18866
15541,25,25683
15542,257,21561
15543,48,29697
15544,332,28908
15545,301,29202
15546,166,16891
15547,358,17837
15548,479,16657
15549,25,33859
15550,52,28225
15551,49,20310
15552,341,11051
15553,127,29675
15554,249,34883
15555,297,34983
15556,33,29717
15557,50,16093
15558,277,29631
15559,350,12057
15560,389,21193
15561,253,23294
15562,16,26960
15563,405,18669
15564,496,21787
15565,394,19671
15566,399,19530
15567,410,15256
15568,341,12410
15569,354,26157
15570,333,31298
15571,126,19879
15572,399,33724
15573,311,23362
15574,438,18429
15575,493,17375
15576,21,20194
15577,349,14339
15578,51,22494
15579,186,22572
15580,278,16457
15581,144,14735
15582,48,21080
15583,180,16525
15584,331,33737
15585,440,29051
15586,298,26511
15587,486,33948
15588,32,20325
15589,131,21417
15590,435,17524
15591,308,18538
15592,24,28750
15593,480,16235
15594,18,24714
15595,380,17311
15596,242,14289
15597,241,34769
15598,349,11143
15599,318,25797
15600,56,18086
15601,291,22802
15602,119,26875
15603,193,29877
15604,174,30439
15605,412,15244
15606,210,29936
15607,167,34039
15608,60,33513
15609,45,31541
15610,395,19388
15611,160,31507
15612,407,25321
15613,256,30065
15614,464,17495
15615,213,21652
15616,354,30279
15617,468,22107
15618,114,14745
15619,399,14278
15620,438,24295
15621,195,26123
15622,351,31079
15623,51,28629
15624,71,32750
15625,359,20141
15626,49,25729
15627,444,29961
15628,223,24088
15629,495,27323
15630,348,13726
15631,283,19418
15632,130,24401
15633,247,34252
15634,280,18606
15635,67,25088
15636,453,24744
15637,182,14703
15638,165,28015
15639,449,31895
15640,381,32702
15641,192,21841
15642,181,30975
15643,393,22065
15644,173,24881
15645,80,23469
15646,382,22846
15647,213,18005
15648,235,25620
15649,332,28366
15650,37,33619
15651,257,18870
15652,439,20150
15653,485,18106
15654,351,20130
15655,150,14068
15656,463,28179
15657,350,14878
15658,98,23992
15659,65,30817
15660,218,31556
15661,328,20927
15662,121,28469
15663,219,16070
15664,61,15155
15665,198,24805
15666,195,20793
15667,23,14518
15668,443,34388
15669,476,15349
15670,257,19413
15671,287,18295
15672,296,34634
15673,32,29193
15674,363,27858
15675,182,21140
15676,116,33119
15677,296,33767
15678,364,23445
15679,14,24777
15680,33,15128
15681,128,27968
15682,401,16860
15683,72,16725
15684,333,15166
15685,44,21747
15686,475,30919
15687,391,14398
15688,228,14930
15689,102,29551
15690,496,18048
15691,470,26042
15692,71,31829
15693,267,25163
15694,462,16883
15695,190,26754
15696,312,34177
15697,100,17007
15698,17,33903
15699,362,31649
15700,176,25274
15701,277,22344
15702,115,34322
15703,317,32611
15704,288,18308
15705,143,12343
15706,260,24910
15707,472,26735
15708,108,28377
15709,148,14915
15710,218,29513
15711,108,28827
15712,109,27453
15713,248,16057
15714,54,25578
15715,313,26505
15716,488,14720
15717,401,28398
15718,65,20959
15719,337,11149
15720,312,26296
15721,102,29409
15722,156,30276
15723,248,24065
15724,331,24978
15725,424,15826
15726,235,17310
15727,332,26740
15728,437,33485
15729,321,15381
15730,241,22662
15731,360,20682
15732,213,16975
15733,136,13751
15734,27,16601
15735,85,17469
15736,383,26844
15737,16,22783
15738,171,21694
15739,5,26395
15740,362,24098
15741,198,32253
15742,262,15345
15743,55,15584
15744,395,34709
15745,439,32999
15746,128,18623
15747,189,32239
15748,469,21103
15749,298,18980
15750,305,29436
15751,248,26837
15752,112,24825
15753,30,23110
15754,176,25058
15755,257,17733
15756,103,29095
15757,84,29516
15758,57,22928
15759,75,30646
15760,458,30614
15761,460,31750
15762,230,29175
15763,213,27159
15764,57,34084
15765,10,13191
15766,161,23941
15767,350,11997
15768,209,23161
15769,445,21206
15770,75,31001
15771,406,18358
15772,27,27399
15773,223,32211
15774,464,16339
15775,189,14571
15776,103,17437
15777,15,18105
15778,411,34531
15779,210,26432
15780,470,23210
15781,357,18797
15782,209,16127
15783,157,18203
15784,245,30493
15785,247,30310
15786,11,30260
15787,41,34765
15788,332,31123
15789,26,29712
15790,108,32237
15791,214,21999
15792,278,19098
15793,26,20214
15794,113,23799
15795,453,17516
15796,367,34251
15797,357,29398
15798,139,13001
15799,205,17528
15800,200,23600
15801,436,14953
15802,86,19323
15803,436,26113
15804,458,17230
15805,148,11939
15806,301,18173
15807,41,25639
15808,43,18634
15809,439,28512
15810,257,16167
15811,394,27254
15812,448,34374
15813,106,20488
15814,418,21418
15815,496,32993
15816,12,16096
15817,480,15828
15818,200,23112
15819,116,17803
15820,110,23349
15821,186,25785
15822,325,18710
15823,324,27379
15824,354,16794
15825,479,17259
15826,428,16164
15827,95,33052
15828,386,15451
15829,423,34813
15830,304,31868
15831,106,15609
15832,431,18877
15833,474,15856
15834,473,19299
15835,285,17462
15836,483,14252
15837,134,26390
15838,356,24466
15839,132,30191
15840,439,24997
15841,427,17439
15842,297,16684
15843,53,25174
15844,441,17439
15845,139,11780
15846,355,27247
15847,4,7589
15848,449,21405
15849,339,11792
15850,255,15086
15851,478,33176
15852,55,21890
15853,328,22650
15854,72,28348
15855,52,17021
15856,74,19326
15857,144,11108
15858,265,15202
15859,315,33193
15860,378,31522
15861,107,25862
15862,203,14868
15863,79,24121
15864,404,22164
15865,380,21814
15866,468,29147
15867,207,26681
15868,282,34764
15869,403,31538
15870,26,17771
15871,111,20891
15872,265,17221
15873,98,18263
15874,336,11209
15875,113,25672
15876,50,21371
15877,176,27199
15878,267,30764
15879,337,13425
15880,370,26777
15881,393,28550
15882,202,23492
15883,377,30933
15884,138,11159
15885,394,34380
15886,202,34291
15887,239,17222
15888,459,19070
15889,78,18179
15890,150,12231
15891,486,17461
15892,299,27099
15893,221,22449
15894,187,22188
15895,349,14298
15896,232,28964
15897,298,27966
15898,471,34857
15899,204,23201
15900,499,33162
15901,126,24498
15902,235,24252
15903,333,17093
15904,103,31822
15905,373,24166
15906,68,22602
15907,9,8952
15908,377,34676
15909,439,22195
15910,387,20666
15911,97,34709
15912,408,24716
15913,371,18081
15914,324,28455
15915,234,20457
15916,10,11532
15917,5,19042
15918,154,31410
15919,441,20436
15920,267,34568
15921,209,20372
15922,145,13493
15923,56,20082
15924,220,21524
15925,38,29760
15926,353,27160
15927,359,22729
15928,336,12393
15929,135,26791
15930,131,29337
15931,4,8910
15932,448,17613
15933,246,27072
15934,447,21339
15935,340,14054
15936,361,18477
15937,460,19456
15938,153,18887
15939,141,13794
15940,424,20650
15941,259,14268
15942,83,19409
15943,393,25385
15944,147,12199
15945,175,28820
15946,174,19503
15947,281,19511
15948,275,24191
15949,462,15976
15950,447,19151
15951,186,24307
15952,57,19069
15953,184,32053
15954,321,23975
15955,156,29317
15956,148,12687
15957,366,21716
15958,147,14670
15959,195,30395
15960,215,22531
15961,167,14917
15962,248,30774
15963,397,19867
15964,353,28261
15965,8,7695
15966,469,29715
15967,440,18244
15968,134,24985
15969,206,20336
15970,31,26745
15971,16,31028
15972,166,14849
15973,41,20880
15974,462,27341
15975,399,22680
15976,447,19276
15977,280,19317
15978,288,21300
15979,151,29020
15980,365,34289
15981,271,16168
15982,472,16784
15983,219,31711
15984,274,21368
15985,196,32982
15986,303,21600
15987,36,26739
15988,377,31934
15989,78,23604
15990,354,30512
15991,22,15737
15992,449,29845
15993,82,23094
15994,239,16194
15995,467,28952
15996,147,13631
15997,175,15444
15998,164,21399
15999,69,31328
16000,155,25880
16001,409,29905
16002,49,18363
16003,100,20338
16004,140,11511
16005,6,6604
16006,257,18876
16007,270,23456
16008,241,24840
16009,57,31350
16010,449,26774
16011,402,20494
16012,306,26276
16013,300,26633
16014,178,19104
16015,198,23430
16016,10,14544
16017,483,22653
16018,55,26794
16019,332,23797
16020,25,21770
16021,145,12400
16022,452,19124
16023,362,22956
16024,280,32176
16025,37,25822
16026,351,18396
16027,63,28802
16028,221,32657
16029,472,20741
16030,336,14137
16031,69,16736
16032,377,20814
16033,476,19988
16034,398,22758
16035,377,26076
16036,253,30259
16037,158,31358
16038,193,21378
16039,410,16587
16040,188,15813
16041,491,17942
16042,224,27222
16043,285,27066
16044,172,33728
16045,350,14577
16046,294,14987
16047,193,30180
16048,363,14874
16049,314,29550
16050,459,23114
16051,238,29636
16052,172,31186
16053,174,24452
16054,161,20412
16055,30,34202
16056,192,21864
16057,42,22792
16058,39,14063
16059,478,33174
16060,77,33832
16061,420,23179
16062,244,32217
16063,496,20527
16064,210,14733
16065,217,32123
16066,411,29542
16067,493,18381
16068,191,30324
16069,187,33883
16070,158,20137
16071,251,19776
16072,10,12953
16073,17,22210
16074,365,21222
16075,146,13087
16076,44,31548
16077,450,25014
16078,359,34775
16079,299,15592
16080,51,14985
16081,365,24332
16082,329,14478
16083,244,22444
16084,494,19955
16085,243,17303
16086,341,11447
16087,452,20476
16088,177,18064
16089,126,19672
16090,444,22270
16091,99,28859
16092,481,17563
16093,106,26731
16094,354,18417
16095,476,18965
16096,477,21943
16097,104,17736
16098,452,27221
16099,94,29694
16100,244,31649
16101,335,33285
16102,81,33290
16103,110,14281
16104,32,21684
16105,264,26614
16106,323,34628
16107,198,19250
16108,108,34849
16109,463,14958
16110,480,33406
16111,136,12146
16112,75,31959
16113,459,31120
16114,333,32603
16115,399,34431
16116,184,28358
16117,331,29226
16118,151,23118
16119,80,19447
16120,202,31576
16121,413,27405
16122,161,29563
16123,220,19886
16124,237,30336
16125,340,11596
16126,360,23299
16127,358,32480
16128,346,13485
16129,158,19644
16130,46,20421
16131,312,27210
16132,182,14080
16133,354,19803
16134,245,15852
16135,383,18601
16136,82,14756
16137,30,26201
16138,470,28099
16139,257,20716
16140,497,21597
16141,238,34263
16142,318,15651
16143,345,11940
16144,360,20486
16145,28,31819
16146,465,30550
16147,373,19537
16148,206,34156
16149,215,16306
16150,104,16678
16151,408,33335
16152,441,31282
16153,327,29755
16154,290,16362
16155,482,22793
16156,87,15935
16157,311,22487
16158,152,14381
16159,158,17278
16160,80,30862
16161,256,32269
16162,466,31576
16163,216,26666
16164,412,21664
16165,431,22248
16166,362,22545
16167,294,31422
16168,459,24405
16169,50,34569
16170,168,23119
16171,488,27422
16172,413,15582
16173,474,16371
16174,380,34065
16175,458,29585
16176,468,29061
16177,190,23409
16178,179,23222
16179,428,23485
16180,388,14452
16181,273,25103
16182,171,31040
16183,6,7194
16184,271,26624
16185,171,27213
16186,40,19605
16187,280,29926
16188,403,18364
16189,495,15233
16190,33,17135
16191,305,15606
16192,141,13335
16193,58,24623
16194,344,14567
16195,172,17333
16196,281,16237
16197,119,27298
16198,129,25522
16199,251,16427
16200,469,30046
16201,244,32854
16202,459,19102
16203,330,15320
16204,112,27161
16205,141,12282
16206,89,23238
16207,481,24518
16208,486,29754
16209,377,25379
16210,474,14864
16211,454,26089
16212,201,25641
16213,480,23217
16214,108,25686
16215,396,20394
16216,326,29068
16217,277,21096
16218,272,17531
16219,110,23136
16220,11,16318
16221,47,27172
16222,164,33972
16223,224,27161
16224,358,32962
16225,94,30042
16226,101,17678
16227,99,18898
16228,246,29319
16229,337,14199
16230,226,17259
16231,318,31656
16232,10,11043
16233,427,27181
16234,231,27855
16235,189,25952
16236,116,30117
16237,349,13704
16238,62,27665
16239,193,16283
16240,106,18641
16241,423,21911
16242,388,15322
16243,62,22730
16244,140,13177
16245,270,21556
16246,156,14674
16247,498,21004
16248,350,14933
16249,475,29729
16250,423,20847
16251,256,21768
16252,313,18755
16253,392,20323
16254,346,13330
16255,218,16819
16256,182,14649
16257,151,24995
16258,403,27932
16259,5,30802
16260,469,14204
16261,5,25263
16262,212,28220
16263,125,32287
16264,72,17530
16265,360,21913
16266,273,24931
16267,377,17669
16268,232,18519
16269,204,15118
16270,76,24260
16271,250,27405
16272,135,34663
16273,34,26433
16274,237,14548
16275,239,14537
16276,351,25792
16277,159,18343
16278,455,20282
16279,394,34348
16280,466,28957
16281,212,34194
16282,243,32177
16283,392,17298
16284,438,20729
16285,408,31741
16286,45,24288
16287,459,23135
16288,406,23433
16289,458,14227
16290,389,34337
16291,151,24232
16292,149,13547
16293,122,22502
16294,227,26185
16295,174,32937
16296,28,32180
16297,194,20016
16298,348,12340
16299,82,20990
16300,195,28694
16301,180,17576
16302,492,25413
16303,294,31947
16304,204,22496
16305,421,20162
16306,158,15448
16307,376,24383
16308,68,20466
16309,117,31048
16310,346,12766
16311,348,11277
16312,199,32307
16313,31,19276
16314,232,24112
16315,248,14193
16316,282,28475
16317,144,14838
16318,369,31682
16319,282,28528
16320,151,22236
16321,260,16265
16322,479,27421
16323,113,26176
16324,229,30815
16325,105,15491
16326,27,14466
16327,115,26559
16328,200,21009
16329,165,33426
16330,274,29715
16331,187,31410
16332,432,20159
16333,258,22430
16334,371,33021
16335,270,15759
16336,39,31540
16337,237,15109
16338,56,33519
16339,462,21845
16340,238,16098
16341,350,11784
16342,429,16102
16343,113,34862
16344,103,19044
16345,163,19331
16346,347,14566
16347,72,24396
16348,345,11555
16349,462,31561
16350,464,31266
16351,25,16988
16352,487,18079
16353,154,31941
16354,4,7359
16355,10,11669
16356,414,25366
16357,258,22198
16358,67,17057
16359,245,33061
16360,246,17963
16361,234,15985
16362,436,23557
16363,363,26190
16364,448,31164
16365,306,23011
16366,90,32028
16367,187,30353
16368,74,26709
16369,468,20921
16370,321,30756
16371,375,23401
16372,201,29818
16373,277,19870
16374,321,20125
16375,151,15727
16376,479,31432
16377,207,26582
16378,44,27626
16379,15,27796
16380,43,34810
16381,100,18706
16382,435,16410
16383,414,25873
16384,482,23311
16385,408,26602
16386,319,30747
16387,482,20331
16388,472,17243
16389,464,15545
16390,82,29016
16391,337,14783
16392,51,28649
16393,159,23924
16394,368,28887
16395,310,27627
16396,156,27385
16397,389,33356
16398,138,13622
16399,425,17595
16400,144,13373
16401,399,30295
16402,332,25166
16403,236,20379
16404,380,15489
16405,211,33067
16406,242,25562
16407,462,33907
16408,341,11926
16409,393,28467
16410,480,20210
16411,381,32377
16412,238,21696
16413,286,32392
16414,311,33353
16415,399,26738
16416,496,21865
16417,250,26671
16418,48,22608
16419,333,29254
16420,178,16725
16421,385,31613
16422,445,33581
16423,469,23326
16424,46,27814
16425,71,24589
16426,165,28211
16427,451,18094
16428,354,22363
16429,344,12954
16430,461,29704
16431,127,27820
16432,479,16352
16433,496,26705
16434,295,29048
16435,150,14257
16436,158,19595
16437,377,17350
16438,420,17813
16439,254,19206
16440,447,21156
16441,215,28659
16442,363,20880
16443,301,27016
16444,236,14543
16445,297,16741
16446,57,15240
16447,429,28342
16448,279,25914
16449,100,14202
16450,488,22246
16451,248,25706
16452,319,19051
16453,88,26279
16454,128,34807
16455,467,18258
16456,37,27258
16457,373,20268
16458,187,26829
16459,481,24420
16460,287,16165
16461,495,24757
16462,221,18176
16463,231,30846
16464,39,27310
16465,278,31844
16466,308,34485
16467,60,21875
16468,488,30772
16469,47,16016
16470,469,23055
16471,314,18896
16472,358,19363
16473,489,25624
16474,449,17951
16475,86,30648
16476,314,29404
16477,100,18289
16478,76,21345
16479,55,34643
16480,50,18561
16481,368,29946
16482,256,15997
16483,379,31257
16484,42,14545
16485,205,30716
16486,264,18925
16487,201,21309
16488,62,32411
16489,57,28947
16490,418,22671
16491,486,26152
16492,182,23417
16493,71,21471
16494,385,16099
16495,486,24640
16496,480,32688
16497,4,7811
16498,383,30197
16499,451,30470
16500,145,13346
16501,161,21661
16502,309,25165
16503,104,19811
16504,360,15834
16505,461,14002
16506,247,30730
16507,497,26818
16508,183,32104
16509,26,25550
16510,62,14029
16511,351,27764
16512,248,34243
16513,400,21077
16514,252,30588
16515,203,24318
16516,395,19282
16517,118,17158
16518,31,17259
16519,213,34819
16520,419,23817
16521,52,17576
16522,120,29325
16523,419,35000
16524,494,21955
16525,84,14315
16526,72,19176
16527,119,26802
16528,101,31233
16529,37,15026
16530,473,21286
16531,309,21841
16532,207,19617
16533,494,34158
16534,457,28583
16535,88,24316
16536,347,12718
16537,232,26055
16538,9,7828
16539,294,23592
16540,156,30888
16541,425,31564
16542,389,26164
16543,486,25619
16544,303,19258
16545,337,14127
16546,266,34230
16547,433,17375
16548,33,18688
16549,207,14693
16550,215,32793
16551,321,29188
16552,449,14004
16553,159,29584
16554,138,12200
16555,285,22706
16556,265,28790
16557,492,34490
16558,481,33453
16559,447,14736
16560,102,22436
16561,163,25719
16562,372,19495
16563,476,24215
16564,386,17447
16565,254,28383
16566,377,26508
16567,256,23781
16568,436,18974
16569,57,28510
16570,119,30463
16571,260,34973
16572,459,14014
16573,426,22942
16574,401,32187
16575,61,23599
16576,477,28981
16577,6,8094
16578,37,32044
16579,350,12096
16580,233,29749
16581,128,20738
16582,447,28105
16583,151,33564
16584,255,32459
16585,71,20522
16586,406,16585
16587,281,15661
16588,104,33092
16589,150,14116
16590,398,21544
16591,469,24513
16592,138,13262
16593,461,19943
16594,213,14004
16595,213,21249
16596,26,14737
16597,290,30380
16598,45,26063
16599,110,14103
16600,176,30996
16601,329,23654
16602,24,25353
16603,194,21784
16604,449,18043
16605,72,19282
16606,474,33908
16607,443,22436
16608,257,24439
16609,26,23537
16610,85,19479
16611,109,17225
16612,110,22633
16613,460,20542
16614,479,21463
16615,308,31223
16616,52,19459
16617,162,26742
16618,362,14136
16619,316,17479
16620,95,22823
16621,361,29745
16622,83,26096
16623,125,33389
16624,15,14501
16625,233,26821
16626,223,31772
16627,310,22854
16628,182,27870
16629,109,17914
16630,31,21624
16631,164,21809
16632,153,24910
16633,285,15575
16634,271,31369
16635,207,15429
16636,375,28134
16637,419,15532
16638,174,28178
16639,438,23980
16640,321,18008
16641,284,17865
16642,500,25350
16643,360,16982
16644,335,22430
16645,429,20252
16646,111,20928
16647,19,34950
16648,425,20578
16649,30,30225
16650,406,14359
16651,10,13722
16652,210,21038
16653,453,21814
16654,376,30130
16655,336,11150
16656,101,21010
16657,17,15164
16658,69,21819
16659,397,28901
16660,432,18335
16661,61,28177
16662,123,15842
16663,16,26415
16664,325,31015
16665,390,21996
16666,281,21406
16667,284,31779
16668,170,33577
16669,436,14329
16670,44,19290
16671,271,16212
16672,314,23464
16673,373,18326
16674,206,20762
16675,24,18806
16676,349,14621
16677,486,18926
16678,488,30954
16679,291,18167
16680,373,19294
16681,310,29091
16682,495,15284
16683,472,21220
16684,484,19233
16685,132,21033
16686,153,32957
16687,40,20371
16688,21,27594
16689,334,23414
16690,221,14106
16691,11,14664
16692,476,20771
16693,41,22750
16694,274,27369
16695,30,18110
16696,329,26701
16697,258,28186
16698,269,29188
16699,164,21714
16700,328,29815
16701,202,29798
16702,156,21456
16703,284,21842
16704,214,19385
16705,270,21618
16706,100,23896
16707,402,26659
16708,121,17156
16709,264,21412
16710,230,27944
16711,138,14986
16712,447,32543
16713,264,24554
16714,259,22071
16715,23,20623
16716,127,31315
16717,184,24039
16718,389,26327
16719,374,30787
16720,206,15578
16721,90,18183
16722,87,34193
16723,341,13697
16724,465,16744
16725,63,20588
16726,413,28139
16727,193,21103
16728,355,23465
16729,354,29137
16730,59,25547
16731,489,28323
16732,395,24634
16733,67,22314
16734,377,30082
16735,176,31796
16736,229,18117
16737,227,15553
16738,369,21216
16739,460,16134
16740,176,19701
16741,403,28587
16742,63,31602
16743,132,17867
16744,273,33880
16745,183,17435
16746,25,21565
16747,187,18956
16748,40,27690
16749,373,14152
16750,29,24057
16751,183,17149
16752,211,33077
16753,184,33951
16754,62,34976
16755,89,28797
16756,127,30671
16757,163,28990
16758,251,14620
16759,29,27937
16760,32,25772
16761,426,27631
16762,284,17303
16763,183,34597
16764,454,31984
16765,328,28125
16766,346,11960
16767,268,29499
16768,132,22432
16769,15,22560
16770,131,33958
16771,291,15836
16772,371,27820
16773,116,17492
16774,238,25162
16775,151,22748
16776,460,31986
16777,27,24096
16778,204,34022
16779,38,19941
16780,428,16437
16781,206,20878
16782,433,27714
16783,286,25303
16784,28,20463
16785,284,14110
16786,458,33055
16787,204,22022
16788,179,27339
16789,474,29197
16790,383,25921
16791,322,19679
16792,105,21045
16793,152,31177
16794,228,20674
16795,126,32209
16796,303,23863
16797,458,27443
16798,399,21903
16799,155,28654
16800,259,32918
16801,48,21620
16802,278,30127
16803,48,20517
16804,315,26889
16805,305,34508
16806,400,30158
16807,138,14791
16808,77,28946
16809,482,23439
16810,486,33513
16811,48,31648
16812,73,19262
16813,10,13235
16814,286,28009
16815,360,27521
16816,382,19214
16817,267,15389
16818,205,15158
16819,194,20153
16820,4,7663
16821,375,22604
16822,336,14215
16823,34,19087
16824,267,22681
16825,341,11315
16826,60,33291
16827,173,21470
16828,500,18385
16829,281,16519
16830,151,22141
16831,342,14213
16832,201,30584
16833,157,16446
16834,265,26670
16835,339,12661
16836,465,14942
16837,269,34231
16838,98,17644
16839,243,17204
16840,415,25540
16841,495,30879
16842,172,29750
16843,368,24091
16844,440,27521
16845,307,33415
16846,477,29730
16847,354,33567
16848,380,30700
16849,308,14868
16850,43,30582
16851,358,26638
16852,421,22885
16853,410,22971
16854,355,29409
16855,397,31802
16856,181,18059
16857,387,27947
16858,21,32963
16859,434,30512
16860,213,19775
16861,237,18286
16862,291,18559
16863,260,23417
16864,126,34639
16865,143,13913
16866,196,17898
16867,108,16772
16868,419,15488
16869,61,31205
16870,45,27797
16871,280,14656
16872,15,16754
16873,312,28825
16874,375,25264
16875,286,19422
16876,249,31689
16877,169,33005
16878,294,27101
16879,351,26741
16880,7,9426
16881,453,33940
16882,261,32945
16883,179,22922
16884,116,34175
16885,472,30456
16886,294,17196
16887,262,27174
16888,292,30348
16889,135,18552
16890,398,15928
16891,420,25806
16892,145,14901
16893,353,17513
16894,492,17926
16895,437,30131
16896,359,21713
16897,257,22944
16898,151,19070
16899,111,20806
16900,485,23855
16901,130,33987
16902,339,12256
16903,23,17657
16904,78,23547
16905,212,14156
16906,80,15126
16907,4,6651
16908,334,32931
16909,185,24836
16910,202,26312
16911,343,14093
16912,153,34943
16913,83,28880
16914,71,19043
16915,235,16202
16916,251,20722
16917,148,14198
16918,357,17533
16919,468,26489
16920,167,14241
16921,272,33707
16922,397,21604
16923,387,22384
16924,310,30256
16925,23,30239
16926,198,26075
16927,275,14685
16928,138,14064
16929,65,19567
16930,116,27497
16931,402,14712
16932,52,27829
16933,210,18149
16934,353,22661
16935,481,28441
16936,94,26408
16937,17,15776
16938,183,21066
16939,303,27926
16940,22,27157
16941,116,16789
16942,100,30346
16943,298,18152
16944,53,30717
16945,213,17307
16946,428,32711
16947,105,20224
16948,194,14522
16949,185,16427
16950,14,32577
16951,460,15558
16952,352,25259
16953,225,25675
16954,342,11118
16955,218,34976
16956,195,27725
16957,475,18175
16958,348,13832
16959,371,32310
16960,62,17771
16961,466,16122
16962,426,31222
16963,96,34052
16964,365,20703
16965,66,26485
16966,270,32679
16967,453,16623
16968,88,20676
16969,176,29386
16970,78,28662
16971,195,33903
16972,395,25960
16973,274,32392
16974,414,22404
16975,121,14226
16976,422,26274
16977,312,22815
16978,396,32445
16979,181,23813
16980,309,14050
16981,312,31646
16982,202,23436
16983,441,26329
16984,389,33263
16985,473,25441
16986,423,33596
16987,195,19453
16988,391,17117
16989,365,34569
16990,132,15425
16991,169,19262
16992,313,17364
16993,268,31151
16994,18,27589
16995,290,32101
16996,489,34240
16997,81,19681
16998,153,16175
16999,272,34889
17000,119,30473
17001,439,18332
17002,473,29506
17003,249,25944
17004,228,27209
17005,273,22268
17006,182,31695
17007,347,14900
17008,28,22021
17009,297,14889
17010,207,21233
17011,333,18712
17012,119,29588
17013,5,23700
17014,28,15112
17015,107,18036
17016,33,23242
17017,352,14087
17018,51,28935
17019,24,30233
17020,268,21760
17021,78,34619
17022,492,27470
17023,117,21962
17024,67,18591
17025,424,22452
17026,414,27378
17027,76,14248
17028,159,33477
17029,188,17455
17030,135,18623
17031,216,23644
17032,319,26626
17033,336,12543
17034,278,22965
17035,259,17747
17036,261,15411
17037,237,15043
17038,302,34795
17039,137,14181
17040,293,24741
17041,72,26322
17042,122,23209
17043,95,17133
17044,439,17179
17045,67,18441
17046,405,24193
17047,321,30259
17048,42,19947
17049,423,31746
17050,301,26010
17051,431,15118
17052,88,25899
17053,244,27325
17054,362,14175
17055,302,29920
17056,415,21109
17057,256,24440
17058,59,28931
17059,61,23734
17060,218,29788
17061,492,30898
17062,373,23190
17063,98,18300
17064,103,24976
17065,345,14125
17066,473,15117
17067,213,31541
17068,401,21443
17069,27,27612
17070,210,25383
17071,72,17576
17072,441,24563
17073,437,33310
17074,472,27020
17075,120,19669
17076,220,34082
17077,277,17410
17078,5,25148
17079,274,19046
17080,415,32539
17081,88,17266
17082,463,26968
17083,324,19813
17084,279,31979
17085,462,22738
17086,426,26534
17087,375,28905
17088,87,22796
17089,251,30114
17090,222,16865
17091,306,15040
17092,230,29250
17093,34,18406
17094,45,22137
17095,400,31882
17096,57,18258
17097,189,17332
17098,106,22211
17099,353,19438
17100,114,26100
17101,190,18981
17102,442,21048
17103,455,21823
17104,30,26270
17105,313,16329
17106,74,31305
17107,302,33135
17108,16,20372
17109,324,22130
17110,386,22433
17111,299,26785
17112,269,23139
17113,375,28351
17114,462,15987
17115,185,33750
17116,96,17570
17117,129,27688
17118,77,19183
17119,467,24745
17120,241,19230
17121,224,18157
17122,469,24616
17123,302,24590
17124,376,33009
17125,343,12748
17126,123,15341
17127,151,16165
17128,294,22477
17129,433,26514
17130,201,28012
17131,300,34979
17132,360,31878
17133,447,26537
17134,331,16372
17135,197,22167
17136,448,30208
17137,448,21335
17138,180,17117
17139,153,32745
17140,178,31650
17141,72,28577
17142,404,33604
17143,283,14475
17144,272,17336
17145,146,11466
17146,410,23240
17147,71,23623
17148,203,17545
17149,285,33279
17150,136,12114
17151,359,30700
17152,299,34943
17153,345,14208
17154,159,16785
17155,79,26961
17156,381,19414
17157,333,32938
17158,473,14525
17159,417,16994
17160,469,18983
17161,475,23038
17162,275,23612
17163,475,16380
17164,60,29440
17165,111,26922
17166,364,32180
17167,351,16927
17168,45,29074
17169,396,34332
17170,109,30275
17171,186,25263
17172,331,33407
17173,199,19818
17174,20,25149
17175,336,13555
17176,113,21603
17177,48,14630
17178,267,26020
17179,409,27123
17180,335,28122
17181,46,24261
17182,358,32581
17183,385,17077
17184,107,28691
17185,110,17623
17186,13,20304
17187,220,33931
17188,89,23457
17189,454,21826
17190,181,18889
17191,174,27723
17192,327,16692
17193,428,21031
17194,457,17830
17195,390,24803
17196,347,13098
17197,252,14266
17198,234,15806
17199,52,16997
17200,402,17505
17201,17,19349
17202,153,22216
17203,198,33922
17204,263,31879
17205,224,17710
17206,266,18480
17207,185,27606
17208,468,18500
17209,308,17365
17210,71,20333
17211,296,32732
17212,183,31028
17213,66,20798
17214,93,20606
17215,237,27657
17216,208,16398
17217,342,14006
17218,474,15881
17219,325,14563
17220,279,23111
17221,373,27998
17222,133,20280
17223,207,20496
17224,152,19060
17225,50,34971
17226,414,19804
17227,208,33752
17228,139,11799
17229,459,19484
17230,161,33906
17231,225,32791
17232,389,19262
17233,189,18788
17234,314,34392
17235,242,34285
17236,110,16398
17237,287,31126
17238,424,31736
17239,331,24219
17240,288,30018
17241,65,20132
17242,229,27944
17243,495,33819
17244,415,27169
17245,377,24863
17246,76,20030
17247,164,31494
17248,338,14160
17249,449,33950
17250,214,31873
17251,299,18205
17252,443,24408
17253,483,25010
17254,326,27737
17255,272,17422
17256,336,13761
17257,413,17085
17258,107,31689
17259,243,23208
17260,49,23051
17261,99,14341
17262,136,12049
17263,357,15646
17264,102,25893
17265,375,34451
17266,177,23398
17267,50,21510
17268,219,25017
17269,207,32408
17270,142,14769
17271,169,18847
17272,481,24350
17273,296,29702
17274,416,30045
17275,363,24599
17276,131,30944
17277,58,14899
17278,373,27002
17279,407,26410
17280,233,24644
17281,210,22616
17282,138,12220
17283,481,21597
17284,258,21665
17285,34,27273
17286,308,15257
17287,476,32493
17288,177,34504
17289,158,20941
17290,101,23038
17291,312,28581
17292,74,16085
17293,9,9125
17294,207,30399
17295,353,18163
17296,197,17155
17297,173,32854
17298,64,25834
17299,188,27327
17300,71,33009
17301,243,14002
17302,195,27014
17303,337,13845
17304,208,32223
17305,405,20603
17306,59,15235
17307,451,28461
17308,227,23711
17309,73,16233
17310,481,30621
17311,6,8295
17312,306,18295
17313,61,25222
17314,54,19654
17315,226,20331
17316,151,21985
17317,441,16429
17318,144,11857
17319,421,25824
17320,477,32276
17321,411,29892
17322,445,16036
17323,72,31971
17324,298,34814
17325,15,32171
17326,157,15821
17327,38,26940
17328,399,31915
17329,267,30891
17330,190,18790
17331,444,24048
17332,93,20738
17333,396,29194
17334,4,6759
17335,277,31145
17336,133,15307
17337,490,14554
17338,78,26627
17339,4,9121
17340,319,25015
17341,271,14733
17342,207,21662
17343,418,31100
17344,237,29479
17345,442,27192
17346,441,15461
17347,46,28060
17348,462,29651
17349,479,31498
17350,500,21499
17351,391,29545
17352,111,34128
17353,478,34325
17354,442,26129
17355,204,23410
17356,88,19121
17357,189,25384
17358,117,27556
17359,182,24176
17360,306,32083
17361,24,27963
17362,45,32340
17363,425,31820
17364,174,34872
17365,107,22203
17366,492,21565
17367,83,21301
17368,375,29206
17369,156,23483
17370,353,27887
17371,253,25057
17372,118,14083
17373,259,33961
17374,419,34545
17375,315,17403
17376,213,33090
17377,315,20659
17378,307,19801
17379,192,34135
17380,405,28343
17381,28,30310
17382,291,28099
17383,226,32474
17384,202,28349
17385,458,31155
17386,337,11156
17387,187,30206
17388,335,26969
17389,292,20101
17390,402,32744
17391,137,14554
17392,304,34350
17393,287,34423
17394,158,33913
17395,192,23932
17396,183,20782
17397,366,15522
17398,312,21372
17399,105,33053
17400,275,29810
17401,281,20849
17402,305,20867
17403,190,20550
17404,312,18948
17405,16,28233
17406,468,27959
17407,438,21630
17408,431,24621
17409,247,15184
17410,124,17145
17411,355,32884
17412,384,22027
17413,242,19215
17414,215,18983
17415,234,22587
17416,406,33062
17417,347,14039
17418,297,23963
17419,201,32876
17420,39,27428
17421,393,22183
17422,407,25154
17423,453,22580
17424,497,31526
17425,378,33018
17426,18,28950
17427,167,33021
17428,165,31827
17429,485,34687
17430,27,18644
17431,117,18414
17432,378,31971
17433,137,11959
17434,498,26938
17435,215,30545
17436,119,26595
17437,188,15475
17438,298,21501
17439,15,14118
17440,255,26019
17441,492,14423
17442,32,18862
17443,18,28901
17444,337,14633
17445,65,28960
17446,351,25479
17447,210,25295
17448,91,18857
17449,354,18598
17450,69,14852
17451,246,30861
17452,126,21482
17453,280,25911
17454,256,15292
17455,456,22992
17456,203,24477
17457,359,18639
17458,470,29315
17459,110,33848
17460,491,23371
17461,54,15498
17462,34,15754
17463,355,28072
17464,37,32826
17465,38,30609
17466,386,29399
17467,42,18676
17468,24,26772
17469,34,29594
17470,275,27264
17471,181,30990
17472,29,23109
17473,220,34367
17474,52,29031
17475,68,25331
17476,7,7190
17477,465,31151
17478,442,20540
17479,276,17273
17480,335,20931
17481,99,14620
17482,240,34040
17483,112,34349
17484,262,23643
17485,62,17337
17486,152,17270
17487,429,15412
17488,267,33917
17489,190,17423
17490,137,12164
17491,46,15847
17492,334,20339
17493,455,26573
17494,461,25179
17495,232,19360
17496,299,25303
17497,355,15117
17498,48,17523
17499,109,19639
17500,104,29196
17501,439,14177
17502,203,31888
17503,251,26781
17504,324,15130
17505,397,18562
17506,368,24139
17507,434,26023
17508,239,16626
17509,455,26914
17510,397,16404
17511,231,27280
17512,464,17504
17513,468,33032
17514,264,22446
17515,107,33665
17516,330,14033
17517,131,25498
17518,493,32564
17519,55,14530
17520,487,14875
17521,50,33405
17522,71,33643
17523,112,29603
17524,387,25840
17525,116,23858
17526,237,23854
17527,307,14226
17528,395,21040
17529,127,14094
17530,364,31617
17531,175,32859
17532,426,31637
17533,122,14579
17534,49,25916
17535,55,21996
17536,479,16452
17537,82,14516
17538,481,17251
17539,373,22288
17540,37,14618
17541,120,28304
17542,139,13572
17543,386,20442
17544,445,24014
17545,184,17332
17546,383,27522
17547,266,25707
17548,378,24248
17549,133,19097
17550,193,30433
17551,355,23504
17552,306,32794
17553,498,16382
17554,340,11817
17555,278,14952
17556,224,15819
17557,99,21745
17558,119,32044
17559,203,16317
17560,114,17824
17561,467,19553
17562,450,25108
17563,387,29482
17564,44,24315
17565,180,24469
17566,262,32676
17567,269,26159
17568,150,11274
17569,214,27212
17570,211,29024
17571,16,22201
17572,47,31800
17573,473,26562
17574,76,32573
17575,403,31355
17576,376,14967
17577,96,16333
17578,39,19665
17579,95,17878
17580,400,27135
17581,309,18919
17582,349,11401
17583,140,14992
17584,395,31576
17585,432,17562
17586,438,22058
17587,56,30215
17588,65,21031
17589,237,32745
17590,335,16707
17591,367,31343
17592,444,20144
17593,436,26110
17594,39,25589
17595,147,14518
17596,489,24473
17597,458,33216
17598,381,22353
17599,243,31601
17600,428,29359
17601,271,17552
17602,370,25706
17603,148,12015
17604,433,33445
17605,239,24746
17606,150,13141
17607,216,22118
17608,318,32086
17609,272,31671
17610,438,31696
17611,302,19950
17612,80,15861
17613,475,30679
17614,198,14798
17615,466,18540
17616,307,32582
17617,150,13178
17618,240,31977
17619,145,11059
17620,346,14626
17621,35,32587
17622,207,19600
17623,245,14513
17624,47,23786
17625,360,31622
17626,96,24593
17627,280,25996
17628,311,21065
17629,386,27146
17630,333,15890
17631,295,14521
17632,215,32800
17633,74,24062
17634,323,28670
17635,393,26782
17636,302,18966
17637,79,21175
17638,11,18777
17639,427,16398
17640,459,28198
17641,445,19264
17642,83,32847
17643,213,16330
17644,51,33065
17645,439,15277
17646,219,33453
17647,387,26884
17648,370,25269
17649,397,16233
17650,229,24565
17651,136,13666
17652,267,24516
17653,428,32160
17654,347,11754
17655,430,22156
17656,282,24700
17657,244,23714
17658,61,27487
17659,287,34963
17660,151,15421
17661,157,20289
17662,410,32755
17663,191,20353
17664,399,14902
17665,321,24366
17666,498,23453
17667,268,19372
17668,274,34570
17669,16,27377
17670,87,17524
17671,351,21154
17672,430,14132
17673,233,24332
17674,409,25423
17675,35,29038
17676,99,34000
17677,173,34097
17678,83,30695
17679,188,33856
17680,457,22911
17681,104,25260
17682,372,27086
17683,342,14552
17684,55,29919
17685,268,16676
17686,374,33041
17687,39,32601
17688,341,14959
17689,161,31715
17690,18,22959
17691,66,24869
17692,443,26050
17693,191,15007
17694,445,24434
17695,259,17281
17696,231,32926
17697,368,26561
17698,75,15494
17699,57,19106
17700,312,25156
17701,462,16946
17702,405,34217
17703,25,14569
17704,348,14620
17705,276,33186
17706,201,21519
17707,193,20489
17708,379,23978
17709,353,18053
17710,208,32778
17711,239,31502
17712,397,32947
17713,331,16933
17714,17,23461
17715,426,23211
17716,351,26508
17717,449,14305
17718,98,33476
17719,156,21908
17720,40,16182
17721,75,15951
17722,357,28051
17723,283,19611
17724,335,32899
17725,119,19451
17726,272,32020
17727,295,20180
17728,175,31239
17729,158,33035
17730,428,26513
17731,19,30030
17732,16,30876
17733,149,13818
17734,305,22970
17735,214,33497
17736,275,34478
17737,323,14232
17738,475,34853
17739,105,23645
17740,47,19649
17741,228,17452
17742,105,30452
17743,201,29819
17744,18,18185
17745,369,21597
17746,201,24427
17747,114,34258
17748,138,14632
17749,318,23629
17750,253,34574
17751,158,31513
17752,312,27482
17753,406,34179
17754,82,17109
17755,456,19843
17756,440,23160
17757,234,27360
17758,403,21698
17759,7,7629
17760,249,32141
17761,166,34885
17762,42,32710
17763,436,28929
17764,60,28582
17765,164,16431
17766,361,32103
17767,492,27187
17768,464,23027
17769,162,26540
17770,261,28685
17771,437,27128
17772,451,34775
17773,387,22114
17774,108,16582
17775,66,31771
17776,317,23318
17777,45,23838
17778,498,34148
17779,156,27608
17780,18,19214
17781,324,34809
17782,41,31863
17783,455,34055
17784,481,26936
17785,206,21510
17786,434,19979
17787,333,17780
17788,69,16916
17789,150,12051
17790,150,12638
17791,40,34008
17792,414,22789
17793,335,15023
17794,205,19649
17795,200,19158
17796,323,15875
17797,431,34564
17798,494,24764
17799,15,23532
17800,13,24780
17801,262,33920
17802,312,23710
17803,425,14057
17804,307,14982
17805,473,24665
17806,4,7077
17807,366,23324
17808,208,34486
17809,154,28415
17810,196,28261
17811,52,29570
17812,443,33017
17813,448,34042
17814,98,20065
17815,19,20645
17816,299,26860
17817,351,15573
17818,334,14820
17819,236,16173
17820,400,18656
17821,444,27696
17822,155,29477
17823,47,14411
17824,269,29798
17825,446,14838
17826,230,28498
17827,170,27275
17828,251,34461
17829,316,33731
17830,453,22443
17831,106,27063
17832,380,24844
17833,493,19198
17834,82,19897
17835,466,28180
17836,238,23657
17837,340,11841
17838,104,17135
17839,290,31186
17840,306,33938
17841,172,17939
17842,148,13907
17843,219,31036
17844,139,14103
17845,68,31923
17846,188,16201
17847,328,23302
17848,88,14545
17849,269,29259
17850,24,19399
17851,328,18489
17852,239,19091
17853,400,24924
17854,296,25774
17855,283,31561
17856,386,21933
17857,227,28310
17858,244,31133
17859,411,28974
17860,500,31792
17861,416,25215
17862,91,26679
17863,353,32921
17864,251,29187
17865,495,23185
17866,103,20028
17867,323,30626
17868,180,26107
17869,280,29017
17870,379,14452
17871,460,27085
17872,35,28420
17873,224,25299
17874,405,31106
17875,440,20743
17876,62,32636
17877,50,21212
17878,415,19228
17879,43,14725
17880,343,12771
17881,474,23799
17882,230,16968
17883,225,34073
17884,128,21702
17885,215,32171
17886,434,16410
17887,270,22571
17888,316,14786
17889,35,27514
17890,35,22040
17891,198,34396
17892,244,23151
17893,221,21979
17894,467,27113
17895,76,34081
17896,410,34285
17897,32,22468
17898,299,22070
17899,384,26642
17900,69,15296
17901,498,34113
17902,481,18613
17903,83,23563
17904,94,24229
17905,177,25743
17906,442,20747
17907,16,33068
17908,435,23667
17909,256,30471
17910,334,20565
17911,17,14810
17912,116,26921
17913,245,20312
17914,19,23012
17915,14,17924
17916,34,31616
17917,495,26672
17918,161,20089
17919,260,32983
17920,302,31257
17921,145,13919
17922,209,26142
17923,447,15996
17924,270,25234
17925,434,19282
17926,86,25803
17927,155,14996
17928,72,25089
17929,199,23888
17930,150,12418
17931,190,14568
17932,414,22988
17933,29,21199
17934,338,14498
17935,297,34567
17936,478,29761
17937,30,24684
17938,5,26604
17939,292,26170
17940,197,17373
17941,193,17990
17942,387,16586
17943,19,15916
17944,457,19147
17945,486,33587
17946,350,13295
17947,161,16817
17948,388,24166
17949,81,27849
17950,167,15929
17951,195,16129
17952,107,15473
17953,56,17576
17954,355,33209
17955,47,18012
17956,228,30491
17957,76,16625
17958,438,17231
17959,149,13733
17960,91,15757
17961,98,30316
17962,401,33544
17963,260,21011
17964,498,31578
17965,469,16163
17966,245,18297
17967,35,29517
17968,40,34804
17969,192,23090
17970,237,27913
17971,122,33535
17972,95,33480
17973,241,17011
17974,16,33512
17975,262,16740
17976,165,26903
17977,152,17699
17978,450,17753
17979,229,19898
17980,335,15751
17981,436,17384
17982,437,15656
17983,249,32749
17984,398,28974
17985,75,26182
17986,193,16913
17987,490,20996
17988,113,28318
17989,385,28390
17990,329,20731
17991,298,20921
17992,119,34193
17993,154,21408
17994,341,11981
17995,161,33949
17996,367,31393
17997,126,27079
17998,170,28421
17999,165,16692
18000,54,23606
18001,56,19300
18002,428,27979
18003,309,20971
18004,77,25323
18005,396,30449
18006,252,34863
18007,126,31466
18008,211,25007
18009,410,26681
18010,364,27052
18011,436,34048
18012,217,15669
18013,375,18436
18014,343,11120
18015,390,22420
18016,493,27839
18017,216,32678
18018,23,22724
18019,78,26730
18020,288,28824
18021,427,23129
18022,271,29071
18023,78,14930
18024,130,34956
18025,462,28899
18026,148,12268
18027,27,25039
18028,183,25495
18029,341,11981
18030,326,22979
18031,253,16255
18032,145,13752
18033,169,21643
18034,141,13470
18035,95,34411
18036,10,11248
18037,86,25808
18038,357,25824
18039,465,27710
18040,311,24359
18041,242,15920
18042,133,24562
18043,85,19566
18044,452,20311
18045,375,22999
18046,27,21041
18047,95,15200
18048,149,13140
18049,332,28615
18050,394,17326
18051,409,32427
18052,463,20084
18053,444,22527
18054,367,21299
18055,194,24269
18056,235,28998
18057,231,20026
18058,113,28684
18059,252,23280
18060,457,33248
18061,460,15619
18062,401,23722
18063,346,13100
18064,185,26906
18065,455,21696
18066,430,27403
18067,431,31514
18068,348,14403
18069,82,28318
18070,122,26655
18071,100,31104
18072,203,17018
18073,51,32178
18074,225,14361
18075,325,32215
18076,130,24449
18077,71,19666
18078,243,34951
18079,167,19346
18080,427,33327
18081,469,26017
18082,250,18355
18083,403,28968
18084,43,24652
18085,456,19788
18086,15,19751
18087,288,24682
18088,287,27393
18089,113,14122
18090,197,30599
18091,92,23436
18092,355,32774
18093,435,28117
18094,208,33101
18095,206,28806
18096,36,34215
18097,146,14032
18098,8,7693
18099,280,14998
18100,279,25077
18101,413,14631
18102,156,28663
18103,252,20282
18104,88,24847
18105,175,34888
18106,280,19588
18107,135,30131
18108,280,14928
18109,119,27026
18110,416,23070
18111,132,30728
18112,319,22210
18113,123,26330
18114,84,20638
18115,42,25683
18116,243,18696
18117,194,24743
18118,148,11402
18119,401,18727
18120,207,18210
18121,4,9243
18122,37,18350
18123,187,24814
18124,163,22873
18125,455,28726
18126,243,23109
18127,175,19915
18128,398,16771
18129,59,15018
18130,178,18244
18131,236,21627
18132,180,19346
18133,80,28007
18134,113,22048
18135,322,20217
18136,248,21482
18137,25,25879
18138,291,27508
18139,304,26066
18140,68,19943
18141,252,15257
18142,489,17411
18143,155,28607
18144,493,22516
18145,273,19227
18146,486,28679
18147,116,27162
18148,420,28243
18149,351,26689
18150,304,21383
18151,222,30127
18152,251,31399
18153,320,29218
18154,489,31015
18155,83,17875
18156,319,28379
18157,134,17507
18158,417,34370
18159,96,28732
18160,16,19833
18161,195,34549
18162,460,30862
18163,134,27668
18164,295,21289
18165,258,20732
18166,192,31592
18167,42,28712
18168,274,20861
18169,498,14955
18170,349,13891
18171,62,31914
18172,268,18833
18173,263,29047
18174,208,22089
18175,397,23140
18176,476,20386
18177,357,24512
18178,401,17457
18179,417,17460
18180,412,20269
18181,372,15788
18182,468,25814
18183,26,23706
18184,14,32198
18185,496,19745
18186,401,20196
18187,209,19813
18188,31,26066
18189,65,19586
18190,113,15052
18191,24,15681
18192,249,32579
18193,72,18126
18194,268,34223
18195,127,34661
18196,10,13598
18197,418,26145
18198,328,20666
18199,413,22098
18200,393,18153
18201,140,11854
18202,57,29134
18203,342,14930
18204,48,17005
18205,451,15956
18206,27,20544
18207,431,32293
18208,483,14757
18209,6,7996
18210,350,13539
18211,87,15755
18212,474,19350
18213,452,14098
18214,371,23042
18215,161,24752
18216,63,27179
18217,409,28184
18218,273,33983
18219,150,12158
18220,209,32113
18221,124,30338
18222,143,12258
18223,275,24855
18224,347,11398
18225,181,26282
18226,272,14979
18227,28,26669
18228,13,33949
18229,152,15561
18230,126,24561
18231,17,33987
18232,367,20743
18233,450,22025
18234,134,30657
18235,284,26260
18236,180,32959
18237,451,21460
18238,448,30754
18239,378,26150
18240,244,34743
18241,283,31020
18242,417,34629
18243,430,30231
18244,372,21402
18245,151,30046
18246,215,34076
18247,220,24398
18248,322,15647
18249,316,20227
18250,92,22799
18251,123,28680
18252,27,30041
18253,204,20537
18254,129,31935
18255,305,21762
18256,52,27625
18257,218,32454
18258,101,27412
18259,333,26855
18260,204,17303
18261,476,18917
18262,212,28277
18263,45,31844
18264,168,20543
18265,331,15637
18266,340,11798
18267,451,17576
18268,254,27589
18269,337,14383
18270,51,20395
18271,122,19134
18272,287,29964
18273,52,22413
18274,151,27984
18275,132,28809
18276,242,26299
18277,211,15357
18278,329,33169
18279,139,13859
18280,439,21964
18281,222,18945
18282,426,28416
18283,436,22823
18284,14,28593
18285,358,29078
18286,298,29989
18287,105,27250
18288,467,25574
18289,407,16558
18290,181,30929
18291,346,14821
18292,135,26344
18293,476,29604
18294,221,18898
18295,4,7825
18296,214,31003
18297,321,22790
18298,256,34511
18299,142,13118
18300,131,17840
18301,217,26911
18302,109,26403
18303,492,15142
18304,72,17692
18305,218,33838
18306,494,30959
18307,221,27795
18308,169,22107
18309,300,23712
18310,233,33850
18311,104,32778
18312,129,24634
18313,474,28115
18314,483,19083
18315,109,29562
18316,24,32352
18317,133,15266
18318,152,29006
18319,76,25320
18320,185,28087
18321,233,18770
18322,101,31757
18323,63,15788
18324,20,27869
18325,234,28149
18326,388,34803
18327,49,28949
18328,324,28941
18329,379,29526
18330,410,32799
18331,476,21869
18332,156,18049
18333,10,14898
18334,31,19733
18335,323,16917
18336,218,22857
18337,115,23589
18338,90,31806
18339,177,23624
18340,153,16264
18341,49,29885
18342,311,17451
18343,482,26495
18344,130,31743
18345,412,19553
18346,305,22681
18347,444,18055
18348,356,18878
18349,221,17858
18350,292,18710
18351,353,24539
18352,182,33734
18353,486,22262
18354,134,27356
18355,278,16186
18356,134,15891
18357,316,19005
18358,84,22107
18359,279,28775
18360,465,24734
18361,35,20962
18362,450,23296
18363,458,32936
18364,46,14564
18365,269,16533
18366,221,14006
18367,39,16587
18368,50,27064
18369,158,32737
18370,216,18889
18371,269,31566
18372,190,14066
18373,43,17046
18374,85,19004
18375,296,20462
18376,31,17568
18377,125,23096
18378,292,18769
18379,191,22815
18380,27,17782
18381,166,30915
18382,234,14437
18383,80,15548
18384,319,14819
18385,287,18406
18386,436,14183
18387,303,24269
18388,255,17723
18389,283,14371
18390,372,31677
18391,496,18186
18392,442,14081
18393,137,12589
18394,81,32150
18395,48,28927
18396,415,23879
18397,85,23246
18398,23,24082
18399,181,23621
18400,52,28992
18401,376,22458
18402,91,21440
18403,298,17315
18404,428,16307
18405,56,19118
18406,200,27539
18407,124,17099
18408,88,26550
18409,227,33085
18410,276,28119
18411,226,33091
18412,401,21651
18413,36,19916
18414,221,17275
18415,350,14097
18416,406,19625
18417,183,32108
18418,70,20407
18419,413,31503
18420,53,23143
18421,283,32097
18422,454,22093
18423,26,22687
18424,61,20723
18425,218,14513
18426,208,27154
18427,389,23931
18428,389,16127
18429,490,24194
18430,132,27125
18431,266,34836
18432,91,27155
18433,401,30240
18434,237,33104
18435,124,32488
18436,220,16515
18437,79,22059
18438,18,27703
18439,491,31932
18440,158,17582
18441,330,17154
18442,164,30771
18443,489,25155
18444,114,20770
18445,23,14985
18446,445,33897
18447,101,16172
18448,281,33565
18449,73,18928
18450,73,22610
18451,488,21361
18452,351,19061
18453,46,26711
18454,255,34665
18455,462,18908
18456,416,21437
18457,57,30035
18458,221,34708
18459,355,22118
18460,134,15549
18461,210,21509
18462,152,29674
18463,482,29288
18464,412,14536
18465,192,21695
18466,398,30769
18467,120,20679
18468,279,25236
18469,64,27491
18470,260,22930
18471,430,34359
18472,398,27275
18473,391,31301
18474,409,24643
18475,398,29692
18476,379,18628
18477,413,33546
18478,131,19945
18479,476,33360
18480,473,25842
18481,203,16091
18482,111,33780
18483,119,30228
18484,119,15066
18485,35,19566
18486,200,30720
18487,23,23481
18488,425,28226
18489,370,29963
18490,38,24779
18491,68,23651
18492,190,34693
18493,243,27330
18494,177,27668
18495,100,32762
18496,136,12577
18497,349,14932
18498,454,16724
18499,395,27656
18500,42,18405
18501,399,27956
18502,86,22217
18503,204,29345
18504,13,22545
18505,66,17561
18506,21,31125
18507,95,23327
18508,341,12930
18509,82,25098
18510,158,18436
18511,358,27287
18512,107,23296
18513,379,24167
18514,7,7022
18515,130,24133
18516,393,25091
18517,268,31151
18518,140,12159
18519,100,15957
18520,164,27448
18521,392,23398
18522,269,26106
18523,176,18150
18524,280,21480
18525,207,17068
18526,151,28469
18527,71,27633
18528,454,26014
18529,364,30210
18530,462,30590
18531,430,33733
18532,302,24176
18533,334,23656
18534,162,33561
18535,440,23858
18536,202,16926
18537,406,17020
18538,184,25629
18539,244,15689
18540,235,15981
18541,171,19345
18542,414,34036
18543,297,20932
18544,476,18991
18545,89,31393
18546,422,31754
18547,11,25337
18548,214,17542
18549,296,33351
18550,249,30288
18551,257,18185
18552,145,12264
18553,476,30995
18554,276,15271
18555,146,14168
18556,286,18896
18557,246,17520
18558,5,23243
18559,325,29537
18560,383,17234
18561,11,21434
18562,191,33372
18563,257,19428
18564,230,31103
18565,182,14890
18566,12,23855
18567,186,15840
18568,326,23134
18569,43,30995
18570,187,24026
18571,72,26906
18572,463,33796
18573,169,31067
18574,467,14729
18575,220,18419
18576,32,16411
18577,488,24972
18578,492,28291
18579,242,20147
18580,272,23660
18581,265,21239
18582,240,22356
18583,37,23910
18584,90,33651
18585,324,24106
18586,74,27727
18587,424,15682
18588,120,26081
18589,44,16494
18590,292,23198
18591,414,31794
18592,55,22667
18593,414,27002
18594,301,25110
18595,139,11858
18596,300,16978
18597,120,16913
18598,382,26667
18599,485,25738
18600,67,30702
18601,426,28598
18602,69,34565
18603,69,33931
18604,374,16357
18605,46,14593
18606,213,22381
18607,120,25390
18608,383,28367
18609,31,24606
18610,330,23406
18611,314,23795
18612,230,26118
18613,131,20474
18614,288,24624
18615,225,27828
18616,221,34464
18617,29,22520
18618,140,13698
18619,187,34273
18620,453,30826
18621,388,18441
18622,403,32758
18623,117,20732
18624,33,23650
18625,178,34731
18626,174,17427
18627,258,26870
18628,93,25276
18629,369,27085
18630,26,15536
18631,366,29598
18632,268,29591
18633,302,15042
18634,202,28138
18635,353,24264
18636,341,11170
18637,204,32877
18638,304,32950
18639,114,17125
18640,4,6893
18641,11,29704
18642,445,31986
18643,368,16627
18644,464,26363
18645,398,27235
18646,403,22846
18647,456,20821
18648,418,15119
18649,287,34486
18650,58,28283
18651,460,17290
18652,181,29578
18653,174,16082
18654,158,25291
18655,393,17268
18656,366,34534
18657,117,34779
18658,242,16511
18659,19,20890
18660,185,33856
18661,417,29779
18662,150,12904
18663,280,33414
18664,103,21792
18665,51,23772
18666,456,18089
18667,199,20758
18668,147,12547
18669,214,32271
18670,174,34186
18671,165,23051
18672,439,27239
18673,221,22721
18674,191,27576
18675,287,34649
18676,371,32882
18677,446,31858
18678,364,31925
18679,54,21940
18680,59,25455
18681,174,23678
18682,8,8001
18683,345,11535
18684,58,24027
18685,224,31193
18686,111,22001
18687,39,25718
18688,10,13942
18689,313,19614
18690,407,14075
18691,225,32478
18692,55,27165
18693,76,32504
18694,330,22901
18695,96,23070
18696,41,29903
18697,122,21050
18698,288,30449
18699,19,29206
18700,54,24235
18701,16,14943
18702,182,25348
18703,254,28345
18704,428,26916
18705,36,23003
18706,385,27752
18707,254,14191
18708,327,29091
18709,55,20271
18710,277,21420
18711,13,18531
18712,259,32246
18713,387,25439
18714,301,24778
18715,275,34642
18716,296,19216
18717,392,25929
18718,445,33737
18719,29,25789
18720,278,28725
18721,499,32117
18722,238,35000
18723,464,33060
18724,216,31852
18725,464,16774
18726,141,12597
18727,326,32786
18728,436,27811
18729,344,14247
18730,40,15801
18731,161,26219
18732,239,18961
18733,334,28657
18734,266,31099
18735,27,16318
18736,310,18688
18737,402,14459
18738,7,6888
18739,29,16999
18740,229,34548
18741,399,22080
18742,126,14543
18743,457,34820
18744,467,21944
18745,154,32235
18746,318,25705
18747,128,33024
18748,246,29499
18749,60,32878
18750,126,18414
18751,479,19217
18752,481,30401
18753,255,23098
18754,379,22704
18755,393,30239
18756,222,18116
18757,249,31379
18758,34,17631
18759,287,29977
18760,494,31375
18761,402,21216
18762,154,14082
18763,54,14599
18764,376,18106
18765,386,17576
18766,299,18855
18767,295,28775
18768,277,30416
18769,224,26749
18770,452,16479
18771,219,18677
18772,373,31163
18773,97,26717
18774,110,29194
18775,263,30534
18776,101,28764
18777,134,18675
18778,87,24861
18779,435,15203
18780,406,30297
18781,45,28992
18782,64,31403
18783,457,33498
18784,247,25029
18785,31,18988
18786,134,23258
18787,149,11457
18788,205,22018
18789,103,29770
18790,22,28218
18791,315,14360
18792,257,21325
18793,402,18712
18794,256,14971
18795,433,20184
18796,125,15316
18797,420,17607
18798,419,21915
18799,145,12226
18800,217,14348
18801,469,20151
18802,198,27286
18803,236,24542
18804,56,18010
18805,7,8982
18806,437,19424
18807,100,31689
18808,208,15443
18809,472,21760
18810,468,34348
18811,119,30292
18812,104,20413
18813,333,17458
18814,188,29303
18815,393,34351
18816,79,27883
18817,409,27658
18818,157,30838
18819,187,33801
18820,118,25267
18821,161,33711
18822,115,34904
18823,287,34292
18824,295,30094
18825,172,17978
18826,49,30327
18827,317,31178
18828,348,13559
18829,89,19177
18830,413,15499
18831,13,23162
18832,499,25001
18833,462,19720
18834,319,19366
18835,233,22130
18836,12,23233
18837,411,28004
18838,307,25516
18839,282,32815
18840,423,20128
18841,44,21984
18842,95,33231
18843,493,32204
18844,377,17188
18845,190,16831
18846,283,33430
18847,77,22905
18848,484,18425
18849,35,26561
18850,68,32903
18851,415,26896
18852,369,34841
18853,215,17932
18854,404,14596
18855,268,20960
18856,447,17855
18857,251,25495
18858,111,17526
18859,320,21277
18860,194,32103
18861,458,31689
18862,473,34885
18863,301,22324
18864,141,12743
18865,186,28714
18866,77,16043
18867,314,21442
18868,73,25399
18869,448,23028
18870,274,27828
18871,7,7320
18872,94,14184
18873,7,8040
18874,295,21207
18875,289,29069
18876,263,26146
18877,57,18478
18878,176,20550
18879,116,31222
18880,96,21364
18881,144,12322
18882,338,11620
18883,452,26851
18884,358,23247
18885,424,27335
18886,402,25365
18887,352,27388
18888,171,23915
18889,224,21373
18890,108,27244
18891,456,16125
18892,234,15834
18893,378,16130
18894,472,30635
18895,361,28619
18896,30,26008
18897,360,31174
18898,440,16930
18899,328,14113
18900,472,31537
18901,374,33901
18902,407,17155
18903,218,31818
18904,309,28022
18905,86,32472
18906,429,29881
18907,176,14183
18908,37,18768
18909,278,34581
18910,385,14782
18911,21,22930
18912,282,31715
18913,204,23486
18914,42,27112
18915,35,16230
18916,446,31753
18917,451,24804
18918,6,7148
18919,196,21636
18920,218,15596
18921,47,31917
18922,88,19919
18923,34,30559
18924,415,21877
18925,498,27496
18926,478,27295
18927,102,20209
18928,392,27142
18929,107,19663
18930,278,21038
18931,286,14264
18932,174,23188
18933,277,16323
18934,292,22401
18935,233,19038
18936,125,24772
18937,191,33270
18938,40,20203
18939,129,31190
18940,214,31100
18941,183,23932
18942,33,22653
18943,445,23562
18944,291,14963
18945,439,15627
18946,105,27973
18947,374,26185
18948,139,12594
18949,24,20282
18950,164,21661
18951,199,22277
18952,248,33911
18953,448,19553
18954,489,15918
18955,419,20000
18956,233,33325
18957,224,20186
18958,272,30650
18959,337,11859
18960,370,30098
18961,361,34183
18962,387,22490
18963,237,31653
18964,175,18925
18965,178,31705
18966,363,14491
18967,111,19156
18968,415,30539
18969,346,12089
18970,117,22468
18971,122,22028
18972,192,18495
18973,159,34210
18974,313,29386
18975,422,28381
18976,85,15536
18977,396,33201
18978,316,28798
18979,37,26948
18980,98,33693
18981,420,18488
18982,367,29081
18983,316,32486
18984,320,29173
18985,21,20880
18986,81,20004
18987,293,22312
18988,9,8587
18989,307,22968
18990,324,17503
18991,263,20062
18992,202,33285
18993,112,29724
18994,243,20468
18995,316,18120
18996,392,32704
18997,216,25426
18998,225,34611
18999,471,25514
19000,201,24729
19001,156,30208
19002,45,22143
19003,102,14862
19004,243,24763
19005,73,31810
19006,223,16363
19007,436,30964
19008,160,32781
19009,272,28883
19010,63,27522
19011,409,21666
19012,94,22048
19013,261,34969
19014,227,24033
19015,258,27066
19016,73,26940
19017,44,14144
19018,221,22147
19019,286,21890
19020,496,32624
19021,484,14034
19022,327,19563
19023,193,21891
19024,198,14578
19025,274,29171
19026,325,22424
19027,91,25705
19028,118,30870
19029,319,15572
19030,350,13705
19031,251,30965
19032,25,16306
19033,354,16099
19034,52,34112
19035,236,28144
19036,298,26642
19037,444,26579
19038,183,19948
19039,339,13213
19040,26,32687
19041,271,24362
19042,144,14049
19043,247,32684
19044,340,12400
19045,287,26722
19046,437,17409
19047,347,11249
19048,448,21299
19049,83,27779
19050,357,22316
19051,186,19965
19052,403,25332
19053,240,32243
19054,484,30685
19055,264,20244
19056,478,25448
19057,114,17409
19058,267,16934
19059,379,18665
19060,17,14975
19061,174,28211
19062,181,17055
19063,243,15990
19064,476,19969
19065,170,30956
19066,346,14640
19067,163,19750
19068,236,26268
19069,422,18740
19070,228,23200
19071,101,25202
19072,247,28524
19073,100,17005
19074,348,14987
19075,165,25594
19076,243,26105
19077,89,24041
19078,338,11010
19079,348,13114
19080,123,31247
19081,489,21601
19082,6,8719
19083,209,19294
19084,310,26461
19085,439,23336
19086,436,20269
19087,394,23928
19088,424,33774
19089,379,17821
19090,121,24557
19091,138,14352
19092,225,33183
19093,289,29935
19094,160,31446
19095,454,31290
19096,113,26936
19097,479,15117
19098,256,34096
19099,191,28811
19100,219,23666
19101,330,32728
19102,427,22805
19103,451,17965
19104,459,30672
19105,319,20390
19106,405,18355
19107,390,17712
19108,315,25806
19109,205,29720
19110,126,29514
19111,109,29318
19112,285,27820
19113,326,20094
19114,210,15529
19115,29,33043
19116,188,33442
19117,106,33692
19118,396,15052
19119,350,12003
19120,94,31072
19121,99,22026
19122,382,34723
19123,68,28816
19124,265,15227
19125,222,34037
19126,171,31130
19127,311,26487
19128,492,26652
19129,82,19549
19130,485,32179
19131,426,28702
19132,400,24041
19133,170,24715
19134,19,19265
19135,165,29380
19136,123,16680
19137,332,24298
19138,194,18750
19139,384,22573
19140,149,12387
19141,488,15574
19142,378,23509
19143,230,34401
19144,137,12307
19145,131,26155
19146,500,17332
19147,223,23055
19148,108,28196
19149,273,14992
19150,80,29122
19151,277,17700
19152,200,27043
19153,468,15452
19154,409,22303
19155,129,24291
19156,385,33475
19157,292,28568
19158,252,23025
19159,312,29360
19160,79,28817
19161,238,20361
19162,236,14390
19163,171,17440
19164,156,31405
19165,87,29632
19166,286,21003
19167,108,24203
19168,92,22014
19169,131,24995
19170,435,23435
19171,434,26172
19172,285,16057
19173,54,19791
19174,61,27468
19175,204,29001
19176,101,15759
19177,172,23913
19178,8,7531
19179,386,19214
19180,20,15171
19181,229,34432
19182,326,21263
19183,36,17281
19184,296,29884
19185,15,26363
19186,19,32305
19187,440,23478
19188,392,20279
19189,456,14168
19190,378,31646
19191,307,19561
19192,66,15878
19193,67,23090
19194,434,30016
19195,300,34776
19196,178,27799
19197,482,25472
19198,34,17010
19199,129,22029
19200,417,20152
19201,19,21218
19202,490,17363
19203,269,29672
19204,241,20890
19205,369,22026
19206,65,33576
19207,444,14528
19208,494,22846
19209,403,21263
19210,36,24744
19211,462,25249
19212,62,29521
19213,353,29008
19214,448,34384
19215,153,32024
19216,295,32599
19217,180,21782
19218,87,26937
19219,269,34913
19220,397,23999
19221,149,12146
19222,294,17073
19223,323,26110
19224,71,22196
19225,40,21906
19226,342,12980
19227,16,20161
19228,416,18644
19229,291,33378
19230,67,16638
19231,327,15000
19232,186,24047
19233,331,21930
19234,462,22318
19235,499,26325
19236,327,27507
19237,456,17000
19238,296,16122
19239,9,8615
19240,144,13927
19241,500,30428
19242,39,32803
19243,147,11956
19244,141,12676
19245,358,17803
19246,315,24356
19247,460,16774
19248,418,28050
19249,481,24023
19250,121,31054
19251,73,14156
19252,325,32492
19253,97,28013
19254,157,31582
19255,51,30552
19256,268,34971
19257,206,19377
19258,454,19686
19259,309,31762
19260,390,25524
19261,484,22793
19262,200,31272
19263,308,15129
19264,265,22922
19265,473,26588
19266,282,24494
19267,237,31938
19268,445,27871
19269,100,25171
19270,80,30915
19271,187,14912
19272,300,16086
19273,272,19317
19274,485,24759
19275,473,32978
19276,442,28448
19277,359,14218
19278,110,20000
19279,127,33449
19280,260,19517
19281,32,27140
19282,117,14909
19283,120,33024
19284,60,25053
19285,91,22321
19286,270,32750
19287,342,11375
19288,445,22596
19289,321,33018
19290,74,29683
19291,275,17197
19292,443,24455
19293,180,33813
19294,355,29724
19295,432,29645
19296,323,14701
19297,292,20192
19298,360,18988
19299,178,22217
19300,476,31038
19301,105,32288
19302,165,31578
19303,378,19358
19304,131,21069
19305,369,31216
19306,63,17770
19307,79,17449
19308,83,25388
19309,263,25348
19310,214,32810
19311,397,33559
19312,429,23464
19313,417,34780
19314,242,23425
19315,281,17450
19316,83,22646
19317,264,23792
19318,424,27136
19319,349,12797
19320,359,18981
19321,25,22000
19322,8,8896
19323,28,28678
19324,270,26856
19325,47,28727
19326,294,24906
19327,63,33473
19328,170,23738
19329,134,34161
19330,485,22965
19331,205,18545
19332,156,26406
19333,357,27418
19334,380,29603
19335,249,25817
19336,32,32846
19337,463,16325
19338,190,25816
19339,423,26950
19340,281,17851
19341,264,32793
19342,371,24130
19343,309,33863
19344,332,25186
19345,390,22407
19346,393,14181
19347,196,26427
19348,287,27721
19349,391,21979
19350,373,14711
19351,299,24389
19352,27,23817
19353,42,15582
19354,428,28356
19355,73,19351
19356,37,16633
19357,300,14721
19358,317,18711
19359,312,34709
19360,461,24176
19361,297,26567
19362,135,30319
19363,398,29207
19364,321,23428
19365,468,15866
19366,161,18362
19367,304,18908
19368,485,19869
19369,463,28005
19370,342,12925
19371,172,25380
19372,487,21666
19373,129,14665
19374,198,26182
19375,457,16475
19376,381,15262
19377,87,24997
19378,202,18136
19379,298,22398
19380,224,14918
19381,327,32981
19382,445,31939
19383,464,20433
19384,357,19674
19385,65,19879
19386,90,22103
19387,360,20441
19388,12,33729
19389,326,20784
19390,196,14029
19391,286,27701
19392,146,11931
19393,26,16952
19394,486,26217
19395,82,18423
19396,264,25380
19397,184,29088
19398,275,34315
19399,123,16649
19400,467,23771
19401,436,18925
19402,395,34132
19403,414,21477
19404,356,26868
19405,34,15411
19406,54,23247
19407,481,23203
19408,200,14261
19409,408,34661
19410,70,30564
19411,35,32663
19412,264,21757
19413,297,26274
19414,284,31107
19415,52,15250
19416,32,19738
19417,384,24200
19418,437,29710
19419,155,21858
19420,487,17369
19421,370,21234
19422,490,14849
19423,79,18917
19424,141,14704
19425,256,28125
19426,371,25152
19427,315,15862
19428,46,20029
19429,40,16924
19430,357,28320
19431,399,15737
19432,435,30013
19433,200,15760
19434,311,24488
19435,442,32452
19436,103,25392
19437,84,22770
19438,470,19961
19439,335,33534
19440,33,27257
19441,170,33850
19442,435,15061
19443,363,19375
19444,136,13048
19445,236,26986
19446,413,25979
19447,286,23460
19448,384,26676
19449,117,24444
19450,293,16769
19451,420,21830
19452,458,16272
19453,428,31821
19454,88,15551
19455,311,34256
19456,152,33399
19457,490,17814
19458,385,14760
19459,436,26697
19460,399,31897
19461,40,28164
19462,185,23115
19463,374,14421
19464,201,30505
19465,45,24701
19466,61,14127
19467,88,28439
19468,74,16373
19469,363,27840
19470,56,27622
19471,107,23723
19472,77,20149
19473,417,20131
19474,440,14082
19475,81,24974
19476,453,16726
19477,244,19134
19478,12,25596
19479,371,33701
19480,138,14458
19481,499,34443
19482,170,30050
19483,293,31074
19484,124,16864
19485,269,32227
19486,358,22428
19487,73,25398
19488,26,25482
19489,128,23558
19490,109,16593
19491,173,26209
19492,340,13227
19493,454,32482
19494,209,17383
19495,170,24565
19496,102,17993
19497,113,25097
19498,409,34485
19499,43,19074
19500,168,20588
19501,273,33501
19502,52,28774
19503,299,14015
19504,62,22163
19505,474,20954
19506,102,15015
19507,173,21463
19508,36,24564
19509,479,30164
19510,52,29746
19511,285,14522
19512,148,13296
19513,483,32217
19514,59,18854
19515,139,14707
19516,128,27105
19517,261,19661
19518,394,33274
19519,128,28660
19520,431,33080
19521,444,26652
19522,263,34941
19523,291,21118
19524,64,25068
19525,108,18721
19526,34,17017
19527,400,26868
19528,486,29293
19529,289,22074
19530,401,18055
19531,233,34435
19532,148,12824
19533,49,16658
19534,493,21275
19535,440,26410
19536,84,20881
19537,349,11881
19538,61,28257
19539,422,24558
19540,419,17401
19541,21,34934
19542,159,27463
19543,308,23991
19544,300,19290
19545,270,34008
19546,457,33182
19547,153,20967
19548,262,22598
19549,22,18544
19550,262,19358
19551,79,24803
19552,333,27726
19553,499,26281
19554,298,14013
19555,394,28359
19556,372,22873
19557,259,20203
19558,345,13612
19559,103,27396
19560,422,15197
19561,160,30361
19562,67,33933
19563,478,22943
19564,352,16295
19565,104,20697
19566,172,32843
19567,482,22332
19568,102,33141
19569,195,24738
19570,70,33066
19571,138,14933
19572,29,17667
19573,55,15111
19574,476,22513
19575,135,15754
19576,103,19669
19577,417,29934
19578,132,32067
19579,388,29273
19580,394,28012
19581,286,34683
19582,231,33582
19583,201,24070
19584,121,22535
19585,241,26621
19586,319,32920
19587,169,14876
19588,116,17621
19589,312,29605
19590,128,24605
19591,108,28441
19592,305,29508
19593,17,19535
19594,107,28479
19595,370,30925
19596,474,34366
19597,138,14182
19598,438,20904
19599,241,28410
19600,390,17795
19601,48,21497
19602,204,20734
19603,35,18885
19604,273,25235
19605,289,19013
19606,420,34061
19607,55,17975
19608,39,15305
19609,396,28776
19610,189,19496
19611,395,15935
19612,448,31903
19613,230,32535
19614,432,15397
19615,325,28161
19616,451,32813
19617,145,13999
19618,318,19914
19619,448,23735
19620,477,25477
19621,176,30113
19622,216,21896
19623,380,29979
19624,361,26652
19625,137,12017
19626,143,12260
19627,364,19940
19628,218,23345
19629,14,27693
19630,350,14331
19631,321,14476
19632,105,17937
19633,296,17904
19634,313,16641
19635,383,34893
19636,430,17201
19637,289,31226
19638,300,32718
19639,412,16921
19640,370,24496
19641,138,11891
19642,334,30627
19643,310,24917
19644,156,33891
19645,463,33959
19646,329,29082
19647,171,20149
19648,333,18616
19649,422,29345
19650,257,15045
19651,288,31947
19652,107,18231
19653,220,32486
19654,163,23924
19655,298,32493
19656,239,34305
19657,246,16450
19658,404,23229
19659,268,28434
19660,322,26484
19661,424,20727
19662,231,29412
19663,38,17132
19664,278,27011
19665,79,33532
19666,471,28511
19667,326,30456
19668,199,25441
19669,148,13997
19670,407,32333
19671,229,18468
19672,363,32953
19673,448,32890
19674,388,14511
19675,371,29361
19676,274,19413
19677,368,17366
19678,481,16202
19679,55,33130
19680,462,34136
19681,395,20152
19682,324,15397
19683,385,18461
19684,445,25938
19685,139,14825
19686,291,30963
19687,40,27247
19688,377,18863
19689,103,32042
19690,458,16612
19691,246,34221
19692,315,20070
19693,97,19981
19694,360,34845
19695,462,16160
19696,185,18867
19697,469,18239
19698,17,16204
19699,404,33502
19700,162,31425
19701,157,16799
19702,200,27060
19703,328,28889
19704,376,34578
19705,191,32005
19706,394,14391
19707,318,26996
19708,253,14021
19709,429,31795
19710,78,27461
19711,7,6854
19712,321,16548
19713,480,23439
19714,307,24497
19715,362,24308
19716,77,19396
19717,76,25867
19718,157,20581
19719,381,28958
19720,443,16052
19721,326,29978
19722,209,18238
19723,290,22678
19724,217,21603
19725,184,27400
19726,86,29022
19727,436,30487
19728,446,27861
19729,147,13238
19730,498,28946
19731,174,28497
19732,365,24406
19733,459,14453
19734,85,16368
19735,192,33752
19736,160,33065
19737,104,28307
19738,261,20005
19739,169,29555
19740,125,25940
19741,494,33643
19742,218,25227
19743,50,18074
19744,91,19711
19745,63,18295
19746,161,26545
19747,390,32966
19748,134,18632
19749,195,34508
19750,303,17654
19751,426,34137
19752,282,15896
19753,409,29902
19754,331,19773
19755,261,27265
19756,402,33314
19757,56,21893
19758,108,18464
19759,18,23895
19760,379,30359
19761,457,28210
19762,393,22646
19763,331,22208
19764,332,19435
19765,425,21456
19766,97,34664
19767,384,29870
19768,378,21310
19769,406,16411
19770,245,18666
19771,324,14505
19772,372,22342
19773,219,31340
19774,425,16516
19775,86,30386
19776,73,33939
19777,193,19534
19778,366,17979
19779,321,19567
19780,153,17019
19781,186,16948
19782,422,34086
19783,347,12916
19784,99,30837
19785,390,28476
19786,411,18109
19787,282,30700
19788,318,15137
19789,6,8470
19790,69,20756
19791,469,15672
19792,6,7888
19793,360,15606
19794,285,17390
19795,130,33579
19796,369,32528
19797,62,25935
19798,330,20064
19799,175,18834
19800,344,11952
19801,298,23218
19802,41,34849
19803,500,33439
19804,484,25038
19805,97,31890
19806,216,19047
19807,202,23166
19808,143,14753
19809,304,23920
19810,471,15899
19811,229,18724
19812,97,20523
19813,458,17108
19814,462,32752
19815,368,21388
19816,218,27093
19817,309,25871
19818,201,25801
19819,311,24737
19820,344,14177
19821,96,19350
19822,495,25326
19823,382,24100
19824,156,34665
19825,51,22323
19826,447,14791
19827,111,17196
19828,209,21687
19829,310,34401
19830,65,18783
19831,101,15795
19832,472,31044
19833,172,20969
19834,121,31635
19835,208,30485
19836,258,28637
19837,213,26876
19838,219,24039
19839,299,23346
19840,458,31869
19841,458,28934
19842,399,19844
19843,238,17756
19844,34,16982
19845,471,29976
19846,322,23012
19847,84,23413
19848,219,24861
19849,107,17125
19850,384,28752
19851,12,27863
19852,309,16442
19853,385,30627
19854,249,29826
19855,132,33219
19856,455,29915
19857,373,14835
19858,365,27276
19859,269,24357
19860,105,23545
19861,70,29505
19862,161,19839
19863,344,13557
19864,132,33966
19865,74,25533
19866,247,18771
19867,168,14691
19868,49,32795
19869,471,16412
19870,214,22298
19871,92,22370
19872,328,30400
19873,220,34110
19874,11,33814
19875,307,30310
19876,251,24684
19877,7,6718
19878,281,21424
19879,395,34198
19880,139,11291
19881,232,27923
19882,244,30512
19883,439,15337
19884,21,33926
19885,345,11307
19886,6,8831
19887,205,17567
19888,328,34030
19889,277,28748
19890,320,25600
19891,463,33091
19892,499,17115
19893,54,33987
19894,205,28276
19895,21,22123
19896,193,26858
19897,311,28551
19898,129,34028
19899,266,20256
19900,306,23563
19901,299,29440
19902,477,26007
19903,150,14888
19904,40,33693
19905,402,17269
19906,311,31364
19907,144,14401
19908,253,29607
19909,362,16814
19910,71,19657
19911,462,29827
19912,339,11275
19913,276,25972
19914,75,23392
19915,268,26900
19916,28,17185
19917,262,31941
19918,151,18009
19919,274,24972
19920,409,30464
19921,481,24230
19922,427,21423
19923,242,14528
19924,316,26696
19925,300,23785
19926,486,31717
19927,361,25351
19928,59,21876
19929,347,11543
19930,456,18420
19931,263,29644
19932,23,28452
19933,73,32538
19934,212,30503
19935,426,16092
19936,82,17650
19937,28,24214
19938,221,14269
19939,326,26309
19940,224,30745
19941,12,17835
19942,203,15243
19943,324,25142
19944,85,31782
19945,160,25279
19946,336,12954
19947,158,29732
19948,120,27716
19949,100,24976
19950,167,33399
19951,155,33366
19952,461,30803
19953,195,21171
19954,125,28323
19955,374,22473
19956,394,24986
19957,449,22848
19958,169,20256
19959,421,34240
19960,369,21339
19961,18,17419
19962,339,12168
19963,169,28237
19964,52,29304
19965,330,21384
19966,332,22284
19967,236,19915
19968,165,25894
19969,268,17524
19970,293,18108
19971,72,34044
19972,5,19337
19973,209,17251
19974,259,33866
19975,146,12583
19976,114,34038
19977,8,7121
19978,471,25414
19979,499,17486
19980,54,15941
19981,77,32005
19982,245,28282
19983,84,15910
19984,83,30288
19985,8,8080
19986,43,22145
19987,310,27832
19988,175,32975
19989,123,21479
19990,431,33312
19991,367,33876
19992,349,13671
19993,323,22693
19994,93,17330
19995,241,29800
19996,324,14608
19997,428,22884
19998,96,31725
19999,213,26413
20000,156,14670
