rid,rname,rdescription,rrequirements_json
11,Junior Area Manager,Assisting in daily tasks and learning Management operational support to ensure business excellence.,"{""years_of_experience"": ""None"", ""education_level"": ""High School Diploma"", ""technical_skills"": [""Office Productivity"", ""Time Management""], ""soft_skills"": [""Teamwork"", ""Punctuality""]}"
12,Assistant Area Manager,Supporting the department with Management administrative and technical duties to ensure business excellence.,"{""years_of_experience"": ""1-2 years"", ""education_level"": ""Relevant Course/Certification"", ""technical_skills"": [""Office Productivity"", ""Time Management""], ""soft_skills"": [""Teamwork"", ""Punctuality""]}"
13,Senior Area Manager,Executing high-level Management independent professional tasks to ensure business excellence.,"{""years_of_experience"": ""5+ years"", ""education_level"": ""Bachelor's Degree"", ""technical_skills"": [""Office Productivity"", ""Time Management""], ""soft_skills"": [""Teamwork"", ""Punctuality""]}"
14,Lead Area Manager,Leading a team of professionals in Management project execution and quality control to ensure business excellence.,"{""years_of_experience"": ""7+ years"", ""education_level"": ""Bachelor's Degree"", ""technical_skills"": [""Office Productivity"", ""Time Management""], ""soft_skills"": [""Leadership"", ""Critical Thinking""]}"
15,Head of Area Manager,Defining the long-term strategy for Management departmental growth and vision to ensure business excellence.,"{""years_of_experience"": ""10+ years"", ""education_level"": ""Master's Degree / MBA"", ""technical_skills"": [""Strategic Planning"", ""Stakeholder Management""], ""soft_skills"": [""Leadership"", ""Critical Thinking""]}"
16,Junior District Supervisor,Assisting in daily tasks and learning Management operational support to ensure business excellence.,"{""years_of_experience"": ""None"", ""education_level"": ""High School Diploma"", ""technical_skills"": [""Office Productivity"", ""Time Management""], ""soft_skills"": [""Teamwork"", ""Punctuality""]}"
17,Assistant District Supervisor,Supporting the department with Management administrative and technical duties to ensure business excellence.,"{""years_of_experience"": ""1-2 years"", ""education_level"": ""Relevant Course/Certification"", ""technical_skills"": [""Office Productivity"", ""Time Management""], ""soft_skills"": [""Teamwork"", ""Punctuality""]}"
18,Senior District Supervisor,Executing high-level Management independent professional tasks to ensure business excellence.,"{""years_of_experience"": ""5+ years"", ""education_level"": ""Bachelor's Degree"", ""technical_skills"": [""Office Productivity"", ""Time Management""], ""soft_skills"": [""Teamwork"", ""Punctuality""]}"
19,Lead District Supervisor,Leading a team of professionals in Management project execution and quality control to ensure business excellence.,"{""years_of_experience"": ""7+ years"", ""education_level"": ""Bachelor's Degree"", ""technical_skills"": [""Office Productivity"", ""Time Management""], ""soft_skills"": [""Leadership"", ""Critical Thinking""]}"
20,Head of District Supervisor,Defining the long-term strategy for Management departmental growth and vision to ensure business excellence.,"{""years_of_experience"": ""10+ years"", ""education_level"": ""Master's Degree / MBA"", ""technical_skills"": [""Strategic Planning"", ""Stakeholder Management""], ""soft_skills"": [""Leadership"", ""Critical Thinking""]}"
21,Junior Regional Operations Director,Assisting in daily tasks and learning Management operational support to ensure business excellence.,"{""years_of_experience"": ""None"", ""education_level"": ""High School Diploma"", ""technical_skills"": [""Office Productivity"", ""Time Management""], ""soft_skills"": [""Teamwork"", ""Punctuality""]}"
22,Assistant Regional Operations Director,Supporting the department with Management administrative and technical duties to ensure business excellence.,"{""years_of_experience"": ""1-2 years"", ""education_level"": ""Relevant Course/Certification"", ""technical_skills"": [""Office Productivity"", ""Time Management""], ""soft_skills"": [""Teamwork"", ""Punctuality""]}"
23,Senior Regional Operations Director,Executing high-level Management independent professional tasks to ensure business excellence.,"{""years_of_experience"": ""5+ years"", ""education_level"": ""Bachelor's Degree"", ""technical_skills"": [""Office Productivity"", ""Time Management""], ""soft_skills"": [""Teamwork"", ""Punctuality""]}"
24,Lead Regional Operations Director,Leading a team of professionals in Management project execution and quality control to ensure business excellence.,"{""years_of_experience"": ""7+ years"", ""education_level"": ""Bachelor's Degree"", ""technical_skills"": [""Office Productivity"", ""Time Management""], ""soft_skills"": [""Leadership"", ""Critical Thinking""]}"
25,Head of Regional Operations Director,Defining the long-term strategy for Management departmental growth and vision to ensure business excellence.,"{""years_of_experience"": ""10+ years"", ""education_level"": ""Master's Degree / MBA"", ""technical_skills"": [""Strategic Planning"", ""Stakeholder Management""], ""soft_skills"": [""Leadership"", ""Critical Thinking""]}"
26,Junior Product Manager,Assisting in daily tasks and learning Management operational support to ensure business excellence.,"{""years_of_experience"": ""None"", ""education_level"": ""High School Diploma"", ""technical_skills"": [""Office Productivity"", ""Time Management""], ""soft_skills"": [""Teamwork"", ""Punctuality""]}"
27,Assistant Product Manager,Supporting the department with Management administrative and technical duties to ensure business excellence.,"{""years_of_experience"": ""1-2 years"", ""education_level"": ""Relevant Course/Certification"", ""technical_skills"": [""Office Productivity"", ""Time Management""], ""soft_skills"": [""Teamwork"", ""Punctuality""]}"
28,Senior Product Manager,Executing high-level Management independent professional tasks to ensure business excellence.,"{""years_of_experience"": ""5+ years"", ""education_level"": ""Bachelor's Degree"", ""technical_skills"": [""Office Productivity"", ""Time Management""], ""soft_skills"": [""Teamwork"", ""Punctuality""]}"
29,Lead Product Manager,Leading a team of professionals in Management project execution and quality control to ensure business excellence.,"{""years_of_experience"": ""7+ years"", ""education_level"": ""Bachelor's Degree"", ""technical_skills"": [""Office Productivity"", ""Time Management""], ""soft_skills"": [""Leadership"", ""Critical Thinking""]}"
30,Head of Product Manager,Defining the long-term strategy for Management departmental growth and vision to ensure business excellence.,"{""years_of_experience"": ""10+ years"", ""education_level"": ""Master's Degree / MBA"", ""technical_skills"": [""Strategic Planning"", ""Stakeholder Management""], ""soft_skills"": [""Leadership"", ""Critical Thinking""]}"
31,Junior HR Manager,Assisting in daily tasks and learning HR operational support to ensure business excellence.,"{""years_of_experience"": ""None"", ""education_level"": ""High School Diploma"", ""technical_skills"": [""Office Productivity"", ""Time Management""], ""soft_skills"": [""Teamwork"", ""Punctuality""]}"
32,Assistant HR Manager,Supporting the department with HR administrative and technical duties to ensure business excellence.,"{""years_of_experience"": ""1-2 years"", ""education_level"": ""Relevant Course/Certification"", ""technical_skills"": [""Office Productivity"", ""Time Management""], ""soft_skills"": [""Teamwork"", ""Punctuality""]}"
33,Senior HR Manager,Executing high-level HR independent professional tasks to ensure business excellence.,"{""years_of_experience"": ""5+ years"", ""education_level"": ""Bachelor's Degree"", ""technical_skills"": [""Office Productivity"", ""Time Management""], ""soft_skills"": [""Teamwork"", ""Punctuality""]}"
34,Lead HR Manager,Leading a team of professionals in HR project execution and quality control to ensure business excellence.,"{""years_of_experience"": ""7+ years"", ""education_level"": ""Bachelor's Degree"", ""technical_skills"": [""Office Productivity"", ""Time Management""], ""soft_skills"": [""Leadership"", ""Critical Thinking""]}"
35,Head of HR Manager,Defining the long-term strategy for HR departmental growth and vision to ensure business excellence.,"{""years_of_experience"": ""10+ years"", ""education_level"": ""Master's Degree / MBA"", ""technical_skills"": [""Strategic Planning"", ""Stakeholder Management""], ""soft_skills"": [""Leadership"", ""Critical Thinking""]}"
36,Junior HR Specialist,Assisting in daily tasks and learning HR operational support to ensure business excellence.,"{""years_of_experience"": ""None"", ""education_level"": ""High School Diploma"", ""technical_skills"": [""Office Productivity"", ""Time Management""], ""soft_skills"": [""Teamwork"", ""Punctuality""]}"
37,Assistant HR Specialist,Supporting the department with HR administrative and technical duties to ensure business excellence.,"{""years_of_experience"": ""1-2 years"", ""education_level"": ""Relevant Course/Certification"", ""technical_skills"": [""Office Productivity"", ""Time Management""], ""soft_skills"": [""Teamwork"", ""Punctuality""]}"
38,Senior HR Specialist,Executing high-level HR independent professional tasks to ensure business excellence.,"{""years_of_experience"": ""5+ years"", ""education_level"": ""Bachelor's Degree"", ""technical_skills"": [""Office Productivity"", ""Time Management""], ""soft_skills"": [""Teamwork"", ""Punctuality""]}"
39,Lead HR Specialist,Leading a team of professionals in HR project execution and quality control to ensure business excellence.,"{""years_of_experience"": ""7+ years"", ""education_level"": ""Bachelor's Degree"", ""technical_skills"": [""Office Productivity"", ""Time Management""], ""soft_skills"": [""Leadership"", ""Critical Thinking""]}"
40,Head of HR Specialist,Defining the long-term strategy for HR departmental growth and vision to ensure business excellence.,"{""years_of_experience"": ""10+ years"", ""education_level"": ""Master's Degree / MBA"", ""technical_skills"": [""Strategic Planning"", ""Stakeholder Management""], ""soft_skills"": [""Leadership"", ""Critical Thinking""]}"
41,Junior Recruitment Officer,Assisting in daily tasks and learning HR operational support to ensure business excellence.,"{""years_of_experience"": ""None"", ""education_level"": ""High School Diploma"", ""technical_skills"": [""Office Productivity"", ""Time Management""], ""soft_skills"": [""Teamwork"", ""Punctuality""]}"
42,Assistant Recruitment Officer,Supporting the department with HR administrative and technical duties to ensure business excellence.,"{""years_of_experience"": ""1-2 years"", ""education_level"": ""Relevant Course/Certification"", ""technical_skills"": [""Office Productivity"", ""Time Management""], ""soft_skills"": [""Teamwork"", ""Punctuality""]}"
43,Senior Recruitment Officer,Executing high-level HR independent professional tasks to ensure business excellence.,"{""years_of_experience"": ""5+ years"", ""education_level"": ""Bachelor's Degree"", ""technical_skills"": [""Office Productivity"", ""Time Management""], ""soft_skills"": [""Teamwork"", ""Punctuality""]}"
44,Lead Recruitment Officer,Leading a team of professionals in HR project execution and quality control to ensure business excellence.,"{""years_of_experience"": ""7+ years"", ""education_level"": ""Bachelor's Degree"", ""technical_skills"": [""Office Productivity"", ""Time Management""], ""soft_skills"": [""Leadership"", ""Critical Thinking""]}"
45,Head of Recruitment Officer,Defining the long-term strategy for HR departmental growth and vision to ensure business excellence.,"{""years_of_experience"": ""10+ years"", ""education_level"": ""Master's Degree / MBA"", ""technical_skills"": [""Strategic Planning"", ""Stakeholder Management""], ""soft_skills"": [""Leadership"", ""Critical Thinking""]}"
46,Junior Welfare Coordinator,Assisting in daily tasks and learning HR operational support to ensure business excellence.,"{""years_of_experience"": ""None"", ""education_level"": ""High School Diploma"", ""technical_skills"": [""Office Productivity"", ""Time Management""], ""soft_skills"": [""Teamwork"", ""Punctuality""]}"
47,Assistant Welfare Coordinator,Supporting the department with HR administrative and technical duties to ensure business excellence.,"{""years_of_experience"": ""1-2 years"", ""education_level"": ""Relevant Course/Certification"", ""technical_skills"": [""Office Productivity"", ""Time Management""], ""soft_skills"": [""Teamwork"", ""Punctuality""]}"
48,Senior Welfare Coordinator,Executing high-level HR independent professional tasks to ensure business excellence.,"{""years_of_experience"": ""5+ years"", ""education_level"": ""Bachelor's Degree"", ""technical_skills"": [""Office Productivity"", ""Time Management""], ""soft_skills"": [""Teamwork"", ""Punctuality""]}"
49,Lead Welfare Coordinator,Leading a team of professionals in HR project execution and quality control to ensure business excellence.,"{""years_of_experience"": ""7+ years"", ""education_level"": ""Bachelor's Degree"", ""technical_skills"": [""Office Productivity"", ""Time Management""], ""soft_skills"": [""Leadership"", ""Critical Thinking""]}"
50,Head of Welfare Coordinator,Defining the long-term strategy for HR departmental growth and vision to ensure business excellence.,"{""years_of_experience"": ""10+ years"", ""education_level"": ""Master's Degree / MBA"", ""technical_skills"": [""Strategic Planning"", ""Stakeholder Management""], ""soft_skills"": [""Leadership"", ""Critical Thinking""]}"
51,Junior Payroll Admin,Assisting in daily tasks and learning HR operational support to ensure business excellence.,"{""years_of_experience"": ""None"", ""education_level"": ""High School Diploma"", ""technical_skills"": [""Office Productivity"", ""Time Management""], ""soft_skills"": [""Teamwork"", ""Punctuality""]}"
52,Assistant Payroll Admin,Supporting the department with HR administrative and technical duties to ensure business excellence.,"{""years_of_experience"": ""1-2 years"", ""education_level"": ""Relevant Course/Certification"", ""technical_skills"": [""Office Productivity"", ""Time Management""], ""soft_skills"": [""Teamwork"", ""Punctuality""]}"
53,Senior Payroll Admin,Executing high-level HR independent professional tasks to ensure business excellence.,"{""years_of_experience"": ""5+ years"", ""education_level"": ""Bachelor's Degree"", ""technical_skills"": [""Office Productivity"", ""Time Management""], ""soft_skills"": [""Teamwork"", ""Punctuality""]}"
54,Lead Payroll Admin,Leading a team of professionals in HR project execution and quality control to ensure business excellence.,"{""years_of_experience"": ""7+ years"", ""education_level"": ""Bachelor's Degree"", ""technical_skills"": [""Office Productivity"", ""Time Management""], ""soft_skills"": [""Leadership"", ""Critical Thinking""]}"
55,Head of Payroll Admin,Defining the long-term strategy for HR departmental growth and vision to ensure business excellence.,"{""years_of_experience"": ""10+ years"", ""education_level"": ""Master's Degree / MBA"", ""technical_skills"": [""Strategic Planning"", ""Stakeholder Management""], ""soft_skills"": [""Leadership"", ""Critical Thinking""]}"
56,Junior Support Agent,Assisting in daily tasks and learning Customer Service operational support to ensure business excellence.,"{""years_of_experience"": ""None"", ""education_level"": ""Not Required"", ""technical_skills"": [""Office Productivity"", ""Time Management""], ""soft_skills"": [""Teamwork"", ""Punctuality""]}"
57,Assistant Support Agent,Supporting the department with Customer Service administrative and technical duties to ensure business excellence.,"{""years_of_experience"": ""1-2 years"", ""education_level"": ""Not Required"", ""technical_skills"": [""Office Productivity"", ""Time Management""], ""soft_skills"": [""Teamwork"", ""Punctuality""]}"
58,Senior Support Agent,Executing high-level Customer Service independent professional tasks to ensure business excellence.,"{""years_of_experience"": ""5+ years"", ""education_level"": ""Not Required"", ""technical_skills"": [""Office Productivity"", ""Time Management""], ""soft_skills"": [""Teamwork"", ""Punctuality""]}"
59,Lead Support Agent,Leading a team of professionals in Customer Service project execution and quality control to ensure business excellence.,"{""years_of_experience"": ""7+ years"", ""education_level"": ""Not Required"", ""technical_skills"": [""Office Productivity"", ""Time Management""], ""soft_skills"": [""Leadership"", ""Critical Thinking""]}"
60,Head of Support Agent,Defining the long-term strategy for Customer Service departmental growth and vision to ensure business excellence.,"{""years_of_experience"": ""10+ years"", ""education_level"": ""Not Required"", ""technical_skills"": [""Strategic Planning"", ""Stakeholder Management""], ""soft_skills"": [""Leadership"", ""Critical Thinking""]}"
61,Junior Customer Experience Lead,Assisting in daily tasks and learning Customer Service operational support to ensure business excellence.,"{""years_of_experience"": ""None"", ""education_level"": ""Not Required"", ""technical_skills"": [""Office Productivity"", ""Time Management""], ""soft_skills"": [""Teamwork"", ""Punctuality""]}"
62,Assistant Customer Experience Lead,Supporting the department with Customer Service administrative and technical duties to ensure business excellence.,"{""years_of_experience"": ""1-2 years"", ""education_level"": ""Not Required"", ""technical_skills"": [""Office Productivity"", ""Time Management""], ""soft_skills"": [""Teamwork"", ""Punctuality""]}"
63,Senior Customer Experience Lead,Executing high-level Customer Service independent professional tasks to ensure business excellence.,"{""years_of_experience"": ""5+ years"", ""education_level"": ""Not Required"", ""technical_skills"": [""Office Productivity"", ""Time Management""], ""soft_skills"": [""Teamwork"", ""Punctuality""]}"
64,Lead Customer Experience Lead,Leading a team of professionals in Customer Service project execution and quality control to ensure business excellence.,"{""years_of_experience"": ""7+ years"", ""education_level"": ""Not Required"", ""technical_skills"": [""Office Productivity"", ""Time Management""], ""soft_skills"": [""Leadership"", ""Critical Thinking""]}"
65,Head of Customer Experience Lead,Defining the long-term strategy for Customer Service departmental growth and vision to ensure business excellence.,"{""years_of_experience"": ""10+ years"", ""education_level"": ""Not Required"", ""technical_skills"": [""Strategic Planning"", ""Stakeholder Management""], ""soft_skills"": [""Leadership"", ""Critical Thinking""]}"
66,Junior Returns Specialist,Assisting in daily tasks and learning Customer Service operational support to ensure business excellence.,"{""years_of_experience"": ""None"", ""education_level"": ""Not Required"", ""technical_skills"": [""Office Productivity"", ""Time Management""], ""soft_skills"": [""Teamwork"", ""Punctuality""]}"
67,Assistant Returns Specialist,Supporting the department with Customer Service administrative and technical duties to ensure business excellence.,"{""years_of_experience"": ""1-2 years"", ""education_level"": ""Not Required"", ""technical_skills"": [""Office Productivity"", ""Time Management""], ""soft_skills"": [""Teamwork"", ""Punctuality""]}"
68,Senior Returns Specialist,Executing high-level Customer Service independent professional tasks to ensure business excellence.,"{""years_of_experience"": ""5+ years"", ""education_level"": ""Not Required"", ""technical_skills"": [""Office Productivity"", ""Time Management""], ""soft_skills"": [""Teamwork"", ""Punctuality""]}"
69,Lead Returns Specialist,Leading a team of professionals in Customer Service project execution and quality control to ensure business excellence.,"{""years_of_experience"": ""7+ years"", ""education_level"": ""Not Required"", ""technical_skills"": [""Office Productivity"", ""Time Management""], ""soft_skills"": [""Leadership"", ""Critical Thinking""]}"
70,Head of Returns Specialist,Defining the long-term strategy for Customer Service departmental growth and vision to ensure business excellence.,"{""years_of_experience"": ""10+ years"", ""education_level"": ""Not Required"", ""technical_skills"": [""Strategic Planning"", ""Stakeholder Management""], ""soft_skills"": [""Leadership"", ""Critical Thinking""]}"
71,Junior Warehouse Worker,Assisting in daily tasks and learning Logistics operational support to ensure business excellence.,"{""years_of_experience"": ""None"", ""education_level"": ""Not Required"", ""technical_skills"": [""Office Productivity"", ""Time Management""], ""soft_skills"": [""Teamwork"", ""Punctuality""]}"
72,Assistant Warehouse Worker,Supporting the department with Logistics administrative and technical duties to ensure business excellence.,"{""years_of_experience"": ""1-2 years"", ""education_level"": ""Not Required"", ""technical_skills"": [""Office Productivity"", ""Time Management""], ""soft_skills"": [""Teamwork"", ""Punctuality""]}"
73,Senior Warehouse Worker,Executing high-level Logistics independent professional tasks to ensure business excellence.,"{""years_of_experience"": ""5+ years"", ""education_level"": ""Not Required"", ""technical_skills"": [""Office Productivity"", ""Time Management""], ""soft_skills"": [""Teamwork"", ""Punctuality""]}"
74,Lead Warehouse Worker,Leading a team of professionals in Logistics project execution and quality control to ensure business excellence.,"{""years_of_experience"": ""7+ years"", ""education_level"": ""Not Required"", ""technical_skills"": [""Office Productivity"", ""Time Management""], ""soft_skills"": [""Leadership"", ""Critical Thinking""]}"
75,Head of Warehouse Worker,Defining the long-term strategy for Logistics departmental growth and vision to ensure business excellence.,"{""years_of_experience"": ""10+ years"", ""education_level"": ""Not Required"", ""technical_skills"": [""Strategic Planning"", ""Stakeholder Management""], ""soft_skills"": [""Leadership"", ""Critical Thinking""]}"
76,Junior Inventory Supervisor,Assisting in daily tasks and learning Logistics operational support to ensure business excellence.,"{""years_of_experience"": ""None"", ""education_level"": ""Not Required"", ""technical_skills"": [""Office Productivity"", ""Time Management""], ""soft_skills"": [""Teamwork"", ""Punctuality""]}"
77,Assistant Inventory Supervisor,Supporting the department with Logistics administrative and technical duties to ensure business excellence.,"{""years_of_experience"": ""1-2 years"", ""education_level"": ""Not Required"", ""technical_skills"": [""Office Productivity"", ""Time Management""], ""soft_skills"": [""Teamwork"", ""Punctuality""]}"
78,Senior Inventory Supervisor,Executing high-level Logistics independent professional tasks to ensure business excellence.,"{""years_of_experience"": ""5+ years"", ""education_level"": ""Not Required"", ""technical_skills"": [""Office Productivity"", ""Time Management""], ""soft_skills"": [""Teamwork"", ""Punctuality""]}"
79,Lead Inventory Supervisor,Leading a team of professionals in Logistics project execution and quality control to ensure business excellence.,"{""years_of_experience"": ""7+ years"", ""education_level"": ""Not Required"", ""technical_skills"": [""Office Productivity"", ""Time Management""], ""soft_skills"": [""Leadership"", ""Critical Thinking""]}"
80,Head of Inventory Supervisor,Defining the long-term strategy for Logistics departmental growth and vision to ensure business excellence.,"{""years_of_experience"": ""10+ years"", ""education_level"": ""Not Required"", ""technical_skills"": [""Strategic Planning"", ""Stakeholder Management""], ""soft_skills"": [""Leadership"", ""Critical Thinking""]}"
81,Junior Forklift Operator,Assisting in daily tasks and learning Logistics operational support to ensure business excellence.,"{""years_of_experience"": ""None"", ""education_level"": ""Not Required"", ""technical_skills"": [""Office Productivity"", ""Time Management""], ""soft_skills"": [""Teamwork"", ""Punctuality""]}"
82,Assistant Forklift Operator,Supporting the department with Logistics administrative and technical duties to ensure business excellence.,"{""years_of_experience"": ""1-2 years"", ""education_level"": ""Not Required"", ""technical_skills"": [""Office Productivity"", ""Time Management""], ""soft_skills"": [""Teamwork"", ""Punctuality""]}"
83,Senior Forklift Operator,Executing high-level Logistics independent professional tasks to ensure business excellence.,"{""years_of_experience"": ""5+ years"", ""education_level"": ""Not Required"", ""technical_skills"": [""Office Productivity"", ""Time Management""], ""soft_skills"": [""Teamwork"", ""Punctuality""]}"
84,Lead Forklift Operator,Leading a team of professionals in Logistics project execution and quality control to ensure business excellence.,"{""years_of_experience"": ""7+ years"", ""education_level"": ""Not Required"", ""technical_skills"": [""Office Productivity"", ""Time Management""], ""soft_skills"": [""Leadership"", ""Critical Thinking""]}"
85,Head of Forklift Operator,Defining the long-term strategy for Logistics departmental growth and vision to ensure business excellence.,"{""years_of_experience"": ""10+ years"", ""education_level"": ""Not Required"", ""technical_skills"": [""Strategic Planning"", ""Stakeholder Management""], ""soft_skills"": [""Leadership"", ""Critical Thinking""]}"
86,Junior Stock Controller,Assisting in daily tasks and learning Logistics operational support to ensure business excellence.,"{""years_of_experience"": ""None"", ""education_level"": ""Not Required"", ""technical_skills"": [""Office Productivity"", ""Time Management""], ""soft_skills"": [""Teamwork"", ""Punctuality""]}"
87,Assistant Stock Controller,Supporting the department with Logistics administrative and technical duties to ensure business excellence.,"{""years_of_experience"": ""1-2 years"", ""education_level"": ""Not Required"", ""technical_skills"": [""Office Productivity"", ""Time Management""], ""soft_skills"": [""Teamwork"", ""Punctuality""]}"
88,Senior Stock Controller,Executing high-level Logistics independent professional tasks to ensure business excellence.,"{""years_of_experience"": ""5+ years"", ""education_level"": ""Not Required"", ""technical_skills"": [""Office Productivity"", ""Time Management""], ""soft_skills"": [""Teamwork"", ""Punctuality""]}"
89,Lead Stock Controller,Leading a team of professionals in Logistics project execution and quality control to ensure business excellence.,"{""years_of_experience"": ""7+ years"", ""education_level"": ""Not Required"", ""technical_skills"": [""Office Productivity"", ""Time Management""], ""soft_skills"": [""Leadership"", ""Critical Thinking""]}"
90,Head of Stock Controller,Defining the long-term strategy for Logistics departmental growth and vision to ensure business excellence.,"{""years_of_experience"": ""10+ years"", ""education_level"": ""Not Required"", ""technical_skills"": [""Strategic Planning"", ""Stakeholder Management""], ""soft_skills"": [""Leadership"", ""Critical Thinking""]}"
91,Junior Warehouse Manager,Assisting in daily tasks and learning Logistics operational support to ensure business excellence.,"{""years_of_experience"": ""None"", ""education_level"": ""Not Required"", ""technical_skills"": [""Office Productivity"", ""Time Management""], ""soft_skills"": [""Teamwork"", ""Punctuality""]}"
92,Assistant Warehouse Manager,Supporting the department with Logistics administrative and technical duties to ensure business excellence.,"{""years_of_experience"": ""1-2 years"", ""education_level"": ""Not Required"", ""technical_skills"": [""Office Productivity"", ""Time Management""], ""soft_skills"": [""Teamwork"", ""Punctuality""]}"
93,Senior Warehouse Manager,Executing high-level Logistics independent professional tasks to ensure business excellence.,"{""years_of_experience"": ""5+ years"", ""education_level"": ""Not Required"", ""technical_skills"": [""Office Productivity"", ""Time Management""], ""soft_skills"": [""Teamwork"", ""Punctuality""]}"
94,Lead Warehouse Manager,Leading a team of professionals in Logistics project execution and quality control to ensure business excellence.,"{""years_of_experience"": ""7+ years"", ""education_level"": ""Not Required"", ""technical_skills"": [""Office Productivity"", ""Time Management""], ""soft_skills"": [""Leadership"", ""Critical Thinking""]}"
95,Head of Warehouse Manager,Defining the long-term strategy for Logistics departmental growth and vision to ensure business excellence.,"{""years_of_experience"": ""10+ years"", ""education_level"": ""Not Required"", ""technical_skills"": [""Strategic Planning"", ""Stakeholder Management""], ""soft_skills"": [""Leadership"", ""Critical Thinking""]}"
96,Junior Sales Associate,Assisting in daily tasks and learning Sales operational support to ensure business excellence.,"{""years_of_experience"": ""None"", ""education_level"": ""Not Required"", ""technical_skills"": [""Customer Persuasion"", ""Inventory Management""], ""soft_skills"": [""Teamwork"", ""Punctuality""]}"
97,Assistant Sales Associate,Supporting the department with Sales administrative and technical duties to ensure business excellence.,"{""years_of_experience"": ""1-2 years"", ""education_level"": ""Not Required"", ""technical_skills"": [""Customer Persuasion"", ""Inventory Management""], ""soft_skills"": [""Teamwork"", ""Punctuality""]}"
98,Senior Sales Associate,Executing high-level Sales independent professional tasks to ensure business excellence.,"{""years_of_experience"": ""5+ years"", ""education_level"": ""Not Required"", ""technical_skills"": [""Customer Persuasion"", ""Inventory Management""], ""soft_skills"": [""Teamwork"", ""Punctuality""]}"
99,Lead Sales Associate,Leading a team of professionals in Sales project execution and quality control to ensure business excellence.,"{""years_of_experience"": ""7+ years"", ""education_level"": ""Not Required"", ""technical_skills"": [""Customer Persuasion"", ""Inventory Management""], ""soft_skills"": [""Leadership"", ""Critical Thinking""]}"
100,Head of Sales Associate,Defining the long-term strategy for Sales departmental growth and vision to ensure business excellence.,"{""years_of_experience"": ""10+ years"", ""education_level"": ""Not Required"", ""technical_skills"": [""Customer Persuasion"", ""Inventory Management""], ""soft_skills"": [""Leadership"", ""Critical Thinking""]}"
101,Junior Salesperson,Assisting in daily tasks and learning Sales operational support to ensure business excellence.,"{""years_of_experience"": ""None"", ""education_level"": ""Not Required"", ""technical_skills"": [""Customer Persuasion"", ""Inventory Management""], ""soft_skills"": [""Teamwork"", ""Punctuality""]}"
102,Assistant Salesperson,Supporting the department with Sales administrative and technical duties to ensure business excellence.,"{""years_of_experience"": ""1-2 years"", ""education_level"": ""Not Required"", ""technical_skills"": [""Customer Persuasion"", ""Inventory Management""], ""soft_skills"": [""Teamwork"", ""Punctuality""]}"
103,Senior Salesperson,Executing high-level Sales independent professional tasks to ensure business excellence.,"{""years_of_experience"": ""5+ years"", ""education_level"": ""Not Required"", ""technical_skills"": [""Customer Persuasion"", ""Inventory Management""], ""soft_skills"": [""Teamwork"", ""Punctuality""]}"
104,Lead Salesperson,Leading a team of professionals in Sales project execution and quality control to ensure business excellence.,"{""years_of_experience"": ""7+ years"", ""education_level"": ""Not Required"", ""technical_skills"": [""Customer Persuasion"", ""Inventory Management""], ""soft_skills"": [""Leadership"", ""Critical Thinking""]}"
105,Head of Salesperson,Defining the long-term strategy for Sales departmental growth and vision to ensure business excellence.,"{""years_of_experience"": ""10+ years"", ""education_level"": ""Not Required"", ""technical_skills"": [""Customer Persuasion"", ""Inventory Management""], ""soft_skills"": [""Leadership"", ""Critical Thinking""]}"
106,Junior Sales Trainer,Assisting in daily tasks and learning Sales operational support to ensure business excellence.,"{""years_of_experience"": ""None"", ""education_level"": ""Not Required"", ""technical_skills"": [""Customer Persuasion"", ""Inventory Management""], ""soft_skills"": [""Teamwork"", ""Punctuality""]}"
107,Assistant Sales Trainer,Supporting the department with Sales administrative and technical duties to ensure business excellence.,"{""years_of_experience"": ""1-2 years"", ""education_level"": ""Not Required"", ""technical_skills"": [""Customer Persuasion"", ""Inventory Management""], ""soft_skills"": [""Teamwork"", ""Punctuality""]}"
108,Senior Sales Trainer,Executing high-level Sales independent professional tasks to ensure business excellence.,"{""years_of_experience"": ""5+ years"", ""education_level"": ""Not Required"", ""technical_skills"": [""Customer Persuasion"", ""Inventory Management""], ""soft_skills"": [""Teamwork"", ""Punctuality""]}"
109,Lead Sales Trainer,Leading a team of professionals in Sales project execution and quality control to ensure business excellence.,"{""years_of_experience"": ""7+ years"", ""education_level"": ""Not Required"", ""technical_skills"": [""Customer Persuasion"", ""Inventory Management""], ""soft_skills"": [""Leadership"", ""Critical Thinking""]}"
110,Head of Sales Trainer,Defining the long-term strategy for Sales departmental growth and vision to ensure business excellence.,"{""years_of_experience"": ""10+ years"", ""education_level"": ""Not Required"", ""technical_skills"": [""Customer Persuasion"", ""Inventory Management""], ""soft_skills"": [""Leadership"", ""Critical Thinking""]}"
111,Junior Floor Supervisor,Assisting in daily tasks and learning Sales operational support to ensure business excellence.,"{""years_of_experience"": ""None"", ""education_level"": ""Not Required"", ""technical_skills"": [""Customer Persuasion"", ""Inventory Management""], ""soft_skills"": [""Teamwork"", ""Punctuality""]}"
112,Assistant Floor Supervisor,Supporting the department with Sales administrative and technical duties to ensure business excellence.,"{""years_of_experience"": ""1-2 years"", ""education_level"": ""Not Required"", ""technical_skills"": [""Customer Persuasion"", ""Inventory Management""], ""soft_skills"": [""Teamwork"", ""Punctuality""]}"
113,Senior Floor Supervisor,Executing high-level Sales independent professional tasks to ensure business excellence.,"{""years_of_experience"": ""5+ years"", ""education_level"": ""Not Required"", ""technical_skills"": [""Customer Persuasion"", ""Inventory Management""], ""soft_skills"": [""Teamwork"", ""Punctuality""]}"
114,Lead Floor Supervisor,Leading a team of professionals in Sales project execution and quality control to ensure business excellence.,"{""years_of_experience"": ""7+ years"", ""education_level"": ""Not Required"", ""technical_skills"": [""Customer Persuasion"", ""Inventory Management""], ""soft_skills"": [""Leadership"", ""Critical Thinking""]}"
115,Head of Floor Supervisor,Defining the long-term strategy for Sales departmental growth and vision to ensure business excellence.,"{""years_of_experience"": ""10+ years"", ""education_level"": ""Not Required"", ""technical_skills"": [""Customer Persuasion"", ""Inventory Management""], ""soft_skills"": [""Leadership"", ""Critical Thinking""]}"
116,Junior Marketing Executive,Assisting in daily tasks and learning Marketing operational support to ensure business excellence.,"{""years_of_experience"": ""None"", ""education_level"": ""Not Required"", ""technical_skills"": [""Office Productivity"", ""Time Management""], ""soft_skills"": [""Teamwork"", ""Punctuality""]}"
117,Assistant Marketing Executive,Supporting the department with Marketing administrative and technical duties to ensure business excellence.,"{""years_of_experience"": ""1-2 years"", ""education_level"": ""Not Required"", ""technical_skills"": [""Office Productivity"", ""Time Management""], ""soft_skills"": [""Teamwork"", ""Punctuality""]}"
118,Senior Marketing Executive,Executing high-level Marketing independent professional tasks to ensure business excellence.,"{""years_of_experience"": ""5+ years"", ""education_level"": ""Not Required"", ""technical_skills"": [""Office Productivity"", ""Time Management""], ""soft_skills"": [""Teamwork"", ""Punctuality""]}"
119,Lead Marketing Executive,Leading a team of professionals in Marketing project execution and quality control to ensure business excellence.,"{""years_of_experience"": ""7+ years"", ""education_level"": ""Not Required"", ""technical_skills"": [""Office Productivity"", ""Time Management""], ""soft_skills"": [""Leadership"", ""Critical Thinking""]}"
120,Head of Marketing Executive,Defining the long-term strategy for Marketing departmental growth and vision to ensure business excellence.,"{""years_of_experience"": ""10+ years"", ""education_level"": ""Not Required"", ""technical_skills"": [""Strategic Planning"", ""Stakeholder Management""], ""soft_skills"": [""Leadership"", ""Critical Thinking""]}"
121,Junior Social Media Manager,Assisting in daily tasks and learning Marketing operational support to ensure business excellence.,"{""years_of_experience"": ""None"", ""education_level"": ""Not Required"", ""technical_skills"": [""Office Productivity"", ""Time Management""], ""soft_skills"": [""Teamwork"", ""Punctuality""]}"
122,Assistant Social Media Manager,Supporting the department with Marketing administrative and technical duties to ensure business excellence.,"{""years_of_experience"": ""1-2 years"", ""education_level"": ""Not Required"", ""technical_skills"": [""Office Productivity"", ""Time Management""], ""soft_skills"": [""Teamwork"", ""Punctuality""]}"
123,Senior Social Media Manager,Executing high-level Marketing independent professional tasks to ensure business excellence.,"{""years_of_experience"": ""5+ years"", ""education_level"": ""Not Required"", ""technical_skills"": [""Office Productivity"", ""Time Management""], ""soft_skills"": [""Teamwork"", ""Punctuality""]}"
124,Lead Social Media Manager,Leading a team of professionals in Marketing project execution and quality control to ensure business excellence.,"{""years_of_experience"": ""7+ years"", ""education_level"": ""Not Required"", ""technical_skills"": [""Office Productivity"", ""Time Management""], ""soft_skills"": [""Leadership"", ""Critical Thinking""]}"
125,Head of Social Media Manager,Defining the long-term strategy for Marketing departmental growth and vision to ensure business excellence.,"{""years_of_experience"": ""10+ years"", ""education_level"": ""Not Required"", ""technical_skills"": [""Strategic Planning"", ""Stakeholder Management""], ""soft_skills"": [""Leadership"", ""Critical Thinking""]}"
126,Junior Content Creator,Assisting in daily tasks and learning Marketing operational support to ensure business excellence.,"{""years_of_experience"": ""None"", ""education_level"": ""Not Required"", ""technical_skills"": [""Office Productivity"", ""Time Management""], ""soft_skills"": [""Teamwork"", ""Punctuality""]}"
127,Assistant Content Creator,Supporting the department with Marketing administrative and technical duties to ensure business excellence.,"{""years_of_experience"": ""1-2 years"", ""education_level"": ""Not Required"", ""technical_skills"": [""Office Productivity"", ""Time Management""], ""soft_skills"": [""Teamwork"", ""Punctuality""]}"
128,Senior Content Creator,Executing high-level Marketing independent professional tasks to ensure business excellence.,"{""years_of_experience"": ""5+ years"", ""education_level"": ""Not Required"", ""technical_skills"": [""Office Productivity"", ""Time Management""], ""soft_skills"": [""Teamwork"", ""Punctuality""]}"
129,Lead Content Creator,Leading a team of professionals in Marketing project execution and quality control to ensure business excellence.,"{""years_of_experience"": ""7+ years"", ""education_level"": ""Not Required"", ""technical_skills"": [""Office Productivity"", ""Time Management""], ""soft_skills"": [""Leadership"", ""Critical Thinking""]}"
130,Head of Content Creator,Defining the long-term strategy for Marketing departmental growth and vision to ensure business excellence.,"{""years_of_experience"": ""10+ years"", ""education_level"": ""Not Required"", ""technical_skills"": [""Strategic Planning"", ""Stakeholder Management""], ""soft_skills"": [""Leadership"", ""Critical Thinking""]}"
131,Junior Media Planner,Assisting in daily tasks and learning Marketing operational support to ensure business excellence.,"{""years_of_experience"": ""None"", ""education_level"": ""Not Required"", ""technical_skills"": [""Office Productivity"", ""Time Management""], ""soft_skills"": [""Teamwork"", ""Punctuality""]}"
132,Assistant Media Planner,Supporting the department with Marketing administrative and technical duties to ensure business excellence.,"{""years_of_experience"": ""1-2 years"", ""education_level"": ""Not Required"", ""technical_skills"": [""Office Productivity"", ""Time Management""], ""soft_skills"": [""Teamwork"", ""Punctuality""]}"
133,Senior Media Planner,Executing high-level Marketing independent professional tasks to ensure business excellence.,"{""years_of_experience"": ""5+ years"", ""education_level"": ""Not Required"", ""technical_skills"": [""Office Productivity"", ""Time Management""], ""soft_skills"": [""Teamwork"", ""Punctuality""]}"
134,Lead Media Planner,Leading a team of professionals in Marketing project execution and quality control to ensure business excellence.,"{""years_of_experience"": ""7+ years"", ""education_level"": ""Not Required"", ""technical_skills"": [""Office Productivity"", ""Time Management""], ""soft_skills"": [""Leadership"", ""Critical Thinking""]}"
135,Head of Media Planner,Defining the long-term strategy for Marketing departmental growth and vision to ensure business excellence.,"{""years_of_experience"": ""10+ years"", ""education_level"": ""Not Required"", ""technical_skills"": [""Strategic Planning"", ""Stakeholder Management""], ""soft_skills"": [""Leadership"", ""Critical Thinking""]}"
136,Junior Delivery Driver,Assisting in daily tasks and learning Transport operational support to ensure business excellence.,"{""years_of_experience"": ""None"", ""education_level"": ""Not Required"", ""technical_skills"": [""Valid License""], ""soft_skills"": [""Teamwork"", ""Punctuality""]}"
137,Assistant Delivery Driver,Supporting the department with Transport administrative and technical duties to ensure business excellence.,"{""years_of_experience"": ""1-2 years"", ""education_level"": ""Not Required"", ""technical_skills"": [""Valid License"", ""Route Optimization""], ""soft_skills"": [""Teamwork"", ""Punctuality""]}"
138,Senior Delivery Driver,Executing high-level Transport independent professional tasks to ensure business excellence.,"{""years_of_experience"": ""5+ years"", ""education_level"": ""Not Required"", ""technical_skills"": [""Valid License"", ""Route Optimization""], ""soft_skills"": [""Teamwork"", ""Punctuality""]}"
139,Lead Delivery Driver,Leading a team of professionals in Transport project execution and quality control to ensure business excellence.,"{""years_of_experience"": ""7+ years"", ""education_level"": ""Not Required"", ""technical_skills"": [""Valid License"", ""Route Optimization""], ""soft_skills"": [""Leadership"", ""Critical Thinking""]}"
140,Head of Delivery Driver,Defining the long-term strategy for Transport departmental growth and vision to ensure business excellence.,"{""years_of_experience"": ""10+ years"", ""education_level"": ""Not Required"", ""technical_skills"": [""Valid License"", ""Route Optimization""], ""soft_skills"": [""Leadership"", ""Critical Thinking""]}"
141,Junior Fleet Coordinator,Assisting in daily tasks and learning Transport operational support to ensure business excellence.,"{""years_of_experience"": ""None"", ""education_level"": ""Not Required"", ""technical_skills"": [""Valid License""], ""soft_skills"": [""Teamwork"", ""Punctuality""]}"
142,Assistant Fleet Coordinator,Supporting the department with Transport administrative and technical duties to ensure business excellence.,"{""years_of_experience"": ""1-2 years"", ""education_level"": ""Not Required"", ""technical_skills"": [""Valid License"", ""Route Optimization""], ""soft_skills"": [""Teamwork"", ""Punctuality""]}"
143,Senior Fleet Coordinator,Executing high-level Transport independent professional tasks to ensure business excellence.,"{""years_of_experience"": ""5+ years"", ""education_level"": ""Not Required"", ""technical_skills"": [""Valid License"", ""Route Optimization""], ""soft_skills"": [""Teamwork"", ""Punctuality""]}"
144,Lead Fleet Coordinator,Leading a team of professionals in Transport project execution and quality control to ensure business excellence.,"{""years_of_experience"": ""7+ years"", ""education_level"": ""Not Required"", ""technical_skills"": [""Valid License"", ""Route Optimization""], ""soft_skills"": [""Leadership"", ""Critical Thinking""]}"
145,Head of Fleet Coordinator,Defining the long-term strategy for Transport departmental growth and vision to ensure business excellence.,"{""years_of_experience"": ""10+ years"", ""education_level"": ""Not Required"", ""technical_skills"": [""Valid License"", ""Route Optimization""], ""soft_skills"": [""Leadership"", ""Critical Thinking""]}"
146,Junior Route Planner,Assisting in daily tasks and learning Transport operational support to ensure business excellence.,"{""years_of_experience"": ""None"", ""education_level"": ""Not Required"", ""technical_skills"": [""Valid License""], ""soft_skills"": [""Teamwork"", ""Punctuality""]}"
147,Assistant Route Planner,Supporting the department with Transport administrative and technical duties to ensure business excellence.,"{""years_of_experience"": ""1-2 years"", ""education_level"": ""Not Required"", ""technical_skills"": [""Valid License"", ""Route Optimization""], ""soft_skills"": [""Teamwork"", ""Punctuality""]}"
148,Senior Route Planner,Executing high-level Transport independent professional tasks to ensure business excellence.,"{""years_of_experience"": ""5+ years"", ""education_level"": ""Not Required"", ""technical_skills"": [""Valid License"", ""Route Optimization""], ""soft_skills"": [""Teamwork"", ""Punctuality""]}"
149,Lead Route Planner,Leading a team of professionals in Transport project execution and quality control to ensure business excellence.,"{""years_of_experience"": ""7+ years"", ""education_level"": ""Not Required"", ""technical_skills"": [""Valid License"", ""Route Optimization""], ""soft_skills"": [""Leadership"", ""Critical Thinking""]}"
150,Head of Route Planner,Defining the long-term strategy for Transport departmental growth and vision to ensure business excellence.,"{""years_of_experience"": ""10+ years"", ""education_level"": ""Not Required"", ""technical_skills"": [""Valid License"", ""Route Optimization""], ""soft_skills"": [""Leadership"", ""Critical Thinking""]}"
151,Junior Accountant,Assisting in daily tasks and learning Finance Legal operational support to ensure business excellence.,"{""years_of_experience"": ""None"", ""education_level"": ""High School Diploma"", ""technical_skills"": [""Financial Reporting"", ""ERP Systems""], ""soft_skills"": [""Teamwork"", ""Punctuality""]}"
152,Assistant Accountant,Supporting the department with Finance Legal administrative and technical duties to ensure business excellence.,"{""years_of_experience"": ""1-2 years"", ""education_level"": ""Relevant Course/Certification"", ""technical_skills"": [""Financial Reporting"", ""ERP Systems""], ""soft_skills"": [""Teamwork"", ""Punctuality""]}"
153,Senior Accountant,Executing high-level Finance Legal independent professional tasks to ensure business excellence.,"{""years_of_experience"": ""5+ years"", ""education_level"": ""Bachelor's Degree"", ""technical_skills"": [""Financial Reporting"", ""ERP Systems""], ""soft_skills"": [""Teamwork"", ""Punctuality""]}"
154,Lead Accountant,Leading a team of professionals in Finance Legal project execution and quality control to ensure business excellence.,"{""years_of_experience"": ""7+ years"", ""education_level"": ""Bachelor's Degree"", ""technical_skills"": [""Financial Reporting"", ""ERP Systems""], ""soft_skills"": [""Leadership"", ""Critical Thinking""]}"
155,Head of Accountant,Defining the long-term strategy for Finance Legal departmental growth and vision to ensure business excellence.,"{""years_of_experience"": ""10+ years"", ""education_level"": ""Master's Degree / MBA"", ""technical_skills"": [""Financial Reporting"", ""ERP Systems""], ""soft_skills"": [""Leadership"", ""Critical Thinking""]}"
156,Junior Financial Controller,Assisting in daily tasks and learning Finance Legal operational support to ensure business excellence.,"{""years_of_experience"": ""None"", ""education_level"": ""High School Diploma"", ""technical_skills"": [""Financial Reporting"", ""ERP Systems""], ""soft_skills"": [""Teamwork"", ""Punctuality""]}"
157,Assistant Financial Controller,Supporting the department with Finance Legal administrative and technical duties to ensure business excellence.,"{""years_of_experience"": ""1-2 years"", ""education_level"": ""Relevant Course/Certification"", ""technical_skills"": [""Financial Reporting"", ""ERP Systems""], ""soft_skills"": [""Teamwork"", ""Punctuality""]}"
158,Senior Financial Controller,Executing high-level Finance Legal independent professional tasks to ensure business excellence.,"{""years_of_experience"": ""5+ years"", ""education_level"": ""Bachelor's Degree"", ""technical_skills"": [""Financial Reporting"", ""ERP Systems""], ""soft_skills"": [""Teamwork"", ""Punctuality""]}"
159,Lead Financial Controller,Leading a team of professionals in Finance Legal project execution and quality control to ensure business excellence.,"{""years_of_experience"": ""7+ years"", ""education_level"": ""Bachelor's Degree"", ""technical_skills"": [""Financial Reporting"", ""ERP Systems""], ""soft_skills"": [""Leadership"", ""Critical Thinking""]}"
160,Head of Financial Controller,Defining the long-term strategy for Finance Legal departmental growth and vision to ensure business excellence.,"{""years_of_experience"": ""10+ years"", ""education_level"": ""Master's Degree / MBA"", ""technical_skills"": [""Financial Reporting"", ""ERP Systems""], ""soft_skills"": [""Leadership"", ""Critical Thinking""]}"
161,Junior Company Lawyer,Assisting in daily tasks and learning Finance Legal operational support to ensure business excellence.,"{""years_of_experience"": ""None"", ""education_level"": ""High School Diploma"", ""technical_skills"": [""Legal Compliance"", ""Contract Law""], ""soft_skills"": [""Teamwork"", ""Punctuality""]}"
162,Assistant Company Lawyer,Supporting the department with Finance Legal administrative and technical duties to ensure business excellence.,"{""years_of_experience"": ""1-2 years"", ""education_level"": ""Relevant Course/Certification"", ""technical_skills"": [""Legal Compliance"", ""Contract Law""], ""soft_skills"": [""Teamwork"", ""Punctuality""]}"
163,Senior Company Lawyer,Executing high-level Finance Legal independent professional tasks to ensure business excellence.,"{""years_of_experience"": ""5+ years"", ""education_level"": ""Bachelor's Degree"", ""technical_skills"": [""Legal Compliance"", ""Contract Law""], ""soft_skills"": [""Teamwork"", ""Punctuality""]}"
164,Lead Company Lawyer,Leading a team of professionals in Finance Legal project execution and quality control to ensure business excellence.,"{""years_of_experience"": ""7+ years"", ""education_level"": ""Bachelor's Degree"", ""technical_skills"": [""Legal Compliance"", ""Contract Law""], ""soft_skills"": [""Leadership"", ""Critical Thinking""]}"
165,Head of Company Lawyer,Defining the long-term strategy for Finance Legal departmental growth and vision to ensure business excellence.,"{""years_of_experience"": ""10+ years"", ""education_level"": ""Master's Degree / MBA"", ""technical_skills"": [""Legal Compliance"", ""Contract Law""], ""soft_skills"": [""Leadership"", ""Critical Thinking""]}"
166,Junior Legal Consultant,Assisting in daily tasks and learning Finance Legal operational support to ensure business excellence.,"{""years_of_experience"": ""None"", ""education_level"": ""High School Diploma"", ""technical_skills"": [""Financial Reporting"", ""ERP Systems""], ""soft_skills"": [""Teamwork"", ""Punctuality""]}"
167,Assistant Legal Consultant,Supporting the department with Finance Legal administrative and technical duties to ensure business excellence.,"{""years_of_experience"": ""1-2 years"", ""education_level"": ""Relevant Course/Certification"", ""technical_skills"": [""Financial Reporting"", ""ERP Systems""], ""soft_skills"": [""Teamwork"", ""Punctuality""]}"
168,Senior Legal Consultant,Executing high-level Finance Legal independent professional tasks to ensure business excellence.,"{""years_of_experience"": ""5+ years"", ""education_level"": ""Bachelor's Degree"", ""technical_skills"": [""Financial Reporting"", ""ERP Systems""], ""soft_skills"": [""Teamwork"", ""Punctuality""]}"
169,Lead Legal Consultant,Leading a team of professionals in Finance Legal project execution and quality control to ensure business excellence.,"{""years_of_experience"": ""7+ years"", ""education_level"": ""Bachelor's Degree"", ""technical_skills"": [""Financial Reporting"", ""ERP Systems""], ""soft_skills"": [""Leadership"", ""Critical Thinking""]}"
170,Head of Legal Consultant,Defining the long-term strategy for Finance Legal departmental growth and vision to ensure business excellence.,"{""years_of_experience"": ""10+ years"", ""education_level"": ""Master's Degree / MBA"", ""technical_skills"": [""Financial Reporting"", ""ERP Systems""], ""soft_skills"": [""Leadership"", ""Critical Thinking""]}"
171,Junior Bookkeeper,Assisting in daily tasks and learning Finance Legal operational support to ensure business excellence.,"{""years_of_experience"": ""None"", ""education_level"": ""High School Diploma"", ""technical_skills"": [""Financial Reporting"", ""ERP Systems""], ""soft_skills"": [""Teamwork"", ""Punctuality""]}"
172,Assistant Bookkeeper,Supporting the department with Finance Legal administrative and technical duties to ensure business excellence.,"{""years_of_experience"": ""1-2 years"", ""education_level"": ""Relevant Course/Certification"", ""technical_skills"": [""Financial Reporting"", ""ERP Systems""], ""soft_skills"": [""Teamwork"", ""Punctuality""]}"
173,Senior Bookkeeper,Executing high-level Finance Legal independent professional tasks to ensure business excellence.,"{""years_of_experience"": ""5+ years"", ""education_level"": ""Bachelor's Degree"", ""technical_skills"": [""Financial Reporting"", ""ERP Systems""], ""soft_skills"": [""Teamwork"", ""Punctuality""]}"
174,Lead Bookkeeper,Leading a team of professionals in Finance Legal project execution and quality control to ensure business excellence.,"{""years_of_experience"": ""7+ years"", ""education_level"": ""Bachelor's Degree"", ""technical_skills"": [""Financial Reporting"", ""ERP Systems""], ""soft_skills"": [""Leadership"", ""Critical Thinking""]}"
175,Head of Bookkeeper,Defining the long-term strategy for Finance Legal departmental growth and vision to ensure business excellence.,"{""years_of_experience"": ""10+ years"", ""education_level"": ""Master's Degree / MBA"", ""technical_skills"": [""Financial Reporting"", ""ERP Systems""], ""soft_skills"": [""Leadership"", ""Critical Thinking""]}"
176,Junior Shoe Designer,Assisting in daily tasks and learning Design operational support to ensure business excellence.,"{""years_of_experience"": ""None"", ""education_level"": ""High School Diploma"", ""technical_skills"": [""Adobe Creative Suite"", ""Trend Analysis""], ""soft_skills"": [""Teamwork"", ""Punctuality""]}"
177,Assistant Shoe Designer,Supporting the department with Design administrative and technical duties to ensure business excellence.,"{""years_of_experience"": ""1-2 years"", ""education_level"": ""Relevant Course/Certification"", ""technical_skills"": [""Adobe Creative Suite"", ""Trend Analysis""], ""soft_skills"": [""Teamwork"", ""Punctuality""]}"
178,Senior Shoe Designer,Executing high-level Design independent professional tasks to ensure business excellence.,"{""years_of_experience"": ""5+ years"", ""education_level"": ""Bachelor's Degree"", ""technical_skills"": [""Adobe Creative Suite"", ""Trend Analysis""], ""soft_skills"": [""Teamwork"", ""Punctuality""]}"
179,Lead Shoe Designer,Leading a team of professionals in Design project execution and quality control to ensure business excellence.,"{""years_of_experience"": ""7+ years"", ""education_level"": ""Bachelor's Degree"", ""technical_skills"": [""Adobe Creative Suite"", ""Trend Analysis""], ""soft_skills"": [""Leadership"", ""Critical Thinking""]}"
180,Head of Shoe Designer,Defining the long-term strategy for Design departmental growth and vision to ensure business excellence.,"{""years_of_experience"": ""10+ years"", ""education_level"": ""Master's Degree / MBA"", ""technical_skills"": [""Adobe Creative Suite"", ""Trend Analysis""], ""soft_skills"": [""Leadership"", ""Critical Thinking""]}"
181,Junior Pattern Maker,Assisting in daily tasks and learning Design operational support to ensure business excellence.,"{""years_of_experience"": ""None"", ""education_level"": ""High School Diploma"", ""technical_skills"": [""Adobe Creative Suite"", ""Trend Analysis""], ""soft_skills"": [""Teamwork"", ""Punctuality""]}"
182,Assistant Pattern Maker,Supporting the department with Design administrative and technical duties to ensure business excellence.,"{""years_of_experience"": ""1-2 years"", ""education_level"": ""Relevant Course/Certification"", ""technical_skills"": [""Adobe Creative Suite"", ""Trend Analysis""], ""soft_skills"": [""Teamwork"", ""Punctuality""]}"
183,Senior Pattern Maker,Executing high-level Design independent professional tasks to ensure business excellence.,"{""years_of_experience"": ""5+ years"", ""education_level"": ""Bachelor's Degree"", ""technical_skills"": [""Adobe Creative Suite"", ""Trend Analysis""], ""soft_skills"": [""Teamwork"", ""Punctuality""]}"
184,Lead Pattern Maker,Leading a team of professionals in Design project execution and quality control to ensure business excellence.,"{""years_of_experience"": ""7+ years"", ""education_level"": ""Bachelor's Degree"", ""technical_skills"": [""Adobe Creative Suite"", ""Trend Analysis""], ""soft_skills"": [""Leadership"", ""Critical Thinking""]}"
185,Head of Pattern Maker,Defining the long-term strategy for Design departmental growth and vision to ensure business excellence.,"{""years_of_experience"": ""10+ years"", ""education_level"": ""Master's Degree / MBA"", ""technical_skills"": [""Adobe Creative Suite"", ""Trend Analysis""], ""soft_skills"": [""Leadership"", ""Critical Thinking""]}"
186,Junior Material Specialist,Assisting in daily tasks and learning Design operational support to ensure business excellence.,"{""years_of_experience"": ""None"", ""education_level"": ""High School Diploma"", ""technical_skills"": [""Adobe Creative Suite"", ""Trend Analysis""], ""soft_skills"": [""Teamwork"", ""Punctuality""]}"
187,Assistant Material Specialist,Supporting the department with Design administrative and technical duties to ensure business excellence.,"{""years_of_experience"": ""1-2 years"", ""education_level"": ""Relevant Course/Certification"", ""technical_skills"": [""Adobe Creative Suite"", ""Trend Analysis""], ""soft_skills"": [""Teamwork"", ""Punctuality""]}"
188,Senior Material Specialist,Executing high-level Design independent professional tasks to ensure business excellence.,"{""years_of_experience"": ""5+ years"", ""education_level"": ""Bachelor's Degree"", ""technical_skills"": [""Adobe Creative Suite"", ""Trend Analysis""], ""soft_skills"": [""Teamwork"", ""Punctuality""]}"
189,Lead Material Specialist,Leading a team of professionals in Design project execution and quality control to ensure business excellence.,"{""years_of_experience"": ""7+ years"", ""education_level"": ""Bachelor's Degree"", ""technical_skills"": [""Adobe Creative Suite"", ""Trend Analysis""], ""soft_skills"": [""Leadership"", ""Critical Thinking""]}"
190,Head of Material Specialist,Defining the long-term strategy for Design departmental growth and vision to ensure business excellence.,"{""years_of_experience"": ""10+ years"", ""education_level"": ""Master's Degree / MBA"", ""technical_skills"": [""Adobe Creative Suite"", ""Trend Analysis""], ""soft_skills"": [""Leadership"", ""Critical Thinking""]}"
191,Junior Creative Director,Assisting in daily tasks and learning Design operational support to ensure business excellence.,"{""years_of_experience"": ""None"", ""education_level"": ""High School Diploma"", ""technical_skills"": [""Adobe Creative Suite"", ""Trend Analysis""], ""soft_skills"": [""Teamwork"", ""Punctuality""]}"
192,Assistant Creative Director,Supporting the department with Design administrative and technical duties to ensure business excellence.,"{""years_of_experience"": ""1-2 years"", ""education_level"": ""Relevant Course/Certification"", ""technical_skills"": [""Adobe Creative Suite"", ""Trend Analysis""], ""soft_skills"": [""Teamwork"", ""Punctuality""]}"
193,Senior Creative Director,Executing high-level Design independent professional tasks to ensure business excellence.,"{""years_of_experience"": ""5+ years"", ""education_level"": ""Bachelor's Degree"", ""technical_skills"": [""Adobe Creative Suite"", ""Trend Analysis""], ""soft_skills"": [""Teamwork"", ""Punctuality""]}"
194,Lead Creative Director,Leading a team of professionals in Design project execution and quality control to ensure business excellence.,"{""years_of_experience"": ""7+ years"", ""education_level"": ""Bachelor's Degree"", ""technical_skills"": [""Adobe Creative Suite"", ""Trend Analysis""], ""soft_skills"": [""Leadership"", ""Critical Thinking""]}"
195,Head of Creative Director,Defining the long-term strategy for Design departmental growth and vision to ensure business excellence.,"{""years_of_experience"": ""10+ years"", ""education_level"": ""Master's Degree / MBA"", ""technical_skills"": [""Adobe Creative Suite"", ""Trend Analysis""], ""soft_skills"": [""Leadership"", ""Critical Thinking""]}"
196,Junior Store Guard,Assisting in daily tasks and learning Security operational support to ensure business excellence.,"{""years_of_experience"": ""None"", ""education_level"": ""Not Required"", ""technical_skills"": [""Emergency Response"", ""Surveillance Systems""], ""soft_skills"": [""Teamwork"", ""Punctuality""]}"
197,Assistant Store Guard,Supporting the department with Security administrative and technical duties to ensure business excellence.,"{""years_of_experience"": ""1-2 years"", ""education_level"": ""Not Required"", ""technical_skills"": [""Emergency Response"", ""Surveillance Systems""], ""soft_skills"": [""Teamwork"", ""Punctuality""]}"
198,Senior Store Guard,Executing high-level Security independent professional tasks to ensure business excellence.,"{""years_of_experience"": ""5+ years"", ""education_level"": ""Not Required"", ""technical_skills"": [""Emergency Response"", ""Surveillance Systems""], ""soft_skills"": [""Teamwork"", ""Punctuality""]}"
199,Lead Store Guard,Leading a team of professionals in Security project execution and quality control to ensure business excellence.,"{""years_of_experience"": ""7+ years"", ""education_level"": ""Not Required"", ""technical_skills"": [""Emergency Response"", ""Surveillance Systems""], ""soft_skills"": [""Leadership"", ""Critical Thinking""]}"
200,Head of Store Guard,Defining the long-term strategy for Security departmental growth and vision to ensure business excellence.,"{""years_of_experience"": ""10+ years"", ""education_level"": ""Not Required"", ""technical_skills"": [""Emergency Response"", ""Surveillance Systems""], ""soft_skills"": [""Leadership"", ""Critical Thinking""]}"
201,Junior Security Supervisor,Assisting in daily tasks and learning Security operational support to ensure business excellence.,"{""years_of_experience"": ""None"", ""education_level"": ""Not Required"", ""technical_skills"": [""Emergency Response"", ""Surveillance Systems""], ""soft_skills"": [""Teamwork"", ""Punctuality""]}"
202,Assistant Security Supervisor,Supporting the department with Security administrative and technical duties to ensure business excellence.,"{""years_of_experience"": ""1-2 years"", ""education_level"": ""Not Required"", ""technical_skills"": [""Emergency Response"", ""Surveillance Systems""], ""soft_skills"": [""Teamwork"", ""Punctuality""]}"
203,Senior Security Supervisor,Executing high-level Security independent professional tasks to ensure business excellence.,"{""years_of_experience"": ""5+ years"", ""education_level"": ""Not Required"", ""technical_skills"": [""Emergency Response"", ""Surveillance Systems""], ""soft_skills"": [""Teamwork"", ""Punctuality""]}"
204,Lead Security Supervisor,Leading a team of professionals in Security project execution and quality control to ensure business excellence.,"{""years_of_experience"": ""7+ years"", ""education_level"": ""Not Required"", ""technical_skills"": [""Emergency Response"", ""Surveillance Systems""], ""soft_skills"": [""Leadership"", ""Critical Thinking""]}"
205,Head of Security Supervisor,Defining the long-term strategy for Security departmental growth and vision to ensure business excellence.,"{""years_of_experience"": ""10+ years"", ""education_level"": ""Not Required"", ""technical_skills"": [""Emergency Response"", ""Surveillance Systems""], ""soft_skills"": [""Leadership"", ""Critical Thinking""]}"
206,Junior Loss Prevention Specialist,Assisting in daily tasks and learning Security operational support to ensure business excellence.,"{""years_of_experience"": ""None"", ""education_level"": ""Not Required"", ""technical_skills"": [""Emergency Response"", ""Surveillance Systems""], ""soft_skills"": [""Teamwork"", ""Punctuality""]}"
207,Assistant Loss Prevention Specialist,Supporting the department with Security administrative and technical duties to ensure business excellence.,"{""years_of_experience"": ""1-2 years"", ""education_level"": ""Not Required"", ""technical_skills"": [""Emergency Response"", ""Surveillance Systems""], ""soft_skills"": [""Teamwork"", ""Punctuality""]}"
208,Senior Loss Prevention Specialist,Executing high-level Security independent professional tasks to ensure business excellence.,"{""years_of_experience"": ""5+ years"", ""education_level"": ""Not Required"", ""technical_skills"": [""Emergency Response"", ""Surveillance Systems""], ""soft_skills"": [""Teamwork"", ""Punctuality""]}"
209,Lead Loss Prevention Specialist,Leading a team of professionals in Security project execution and quality control to ensure business excellence.,"{""years_of_experience"": ""7+ years"", ""education_level"": ""Not Required"", ""technical_skills"": [""Emergency Response"", ""Surveillance Systems""], ""soft_skills"": [""Leadership"", ""Critical Thinking""]}"
210,Head of Loss Prevention Specialist,Defining the long-term strategy for Security departmental growth and vision to ensure business excellence.,"{""years_of_experience"": ""10+ years"", ""education_level"": ""Not Required"", ""technical_skills"": [""Emergency Response"", ""Surveillance Systems""], ""soft_skills"": [""Leadership"", ""Critical Thinking""]}"
211,Junior Area Manager,Assisting in daily tasks and learning Management operational support to ensure business excellence.,"{""years_of_experience"": ""None"", ""education_level"": ""High School Diploma"", ""technical_skills"": [""Office Productivity"", ""Time Management""], ""soft_skills"": [""Teamwork"", ""Punctuality""]}"
212,Assistant Area Manager,Supporting the department with Management administrative and technical duties to ensure business excellence.,"{""years_of_experience"": ""1-2 years"", ""education_level"": ""Relevant Course/Certification"", ""technical_skills"": [""Office Productivity"", ""Time Management""], ""soft_skills"": [""Teamwork"", ""Punctuality""]}"
213,Senior Area Manager,Executing high-level Management independent professional tasks to ensure business excellence.,"{""years_of_experience"": ""5+ years"", ""education_level"": ""Bachelor's Degree"", ""technical_skills"": [""Office Productivity"", ""Time Management""], ""soft_skills"": [""Teamwork"", ""Punctuality""]}"
214,Lead Area Manager,Leading a team of professionals in Management project execution and quality control to ensure business excellence.,"{""years_of_experience"": ""7+ years"", ""education_level"": ""Bachelor's Degree"", ""technical_skills"": [""Office Productivity"", ""Time Management""], ""soft_skills"": [""Leadership"", ""Critical Thinking""]}"
215,Head of Area Manager,Defining the long-term strategy for Management departmental growth and vision to ensure business excellence.,"{""years_of_experience"": ""10+ years"", ""education_level"": ""Master's Degree / MBA"", ""technical_skills"": [""Strategic Planning"", ""Stakeholder Management""], ""soft_skills"": [""Leadership"", ""Critical Thinking""]}"
216,Junior District Supervisor,Assisting in daily tasks and learning Management operational support to ensure business excellence.,"{""years_of_experience"": ""None"", ""education_level"": ""High School Diploma"", ""technical_skills"": [""Office Productivity"", ""Time Management""], ""soft_skills"": [""Teamwork"", ""Punctuality""]}"
217,Assistant District Supervisor,Supporting the department with Management administrative and technical duties to ensure business excellence.,"{""years_of_experience"": ""1-2 years"", ""education_level"": ""Relevant Course/Certification"", ""technical_skills"": [""Office Productivity"", ""Time Management""], ""soft_skills"": [""Teamwork"", ""Punctuality""]}"
218,Senior District Supervisor,Executing high-level Management independent professional tasks to ensure business excellence.,"{""years_of_experience"": ""5+ years"", ""education_level"": ""Bachelor's Degree"", ""technical_skills"": [""Office Productivity"", ""Time Management""], ""soft_skills"": [""Teamwork"", ""Punctuality""]}"
219,Lead District Supervisor,Leading a team of professionals in Management project execution and quality control to ensure business excellence.,"{""years_of_experience"": ""7+ years"", ""education_level"": ""Bachelor's Degree"", ""technical_skills"": [""Office Productivity"", ""Time Management""], ""soft_skills"": [""Leadership"", ""Critical Thinking""]}"
220,Head of District Supervisor,Defining the long-term strategy for Management departmental growth and vision to ensure business excellence.,"{""years_of_experience"": ""10+ years"", ""education_level"": ""Master's Degree / MBA"", ""technical_skills"": [""Strategic Planning"", ""Stakeholder Management""], ""soft_skills"": [""Leadership"", ""Critical Thinking""]}"
221,Junior Regional Operations Director,Assisting in daily tasks and learning Management operational support to ensure business excellence.,"{""years_of_experience"": ""None"", ""education_level"": ""High School Diploma"", ""technical_skills"": [""Office Productivity"", ""Time Management""], ""soft_skills"": [""Teamwork"", ""Punctuality""]}"
222,Assistant Regional Operations Director,Supporting the department with Management administrative and technical duties to ensure business excellence.,"{""years_of_experience"": ""1-2 years"", ""education_level"": ""Relevant Course/Certification"", ""technical_skills"": [""Office Productivity"", ""Time Management""], ""soft_skills"": [""Teamwork"", ""Punctuality""]}"
223,Senior Regional Operations Director,Executing high-level Management independent professional tasks to ensure business excellence.,"{""years_of_experience"": ""5+ years"", ""education_level"": ""Bachelor's Degree"", ""technical_skills"": [""Office Productivity"", ""Time Management""], ""soft_skills"": [""Teamwork"", ""Punctuality""]}"
224,Lead Regional Operations Director,Leading a team of professionals in Management project execution and quality control to ensure business excellence.,"{""years_of_experience"": ""7+ years"", ""education_level"": ""Bachelor's Degree"", ""technical_skills"": [""Office Productivity"", ""Time Management""], ""soft_skills"": [""Leadership"", ""Critical Thinking""]}"
225,Head of Regional Operations Director,Defining the long-term strategy for Management departmental growth and vision to ensure business excellence.,"{""years_of_experience"": ""10+ years"", ""education_level"": ""Master's Degree / MBA"", ""technical_skills"": [""Strategic Planning"", ""Stakeholder Management""], ""soft_skills"": [""Leadership"", ""Critical Thinking""]}"
226,Junior Product Manager,Assisting in daily tasks and learning Management operational support to ensure business excellence.,"{""years_of_experience"": ""None"", ""education_level"": ""High School Diploma"", ""technical_skills"": [""Office Productivity"", ""Time Management""], ""soft_skills"": [""Teamwork"", ""Punctuality""]}"
227,Assistant Product Manager,Supporting the department with Management administrative and technical duties to ensure business excellence.,"{""years_of_experience"": ""1-2 years"", ""education_level"": ""Relevant Course/Certification"", ""technical_skills"": [""Office Productivity"", ""Time Management""], ""soft_skills"": [""Teamwork"", ""Punctuality""]}"
228,Senior Product Manager,Executing high-level Management independent professional tasks to ensure business excellence.,"{""years_of_experience"": ""5+ years"", ""education_level"": ""Bachelor's Degree"", ""technical_skills"": [""Office Productivity"", ""Time Management""], ""soft_skills"": [""Teamwork"", ""Punctuality""]}"
229,Lead Product Manager,Leading a team of professionals in Management project execution and quality control to ensure business excellence.,"{""years_of_experience"": ""7+ years"", ""education_level"": ""Bachelor's Degree"", ""technical_skills"": [""Office Productivity"", ""Time Management""], ""soft_skills"": [""Leadership"", ""Critical Thinking""]}"
230,Head of Product Manager,Defining the long-term strategy for Management departmental growth and vision to ensure business excellence.,"{""years_of_experience"": ""10+ years"", ""education_level"": ""Master's Degree / MBA"", ""technical_skills"": [""Strategic Planning"", ""Stakeholder Management""], ""soft_skills"": [""Leadership"", ""Critical Thinking""]}"
231,Junior HR Manager,Assisting in daily tasks and learning HR operational support to ensure business excellence.,"{""years_of_experience"": ""None"", ""education_level"": ""High School Diploma"", ""technical_skills"": [""Office Productivity"", ""Time Management""], ""soft_skills"": [""Teamwork"", ""Punctuality""]}"
232,Assistant HR Manager,Supporting the department with HR administrative and technical duties to ensure business excellence.,"{""years_of_experience"": ""1-2 years"", ""education_level"": ""Relevant Course/Certification"", ""technical_skills"": [""Office Productivity"", ""Time Management""], ""soft_skills"": [""Teamwork"", ""Punctuality""]}"
233,Senior HR Manager,Executing high-level HR independent professional tasks to ensure business excellence.,"{""years_of_experience"": ""5+ years"", ""education_level"": ""Bachelor's Degree"", ""technical_skills"": [""Office Productivity"", ""Time Management""], ""soft_skills"": [""Teamwork"", ""Punctuality""]}"
234,Lead HR Manager,Leading a team of professionals in HR project execution and quality control to ensure business excellence.,"{""years_of_experience"": ""7+ years"", ""education_level"": ""Bachelor's Degree"", ""technical_skills"": [""Office Productivity"", ""Time Management""], ""soft_skills"": [""Leadership"", ""Critical Thinking""]}"
235,Head of HR Manager,Defining the long-term strategy for HR departmental growth and vision to ensure business excellence.,"{""years_of_experience"": ""10+ years"", ""education_level"": ""Master's Degree / MBA"", ""technical_skills"": [""Strategic Planning"", ""Stakeholder Management""], ""soft_skills"": [""Leadership"", ""Critical Thinking""]}"
236,Junior HR Specialist,Assisting in daily tasks and learning HR operational support to ensure business excellence.,"{""years_of_experience"": ""None"", ""education_level"": ""High School Diploma"", ""technical_skills"": [""Office Productivity"", ""Time Management""], ""soft_skills"": [""Teamwork"", ""Punctuality""]}"
237,Assistant HR Specialist,Supporting the department with HR administrative and technical duties to ensure business excellence.,"{""years_of_experience"": ""1-2 years"", ""education_level"": ""Relevant Course/Certification"", ""technical_skills"": [""Office Productivity"", ""Time Management""], ""soft_skills"": [""Teamwork"", ""Punctuality""]}"
238,Senior HR Specialist,Executing high-level HR independent professional tasks to ensure business excellence.,"{""years_of_experience"": ""5+ years"", ""education_level"": ""Bachelor's Degree"", ""technical_skills"": [""Office Productivity"", ""Time Management""], ""soft_skills"": [""Teamwork"", ""Punctuality""]}"
239,Lead HR Specialist,Leading a team of professionals in HR project execution and quality control to ensure business excellence.,"{""years_of_experience"": ""7+ years"", ""education_level"": ""Bachelor's Degree"", ""technical_skills"": [""Office Productivity"", ""Time Management""], ""soft_skills"": [""Leadership"", ""Critical Thinking""]}"
240,Head of HR Specialist,Defining the long-term strategy for HR departmental growth and vision to ensure business excellence.,"{""years_of_experience"": ""10+ years"", ""education_level"": ""Master's Degree / MBA"", ""technical_skills"": [""Strategic Planning"", ""Stakeholder Management""], ""soft_skills"": [""Leadership"", ""Critical Thinking""]}"
241,Junior Recruitment Officer,Assisting in daily tasks and learning HR operational support to ensure business excellence.,"{""years_of_experience"": ""None"", ""education_level"": ""High School Diploma"", ""technical_skills"": [""Office Productivity"", ""Time Management""], ""soft_skills"": [""Teamwork"", ""Punctuality""]}"
242,Assistant Recruitment Officer,Supporting the department with HR administrative and technical duties to ensure business excellence.,"{""years_of_experience"": ""1-2 years"", ""education_level"": ""Relevant Course/Certification"", ""technical_skills"": [""Office Productivity"", ""Time Management""], ""soft_skills"": [""Teamwork"", ""Punctuality""]}"
243,Senior Recruitment Officer,Executing high-level HR independent professional tasks to ensure business excellence.,"{""years_of_experience"": ""5+ years"", ""education_level"": ""Bachelor's Degree"", ""technical_skills"": [""Office Productivity"", ""Time Management""], ""soft_skills"": [""Teamwork"", ""Punctuality""]}"
244,Lead Recruitment Officer,Leading a team of professionals in HR project execution and quality control to ensure business excellence.,"{""years_of_experience"": ""7+ years"", ""education_level"": ""Bachelor's Degree"", ""technical_skills"": [""Office Productivity"", ""Time Management""], ""soft_skills"": [""Leadership"", ""Critical Thinking""]}"
245,Head of Recruitment Officer,Defining the long-term strategy for HR departmental growth and vision to ensure business excellence.,"{""years_of_experience"": ""10+ years"", ""education_level"": ""Master's Degree / MBA"", ""technical_skills"": [""Strategic Planning"", ""Stakeholder Management""], ""soft_skills"": [""Leadership"", ""Critical Thinking""]}"
246,Junior Welfare Coordinator,Assisting in daily tasks and learning HR operational support to ensure business excellence.,"{""years_of_experience"": ""None"", ""education_level"": ""High School Diploma"", ""technical_skills"": [""Office Productivity"", ""Time Management""], ""soft_skills"": [""Teamwork"", ""Punctuality""]}"
247,Assistant Welfare Coordinator,Supporting the department with HR administrative and technical duties to ensure business excellence.,"{""years_of_experience"": ""1-2 years"", ""education_level"": ""Relevant Course/Certification"", ""technical_skills"": [""Office Productivity"", ""Time Management""], ""soft_skills"": [""Teamwork"", ""Punctuality""]}"
248,Senior Welfare Coordinator,Executing high-level HR independent professional tasks to ensure business excellence.,"{""years_of_experience"": ""5+ years"", ""education_level"": ""Bachelor's Degree"", ""technical_skills"": [""Office Productivity"", ""Time Management""], ""soft_skills"": [""Teamwork"", ""Punctuality""]}"
249,Lead Welfare Coordinator,Leading a team of professionals in HR project execution and quality control to ensure business excellence.,"{""years_of_experience"": ""7+ years"", ""education_level"": ""Bachelor's Degree"", ""technical_skills"": [""Office Productivity"", ""Time Management""], ""soft_skills"": [""Leadership"", ""Critical Thinking""]}"
250,Head of Welfare Coordinator,Defining the long-term strategy for HR departmental growth and vision to ensure business excellence.,"{""years_of_experience"": ""10+ years"", ""education_level"": ""Master's Degree / MBA"", ""technical_skills"": [""Strategic Planning"", ""Stakeholder Management""], ""soft_skills"": [""Leadership"", ""Critical Thinking""]}"
251,Junior Payroll Admin,Assisting in daily tasks and learning HR operational support to ensure business excellence.,"{""years_of_experience"": ""None"", ""education_level"": ""High School Diploma"", ""technical_skills"": [""Office Productivity"", ""Time Management""], ""soft_skills"": [""Teamwork"", ""Punctuality""]}"
252,Assistant Payroll Admin,Supporting the department with HR administrative and technical duties to ensure business excellence.,"{""years_of_experience"": ""1-2 years"", ""education_level"": ""Relevant Course/Certification"", ""technical_skills"": [""Office Productivity"", ""Time Management""], ""soft_skills"": [""Teamwork"", ""Punctuality""]}"
253,Senior Payroll Admin,Executing high-level HR independent professional tasks to ensure business excellence.,"{""years_of_experience"": ""5+ years"", ""education_level"": ""Bachelor's Degree"", ""technical_skills"": [""Office Productivity"", ""Time Management""], ""soft_skills"": [""Teamwork"", ""Punctuality""]}"
254,Lead Payroll Admin,Leading a team of professionals in HR project execution and quality control to ensure business excellence.,"{""years_of_experience"": ""7+ years"", ""education_level"": ""Bachelor's Degree"", ""technical_skills"": [""Office Productivity"", ""Time Management""], ""soft_skills"": [""Leadership"", ""Critical Thinking""]}"
255,Head of Payroll Admin,Defining the long-term strategy for HR departmental growth and vision to ensure business excellence.,"{""years_of_experience"": ""10+ years"", ""education_level"": ""Master's Degree / MBA"", ""technical_skills"": [""Strategic Planning"", ""Stakeholder Management""], ""soft_skills"": [""Leadership"", ""Critical Thinking""]}"
256,Junior Support Agent,Assisting in daily tasks and learning Customer Service operational support to ensure business excellence.,"{""years_of_experience"": ""None"", ""education_level"": ""Not Required"", ""technical_skills"": [""Office Productivity"", ""Time Management""], ""soft_skills"": [""Teamwork"", ""Punctuality""]}"
257,Assistant Support Agent,Supporting the department with Customer Service administrative and technical duties to ensure business excellence.,"{""years_of_experience"": ""1-2 years"", ""education_level"": ""Not Required"", ""technical_skills"": [""Office Productivity"", ""Time Management""], ""soft_skills"": [""Teamwork"", ""Punctuality""]}"
258,Senior Support Agent,Executing high-level Customer Service independent professional tasks to ensure business excellence.,"{""years_of_experience"": ""5+ years"", ""education_level"": ""Not Required"", ""technical_skills"": [""Office Productivity"", ""Time Management""], ""soft_skills"": [""Teamwork"", ""Punctuality""]}"
259,Lead Support Agent,Leading a team of professionals in Customer Service project execution and quality control to ensure business excellence.,"{""years_of_experience"": ""7+ years"", ""education_level"": ""Not Required"", ""technical_skills"": [""Office Productivity"", ""Time Management""], ""soft_skills"": [""Leadership"", ""Critical Thinking""]}"
260,Head of Support Agent,Defining the long-term strategy for Customer Service departmental growth and vision to ensure business excellence.,"{""years_of_experience"": ""10+ years"", ""education_level"": ""Not Required"", ""technical_skills"": [""Strategic Planning"", ""Stakeholder Management""], ""soft_skills"": [""Leadership"", ""Critical Thinking""]}"
261,Junior Customer Experience Lead,Assisting in daily tasks and learning Customer Service operational support to ensure business excellence.,"{""years_of_experience"": ""None"", ""education_level"": ""Not Required"", ""technical_skills"": [""Office Productivity"", ""Time Management""], ""soft_skills"": [""Teamwork"", ""Punctuality""]}"
262,Assistant Customer Experience Lead,Supporting the department with Customer Service administrative and technical duties to ensure business excellence.,"{""years_of_experience"": ""1-2 years"", ""education_level"": ""Not Required"", ""technical_skills"": [""Office Productivity"", ""Time Management""], ""soft_skills"": [""Teamwork"", ""Punctuality""]}"
263,Senior Customer Experience Lead,Executing high-level Customer Service independent professional tasks to ensure business excellence.,"{""years_of_experience"": ""5+ years"", ""education_level"": ""Not Required"", ""technical_skills"": [""Office Productivity"", ""Time Management""], ""soft_skills"": [""Teamwork"", ""Punctuality""]}"
264,Lead Customer Experience Lead,Leading a team of professionals in Customer Service project execution and quality control to ensure business excellence.,"{""years_of_experience"": ""7+ years"", ""education_level"": ""Not Required"", ""technical_skills"": [""Office Productivity"", ""Time Management""], ""soft_skills"": [""Leadership"", ""Critical Thinking""]}"
265,Head of Customer Experience Lead,Defining the long-term strategy for Customer Service departmental growth and vision to ensure business excellence.,"{""years_of_experience"": ""10+ years"", ""education_level"": ""Not Required"", ""technical_skills"": [""Strategic Planning"", ""Stakeholder Management""], ""soft_skills"": [""Leadership"", ""Critical Thinking""]}"
266,Junior Returns Specialist,Assisting in daily tasks and learning Customer Service operational support to ensure business excellence.,"{""years_of_experience"": ""None"", ""education_level"": ""Not Required"", ""technical_skills"": [""Office Productivity"", ""Time Management""], ""soft_skills"": [""Teamwork"", ""Punctuality""]}"
267,Assistant Returns Specialist,Supporting the department with Customer Service administrative and technical duties to ensure business excellence.,"{""years_of_experience"": ""1-2 years"", ""education_level"": ""Not Required"", ""technical_skills"": [""Office Productivity"", ""Time Management""], ""soft_skills"": [""Teamwork"", ""Punctuality""]}"
268,Senior Returns Specialist,Executing high-level Customer Service independent professional tasks to ensure business excellence.,"{""years_of_experience"": ""5+ years"", ""education_level"": ""Not Required"", ""technical_skills"": [""Office Productivity"", ""Time Management""], ""soft_skills"": [""Teamwork"", ""Punctuality""]}"
269,Lead Returns Specialist,Leading a team of professionals in Customer Service project execution and quality control to ensure business excellence.,"{""years_of_experience"": ""7+ years"", ""education_level"": ""Not Required"", ""technical_skills"": [""Office Productivity"", ""Time Management""], ""soft_skills"": [""Leadership"", ""Critical Thinking""]}"
270,Head of Returns Specialist,Defining the long-term strategy for Customer Service departmental growth and vision to ensure business excellence.,"{""years_of_experience"": ""10+ years"", ""education_level"": ""Not Required"", ""technical_skills"": [""Strategic Planning"", ""Stakeholder Management""], ""soft_skills"": [""Leadership"", ""Critical Thinking""]}"
271,Junior Warehouse Worker,Assisting in daily tasks and learning Logistics operational support to ensure business excellence.,"{""years_of_experience"": ""None"", ""education_level"": ""Not Required"", ""technical_skills"": [""Office Productivity"", ""Time Management""], ""soft_skills"": [""Teamwork"", ""Punctuality""]}"
272,Assistant Warehouse Worker,Supporting the department with Logistics administrative and technical duties to ensure business excellence.,"{""years_of_experience"": ""1-2 years"", ""education_level"": ""Not Required"", ""technical_skills"": [""Office Productivity"", ""Time Management""], ""soft_skills"": [""Teamwork"", ""Punctuality""]}"
273,Senior Warehouse Worker,Executing high-level Logistics independent professional tasks to ensure business excellence.,"{""years_of_experience"": ""5+ years"", ""education_level"": ""Not Required"", ""technical_skills"": [""Office Productivity"", ""Time Management""], ""soft_skills"": [""Teamwork"", ""Punctuality""]}"
274,Lead Warehouse Worker,Leading a team of professionals in Logistics project execution and quality control to ensure business excellence.,"{""years_of_experience"": ""7+ years"", ""education_level"": ""Not Required"", ""technical_skills"": [""Office Productivity"", ""Time Management""], ""soft_skills"": [""Leadership"", ""Critical Thinking""]}"
275,Head of Warehouse Worker,Defining the long-term strategy for Logistics departmental growth and vision to ensure business excellence.,"{""years_of_experience"": ""10+ years"", ""education_level"": ""Not Required"", ""technical_skills"": [""Strategic Planning"", ""Stakeholder Management""], ""soft_skills"": [""Leadership"", ""Critical Thinking""]}"
276,Junior Inventory Supervisor,Assisting in daily tasks and learning Logistics operational support to ensure business excellence.,"{""years_of_experience"": ""None"", ""education_level"": ""Not Required"", ""technical_skills"": [""Office Productivity"", ""Time Management""], ""soft_skills"": [""Teamwork"", ""Punctuality""]}"
277,Assistant Inventory Supervisor,Supporting the department with Logistics administrative and technical duties to ensure business excellence.,"{""years_of_experience"": ""1-2 years"", ""education_level"": ""Not Required"", ""technical_skills"": [""Office Productivity"", ""Time Management""], ""soft_skills"": [""Teamwork"", ""Punctuality""]}"
278,Senior Inventory Supervisor,Executing high-level Logistics independent professional tasks to ensure business excellence.,"{""years_of_experience"": ""5+ years"", ""education_level"": ""Not Required"", ""technical_skills"": [""Office Productivity"", ""Time Management""], ""soft_skills"": [""Teamwork"", ""Punctuality""]}"
279,Lead Inventory Supervisor,Leading a team of professionals in Logistics project execution and quality control to ensure business excellence.,"{""years_of_experience"": ""7+ years"", ""education_level"": ""Not Required"", ""technical_skills"": [""Office Productivity"", ""Time Management""], ""soft_skills"": [""Leadership"", ""Critical Thinking""]}"
280,Head of Inventory Supervisor,Defining the long-term strategy for Logistics departmental growth and vision to ensure business excellence.,"{""years_of_experience"": ""10+ years"", ""education_level"": ""Not Required"", ""technical_skills"": [""Strategic Planning"", ""Stakeholder Management""], ""soft_skills"": [""Leadership"", ""Critical Thinking""]}"
281,Junior Forklift Operator,Assisting in daily tasks and learning Logistics operational support to ensure business excellence.,"{""years_of_experience"": ""None"", ""education_level"": ""Not Required"", ""technical_skills"": [""Office Productivity"", ""Time Management""], ""soft_skills"": [""Teamwork"", ""Punctuality""]}"
282,Assistant Forklift Operator,Supporting the department with Logistics administrative and technical duties to ensure business excellence.,"{""years_of_experience"": ""1-2 years"", ""education_level"": ""Not Required"", ""technical_skills"": [""Office Productivity"", ""Time Management""], ""soft_skills"": [""Teamwork"", ""Punctuality""]}"
283,Senior Forklift Operator,Executing high-level Logistics independent professional tasks to ensure business excellence.,"{""years_of_experience"": ""5+ years"", ""education_level"": ""Not Required"", ""technical_skills"": [""Office Productivity"", ""Time Management""], ""soft_skills"": [""Teamwork"", ""Punctuality""]}"
284,Lead Forklift Operator,Leading a team of professionals in Logistics project execution and quality control to ensure business excellence.,"{""years_of_experience"": ""7+ years"", ""education_level"": ""Not Required"", ""technical_skills"": [""Office Productivity"", ""Time Management""], ""soft_skills"": [""Leadership"", ""Critical Thinking""]}"
285,Head of Forklift Operator,Defining the long-term strategy for Logistics departmental growth and vision to ensure business excellence.,"{""years_of_experience"": ""10+ years"", ""education_level"": ""Not Required"", ""technical_skills"": [""Strategic Planning"", ""Stakeholder Management""], ""soft_skills"": [""Leadership"", ""Critical Thinking""]}"
286,Junior Stock Controller,Assisting in daily tasks and learning Logistics operational support to ensure business excellence.,"{""years_of_experience"": ""None"", ""education_level"": ""Not Required"", ""technical_skills"": [""Office Productivity"", ""Time Management""], ""soft_skills"": [""Teamwork"", ""Punctuality""]}"
287,Assistant Stock Controller,Supporting the department with Logistics administrative and technical duties to ensure business excellence.,"{""years_of_experience"": ""1-2 years"", ""education_level"": ""Not Required"", ""technical_skills"": [""Office Productivity"", ""Time Management""], ""soft_skills"": [""Teamwork"", ""Punctuality""]}"
288,Senior Stock Controller,Executing high-level Logistics independent professional tasks to ensure business excellence.,"{""years_of_experience"": ""5+ years"", ""education_level"": ""Not Required"", ""technical_skills"": [""Office Productivity"", ""Time Management""], ""soft_skills"": [""Teamwork"", ""Punctuality""]}"
289,Lead Stock Controller,Leading a team of professionals in Logistics project execution and quality control to ensure business excellence.,"{""years_of_experience"": ""7+ years"", ""education_level"": ""Not Required"", ""technical_skills"": [""Office Productivity"", ""Time Management""], ""soft_skills"": [""Leadership"", ""Critical Thinking""]}"
290,Head of Stock Controller,Defining the long-term strategy for Logistics departmental growth and vision to ensure business excellence.,"{""years_of_experience"": ""10+ years"", ""education_level"": ""Not Required"", ""technical_skills"": [""Strategic Planning"", ""Stakeholder Management""], ""soft_skills"": [""Leadership"", ""Critical Thinking""]}"
291,Junior Warehouse Manager,Assisting in daily tasks and learning Logistics operational support to ensure business excellence.,"{""years_of_experience"": ""None"", ""education_level"": ""Not Required"", ""technical_skills"": [""Office Productivity"", ""Time Management""], ""soft_skills"": [""Teamwork"", ""Punctuality""]}"
292,Assistant Warehouse Manager,Supporting the department with Logistics administrative and technical duties to ensure business excellence.,"{""years_of_experience"": ""1-2 years"", ""education_level"": ""Not Required"", ""technical_skills"": [""Office Productivity"", ""Time Management""], ""soft_skills"": [""Teamwork"", ""Punctuality""]}"
293,Senior Warehouse Manager,Executing high-level Logistics independent professional tasks to ensure business excellence.,"{""years_of_experience"": ""5+ years"", ""education_level"": ""Not Required"", ""technical_skills"": [""Office Productivity"", ""Time Management""], ""soft_skills"": [""Teamwork"", ""Punctuality""]}"
294,Lead Warehouse Manager,Leading a team of professionals in Logistics project execution and quality control to ensure business excellence.,"{""years_of_experience"": ""7+ years"", ""education_level"": ""Not Required"", ""technical_skills"": [""Office Productivity"", ""Time Management""], ""soft_skills"": [""Leadership"", ""Critical Thinking""]}"
295,Head of Warehouse Manager,Defining the long-term strategy for Logistics departmental growth and vision to ensure business excellence.,"{""years_of_experience"": ""10+ years"", ""education_level"": ""Not Required"", ""technical_skills"": [""Strategic Planning"", ""Stakeholder Management""], ""soft_skills"": [""Leadership"", ""Critical Thinking""]}"
296,Junior Sales Associate,Assisting in daily tasks and learning Sales operational support to ensure business excellence.,"{""years_of_experience"": ""None"", ""education_level"": ""Not Required"", ""technical_skills"": [""Customer Persuasion"", ""Inventory Management""], ""soft_skills"": [""Teamwork"", ""Punctuality""]}"
297,Assistant Sales Associate,Supporting the department with Sales administrative and technical duties to ensure business excellence.,"{""years_of_experience"": ""1-2 years"", ""education_level"": ""Not Required"", ""technical_skills"": [""Customer Persuasion"", ""Inventory Management""], ""soft_skills"": [""Teamwork"", ""Punctuality""]}"
298,Senior Sales Associate,Executing high-level Sales independent professional tasks to ensure business excellence.,"{""years_of_experience"": ""5+ years"", ""education_level"": ""Not Required"", ""technical_skills"": [""Customer Persuasion"", ""Inventory Management""], ""soft_skills"": [""Teamwork"", ""Punctuality""]}"
299,Lead Sales Associate,Leading a team of professionals in Sales project execution and quality control to ensure business excellence.,"{""years_of_experience"": ""7+ years"", ""education_level"": ""Not Required"", ""technical_skills"": [""Customer Persuasion"", ""Inventory Management""], ""soft_skills"": [""Leadership"", ""Critical Thinking""]}"
300,Head of Sales Associate,Defining the long-term strategy for Sales departmental growth and vision to ensure business excellence.,"{""years_of_experience"": ""10+ years"", ""education_level"": ""Not Required"", ""technical_skills"": [""Customer Persuasion"", ""Inventory Management""], ""soft_skills"": [""Leadership"", ""Critical Thinking""]}"
301,Junior Salesperson,Assisting in daily tasks and learning Sales operational support to ensure business excellence.,"{""years_of_experience"": ""None"", ""education_level"": ""Not Required"", ""technical_skills"": [""Customer Persuasion"", ""Inventory Management""], ""soft_skills"": [""Teamwork"", ""Punctuality""]}"
302,Assistant Salesperson,Supporting the department with Sales administrative and technical duties to ensure business excellence.,"{""years_of_experience"": ""1-2 years"", ""education_level"": ""Not Required"", ""technical_skills"": [""Customer Persuasion"", ""Inventory Management""], ""soft_skills"": [""Teamwork"", ""Punctuality""]}"
303,Senior Salesperson,Executing high-level Sales independent professional tasks to ensure business excellence.,"{""years_of_experience"": ""5+ years"", ""education_level"": ""Not Required"", ""technical_skills"": [""Customer Persuasion"", ""Inventory Management""], ""soft_skills"": [""Teamwork"", ""Punctuality""]}"
304,Lead Salesperson,Leading a team of professionals in Sales project execution and quality control to ensure business excellence.,"{""years_of_experience"": ""7+ years"", ""education_level"": ""Not Required"", ""technical_skills"": [""Customer Persuasion"", ""Inventory Management""], ""soft_skills"": [""Leadership"", ""Critical Thinking""]}"
305,Head of Salesperson,Defining the long-term strategy for Sales departmental growth and vision to ensure business excellence.,"{""years_of_experience"": ""10+ years"", ""education_level"": ""Not Required"", ""technical_skills"": [""Customer Persuasion"", ""Inventory Management""], ""soft_skills"": [""Leadership"", ""Critical Thinking""]}"
306,Junior Sales Trainer,Assisting in daily tasks and learning Sales operational support to ensure business excellence.,"{""years_of_experience"": ""None"", ""education_level"": ""Not Required"", ""technical_skills"": [""Customer Persuasion"", ""Inventory Management""], ""soft_skills"": [""Teamwork"", ""Punctuality""]}"
307,Assistant Sales Trainer,Supporting the department with Sales administrative and technical duties to ensure business excellence.,"{""years_of_experience"": ""1-2 years"", ""education_level"": ""Not Required"", ""technical_skills"": [""Customer Persuasion"", ""Inventory Management""], ""soft_skills"": [""Teamwork"", ""Punctuality""]}"
308,Senior Sales Trainer,Executing high-level Sales independent professional tasks to ensure business excellence.,"{""years_of_experience"": ""5+ years"", ""education_level"": ""Not Required"", ""technical_skills"": [""Customer Persuasion"", ""Inventory Management""], ""soft_skills"": [""Teamwork"", ""Punctuality""]}"
309,Lead Sales Trainer,Leading a team of professionals in Sales project execution and quality control to ensure business excellence.,"{""years_of_experience"": ""7+ years"", ""education_level"": ""Not Required"", ""technical_skills"": [""Customer Persuasion"", ""Inventory Management""], ""soft_skills"": [""Leadership"", ""Critical Thinking""]}"
310,Head of Sales Trainer,Defining the long-term strategy for Sales departmental growth and vision to ensure business excellence.,"{""years_of_experience"": ""10+ years"", ""education_level"": ""Not Required"", ""technical_skills"": [""Customer Persuasion"", ""Inventory Management""], ""soft_skills"": [""Leadership"", ""Critical Thinking""]}"
311,Junior Floor Supervisor,Assisting in daily tasks and learning Sales operational support to ensure business excellence.,"{""years_of_experience"": ""None"", ""education_level"": ""Not Required"", ""technical_skills"": [""Customer Persuasion"", ""Inventory Management""], ""soft_skills"": [""Teamwork"", ""Punctuality""]}"
312,Assistant Floor Supervisor,Supporting the department with Sales administrative and technical duties to ensure business excellence.,"{""years_of_experience"": ""1-2 years"", ""education_level"": ""Not Required"", ""technical_skills"": [""Customer Persuasion"", ""Inventory Management""], ""soft_skills"": [""Teamwork"", ""Punctuality""]}"
313,Senior Floor Supervisor,Executing high-level Sales independent professional tasks to ensure business excellence.,"{""years_of_experience"": ""5+ years"", ""education_level"": ""Not Required"", ""technical_skills"": [""Customer Persuasion"", ""Inventory Management""], ""soft_skills"": [""Teamwork"", ""Punctuality""]}"
314,Lead Floor Supervisor,Leading a team of professionals in Sales project execution and quality control to ensure business excellence.,"{""years_of_experience"": ""7+ years"", ""education_level"": ""Not Required"", ""technical_skills"": [""Customer Persuasion"", ""Inventory Management""], ""soft_skills"": [""Leadership"", ""Critical Thinking""]}"
315,Head of Floor Supervisor,Defining the long-term strategy for Sales departmental growth and vision to ensure business excellence.,"{""years_of_experience"": ""10+ years"", ""education_level"": ""Not Required"", ""technical_skills"": [""Customer Persuasion"", ""Inventory Management""], ""soft_skills"": [""Leadership"", ""Critical Thinking""]}"
316,Junior Marketing Executive,Assisting in daily tasks and learning Marketing operational support to ensure business excellence.,"{""years_of_experience"": ""None"", ""education_level"": ""Not Required"", ""technical_skills"": [""Office Productivity"", ""Time Management""], ""soft_skills"": [""Teamwork"", ""Punctuality""]}"
317,Assistant Marketing Executive,Supporting the department with Marketing administrative and technical duties to ensure business excellence.,"{""years_of_experience"": ""1-2 years"", ""education_level"": ""Not Required"", ""technical_skills"": [""Office Productivity"", ""Time Management""], ""soft_skills"": [""Teamwork"", ""Punctuality""]}"
318,Senior Marketing Executive,Executing high-level Marketing independent professional tasks to ensure business excellence.,"{""years_of_experience"": ""5+ years"", ""education_level"": ""Not Required"", ""technical_skills"": [""Office Productivity"", ""Time Management""], ""soft_skills"": [""Teamwork"", ""Punctuality""]}"
319,Lead Marketing Executive,Leading a team of professionals in Marketing project execution and quality control to ensure business excellence.,"{""years_of_experience"": ""7+ years"", ""education_level"": ""Not Required"", ""technical_skills"": [""Office Productivity"", ""Time Management""], ""soft_skills"": [""Leadership"", ""Critical Thinking""]}"
320,Head of Marketing Executive,Defining the long-term strategy for Marketing departmental growth and vision to ensure business excellence.,"{""years_of_experience"": ""10+ years"", ""education_level"": ""Not Required"", ""technical_skills"": [""Strategic Planning"", ""Stakeholder Management""], ""soft_skills"": [""Leadership"", ""Critical Thinking""]}"
321,Junior Social Media Manager,Assisting in daily tasks and learning Marketing operational support to ensure business excellence.,"{""years_of_experience"": ""None"", ""education_level"": ""Not Required"", ""technical_skills"": [""Office Productivity"", ""Time Management""], ""soft_skills"": [""Teamwork"", ""Punctuality""]}"
322,Assistant Social Media Manager,Supporting the department with Marketing administrative and technical duties to ensure business excellence.,"{""years_of_experience"": ""1-2 years"", ""education_level"": ""Not Required"", ""technical_skills"": [""Office Productivity"", ""Time Management""], ""soft_skills"": [""Teamwork"", ""Punctuality""]}"
323,Senior Social Media Manager,Executing high-level Marketing independent professional tasks to ensure business excellence.,"{""years_of_experience"": ""5+ years"", ""education_level"": ""Not Required"", ""technical_skills"": [""Office Productivity"", ""Time Management""], ""soft_skills"": [""Teamwork"", ""Punctuality""]}"
324,Lead Social Media Manager,Leading a team of professionals in Marketing project execution and quality control to ensure business excellence.,"{""years_of_experience"": ""7+ years"", ""education_level"": ""Not Required"", ""technical_skills"": [""Office Productivity"", ""Time Management""], ""soft_skills"": [""Leadership"", ""Critical Thinking""]}"
325,Head of Social Media Manager,Defining the long-term strategy for Marketing departmental growth and vision to ensure business excellence.,"{""years_of_experience"": ""10+ years"", ""education_level"": ""Not Required"", ""technical_skills"": [""Strategic Planning"", ""Stakeholder Management""], ""soft_skills"": [""Leadership"", ""Critical Thinking""]}"
326,Junior Content Creator,Assisting in daily tasks and learning Marketing operational support to ensure business excellence.,"{""years_of_experience"": ""None"", ""education_level"": ""Not Required"", ""technical_skills"": [""Office Productivity"", ""Time Management""], ""soft_skills"": [""Teamwork"", ""Punctuality""]}"
327,Assistant Content Creator,Supporting the department with Marketing administrative and technical duties to ensure business excellence.,"{""years_of_experience"": ""1-2 years"", ""education_level"": ""Not Required"", ""technical_skills"": [""Office Productivity"", ""Time Management""], ""soft_skills"": [""Teamwork"", ""Punctuality""]}"
328,Senior Content Creator,Executing high-level Marketing independent professional tasks to ensure business excellence.,"{""years_of_experience"": ""5+ years"", ""education_level"": ""Not Required"", ""technical_skills"": [""Office Productivity"", ""Time Management""], ""soft_skills"": [""Teamwork"", ""Punctuality""]}"
329,Lead Content Creator,Leading a team of professionals in Marketing project execution and quality control to ensure business excellence.,"{""years_of_experience"": ""7+ years"", ""education_level"": ""Not Required"", ""technical_skills"": [""Office Productivity"", ""Time Management""], ""soft_skills"": [""Leadership"", ""Critical Thinking""]}"
330,Head of Content Creator,Defining the long-term strategy for Marketing departmental growth and vision to ensure business excellence.,"{""years_of_experience"": ""10+ years"", ""education_level"": ""Not Required"", ""technical_skills"": [""Strategic Planning"", ""Stakeholder Management""], ""soft_skills"": [""Leadership"", ""Critical Thinking""]}"
331,Junior Media Planner,Assisting in daily tasks and learning Marketing operational support to ensure business excellence.,"{""years_of_experience"": ""None"", ""education_level"": ""Not Required"", ""technical_skills"": [""Office Productivity"", ""Time Management""], ""soft_skills"": [""Teamwork"", ""Punctuality""]}"
332,Assistant Media Planner,Supporting the department with Marketing administrative and technical duties to ensure business excellence.,"{""years_of_experience"": ""1-2 years"", ""education_level"": ""Not Required"", ""technical_skills"": [""Office Productivity"", ""Time Management""], ""soft_skills"": [""Teamwork"", ""Punctuality""]}"
333,Senior Media Planner,Executing high-level Marketing independent professional tasks to ensure business excellence.,"{""years_of_experience"": ""5+ years"", ""education_level"": ""Not Required"", ""technical_skills"": [""Office Productivity"", ""Time Management""], ""soft_skills"": [""Teamwork"", ""Punctuality""]}"
334,Lead Media Planner,Leading a team of professionals in Marketing project execution and quality control to ensure business excellence.,"{""years_of_experience"": ""7+ years"", ""education_level"": ""Not Required"", ""technical_skills"": [""Office Productivity"", ""Time Management""], ""soft_skills"": [""Leadership"", ""Critical Thinking""]}"
335,Head of Media Planner,Defining the long-term strategy for Marketing departmental growth and vision to ensure business excellence.,"{""years_of_experience"": ""10+ years"", ""education_level"": ""Not Required"", ""technical_skills"": [""Strategic Planning"", ""Stakeholder Management""], ""soft_skills"": [""Leadership"", ""Critical Thinking""]}"
336,Junior Delivery Driver,Assisting in daily tasks and learning Transport operational support to ensure business excellence.,"{""years_of_experience"": ""None"", ""education_level"": ""Not Required"", ""technical_skills"": [""Valid License""], ""soft_skills"": [""Teamwork"", ""Punctuality""]}"
337,Assistant Delivery Driver,Supporting the department with Transport administrative and technical duties to ensure business excellence.,"{""years_of_experience"": ""1-2 years"", ""education_level"": ""Not Required"", ""technical_skills"": [""Valid License"", ""Route Optimization""], ""soft_skills"": [""Teamwork"", ""Punctuality""]}"
338,Senior Delivery Driver,Executing high-level Transport independent professional tasks to ensure business excellence.,"{""years_of_experience"": ""5+ years"", ""education_level"": ""Not Required"", ""technical_skills"": [""Valid License"", ""Route Optimization""], ""soft_skills"": [""Teamwork"", ""Punctuality""]}"
339,Lead Delivery Driver,Leading a team of professionals in Transport project execution and quality control to ensure business excellence.,"{""years_of_experience"": ""7+ years"", ""education_level"": ""Not Required"", ""technical_skills"": [""Valid License"", ""Route Optimization""], ""soft_skills"": [""Leadership"", ""Critical Thinking""]}"
340,Head of Delivery Driver,Defining the long-term strategy for Transport departmental growth and vision to ensure business excellence.,"{""years_of_experience"": ""10+ years"", ""education_level"": ""Not Required"", ""technical_skills"": [""Valid License"", ""Route Optimization""], ""soft_skills"": [""Leadership"", ""Critical Thinking""]}"
341,Junior Fleet Coordinator,Assisting in daily tasks and learning Transport operational support to ensure business excellence.,"{""years_of_experience"": ""None"", ""education_level"": ""Not Required"", ""technical_skills"": [""Valid License""], ""soft_skills"": [""Teamwork"", ""Punctuality""]}"
342,Assistant Fleet Coordinator,Supporting the department with Transport administrative and technical duties to ensure business excellence.,"{""years_of_experience"": ""1-2 years"", ""education_level"": ""Not Required"", ""technical_skills"": [""Valid License"", ""Route Optimization""], ""soft_skills"": [""Teamwork"", ""Punctuality""]}"
343,Senior Fleet Coordinator,Executing high-level Transport independent professional tasks to ensure business excellence.,"{""years_of_experience"": ""5+ years"", ""education_level"": ""Not Required"", ""technical_skills"": [""Valid License"", ""Route Optimization""], ""soft_skills"": [""Teamwork"", ""Punctuality""]}"
344,Lead Fleet Coordinator,Leading a team of professionals in Transport project execution and quality control to ensure business excellence.,"{""years_of_experience"": ""7+ years"", ""education_level"": ""Not Required"", ""technical_skills"": [""Valid License"", ""Route Optimization""], ""soft_skills"": [""Leadership"", ""Critical Thinking""]}"
345,Head of Fleet Coordinator,Defining the long-term strategy for Transport departmental growth and vision to ensure business excellence.,"{""years_of_experience"": ""10+ years"", ""education_level"": ""Not Required"", ""technical_skills"": [""Valid License"", ""Route Optimization""], ""soft_skills"": [""Leadership"", ""Critical Thinking""]}"
346,Junior Route Planner,Assisting in daily tasks and learning Transport operational support to ensure business excellence.,"{""years_of_experience"": ""None"", ""education_level"": ""Not Required"", ""technical_skills"": [""Valid License""], ""soft_skills"": [""Teamwork"", ""Punctuality""]}"
347,Assistant Route Planner,Supporting the department with Transport administrative and technical duties to ensure business excellence.,"{""years_of_experience"": ""1-2 years"", ""education_level"": ""Not Required"", ""technical_skills"": [""Valid License"", ""Route Optimization""], ""soft_skills"": [""Teamwork"", ""Punctuality""]}"
348,Senior Route Planner,Executing high-level Transport independent professional tasks to ensure business excellence.,"{""years_of_experience"": ""5+ years"", ""education_level"": ""Not Required"", ""technical_skills"": [""Valid License"", ""Route Optimization""], ""soft_skills"": [""Teamwork"", ""Punctuality""]}"
349,Lead Route Planner,Leading a team of professionals in Transport project execution and quality control to ensure business excellence.,"{""years_of_experience"": ""7+ years"", ""education_level"": ""Not Required"", ""technical_skills"": [""Valid License"", ""Route Optimization""], ""soft_skills"": [""Leadership"", ""Critical Thinking""]}"
350,Head of Route Planner,Defining the long-term strategy for Transport departmental growth and vision to ensure business excellence.,"{""years_of_experience"": ""10+ years"", ""education_level"": ""Not Required"", ""technical_skills"": [""Valid License"", ""Route Optimization""], ""soft_skills"": [""Leadership"", ""Critical Thinking""]}"
351,Junior Accountant,Assisting in daily tasks and learning Finance Legal operational support to ensure business excellence.,"{""years_of_experience"": ""None"", ""education_level"": ""High School Diploma"", ""technical_skills"": [""Financial Reporting"", ""ERP Systems""], ""soft_skills"": [""Teamwork"", ""Punctuality""]}"
352,Assistant Accountant,Supporting the department with Finance Legal administrative and technical duties to ensure business excellence.,"{""years_of_experience"": ""1-2 years"", ""education_level"": ""Relevant Course/Certification"", ""technical_skills"": [""Financial Reporting"", ""ERP Systems""], ""soft_skills"": [""Teamwork"", ""Punctuality""]}"
353,Senior Accountant,Executing high-level Finance Legal independent professional tasks to ensure business excellence.,"{""years_of_experience"": ""5+ years"", ""education_level"": ""Bachelor's Degree"", ""technical_skills"": [""Financial Reporting"", ""ERP Systems""], ""soft_skills"": [""Teamwork"", ""Punctuality""]}"
354,Lead Accountant,Leading a team of professionals in Finance Legal project execution and quality control to ensure business excellence.,"{""years_of_experience"": ""7+ years"", ""education_level"": ""Bachelor's Degree"", ""technical_skills"": [""Financial Reporting"", ""ERP Systems""], ""soft_skills"": [""Leadership"", ""Critical Thinking""]}"
355,Head of Accountant,Defining the long-term strategy for Finance Legal departmental growth and vision to ensure business excellence.,"{""years_of_experience"": ""10+ years"", ""education_level"": ""Master's Degree / MBA"", ""technical_skills"": [""Financial Reporting"", ""ERP Systems""], ""soft_skills"": [""Leadership"", ""Critical Thinking""]}"
356,Junior Financial Controller,Assisting in daily tasks and learning Finance Legal operational support to ensure business excellence.,"{""years_of_experience"": ""None"", ""education_level"": ""High School Diploma"", ""technical_skills"": [""Financial Reporting"", ""ERP Systems""], ""soft_skills"": [""Teamwork"", ""Punctuality""]}"
357,Assistant Financial Controller,Supporting the department with Finance Legal administrative and technical duties to ensure business excellence.,"{""years_of_experience"": ""1-2 years"", ""education_level"": ""Relevant Course/Certification"", ""technical_skills"": [""Financial Reporting"", ""ERP Systems""], ""soft_skills"": [""Teamwork"", ""Punctuality""]}"
358,Senior Financial Controller,Executing high-level Finance Legal independent professional tasks to ensure business excellence.,"{""years_of_experience"": ""5+ years"", ""education_level"": ""Bachelor's Degree"", ""technical_skills"": [""Financial Reporting"", ""ERP Systems""], ""soft_skills"": [""Teamwork"", ""Punctuality""]}"
359,Lead Financial Controller,Leading a team of professionals in Finance Legal project execution and quality control to ensure business excellence.,"{""years_of_experience"": ""7+ years"", ""education_level"": ""Bachelor's Degree"", ""technical_skills"": [""Financial Reporting"", ""ERP Systems""], ""soft_skills"": [""Leadership"", ""Critical Thinking""]}"
360,Head of Financial Controller,Defining the long-term strategy for Finance Legal departmental growth and vision to ensure business excellence.,"{""years_of_experience"": ""10+ years"", ""education_level"": ""Master's Degree / MBA"", ""technical_skills"": [""Financial Reporting"", ""ERP Systems""], ""soft_skills"": [""Leadership"", ""Critical Thinking""]}"
361,Junior Company Lawyer,Assisting in daily tasks and learning Finance Legal operational support to ensure business excellence.,"{""years_of_experience"": ""None"", ""education_level"": ""High School Diploma"", ""technical_skills"": [""Legal Compliance"", ""Contract Law""], ""soft_skills"": [""Teamwork"", ""Punctuality""]}"
362,Assistant Company Lawyer,Supporting the department with Finance Legal administrative and technical duties to ensure business excellence.,"{""years_of_experience"": ""1-2 years"", ""education_level"": ""Relevant Course/Certification"", ""technical_skills"": [""Legal Compliance"", ""Contract Law""], ""soft_skills"": [""Teamwork"", ""Punctuality""]}"
363,Senior Company Lawyer,Executing high-level Finance Legal independent professional tasks to ensure business excellence.,"{""years_of_experience"": ""5+ years"", ""education_level"": ""Bachelor's Degree"", ""technical_skills"": [""Legal Compliance"", ""Contract Law""], ""soft_skills"": [""Teamwork"", ""Punctuality""]}"
364,Lead Company Lawyer,Leading a team of professionals in Finance Legal project execution and quality control to ensure business excellence.,"{""years_of_experience"": ""7+ years"", ""education_level"": ""Bachelor's Degree"", ""technical_skills"": [""Legal Compliance"", ""Contract Law""], ""soft_skills"": [""Leadership"", ""Critical Thinking""]}"
365,Head of Company Lawyer,Defining the long-term strategy for Finance Legal departmental growth and vision to ensure business excellence.,"{""years_of_experience"": ""10+ years"", ""education_level"": ""Master's Degree / MBA"", ""technical_skills"": [""Legal Compliance"", ""Contract Law""], ""soft_skills"": [""Leadership"", ""Critical Thinking""]}"
366,Junior Legal Consultant,Assisting in daily tasks and learning Finance Legal operational support to ensure business excellence.,"{""years_of_experience"": ""None"", ""education_level"": ""High School Diploma"", ""technical_skills"": [""Financial Reporting"", ""ERP Systems""], ""soft_skills"": [""Teamwork"", ""Punctuality""]}"
367,Assistant Legal Consultant,Supporting the department with Finance Legal administrative and technical duties to ensure business excellence.,"{""years_of_experience"": ""1-2 years"", ""education_level"": ""Relevant Course/Certification"", ""technical_skills"": [""Financial Reporting"", ""ERP Systems""], ""soft_skills"": [""Teamwork"", ""Punctuality""]}"
368,Senior Legal Consultant,Executing high-level Finance Legal independent professional tasks to ensure business excellence.,"{""years_of_experience"": ""5+ years"", ""education_level"": ""Bachelor's Degree"", ""technical_skills"": [""Financial Reporting"", ""ERP Systems""], ""soft_skills"": [""Teamwork"", ""Punctuality""]}"
369,Lead Legal Consultant,Leading a team of professionals in Finance Legal project execution and quality control to ensure business excellence.,"{""years_of_experience"": ""7+ years"", ""education_level"": ""Bachelor's Degree"", ""technical_skills"": [""Financial Reporting"", ""ERP Systems""], ""soft_skills"": [""Leadership"", ""Critical Thinking""]}"
370,Head of Legal Consultant,Defining the long-term strategy for Finance Legal departmental growth and vision to ensure business excellence.,"{""years_of_experience"": ""10+ years"", ""education_level"": ""Master's Degree / MBA"", ""technical_skills"": [""Financial Reporting"", ""ERP Systems""], ""soft_skills"": [""Leadership"", ""Critical Thinking""]}"
371,Junior Bookkeeper,Assisting in daily tasks and learning Finance Legal operational support to ensure business excellence.,"{""years_of_experience"": ""None"", ""education_level"": ""High School Diploma"", ""technical_skills"": [""Financial Reporting"", ""ERP Systems""], ""soft_skills"": [""Teamwork"", ""Punctuality""]}"
372,Assistant Bookkeeper,Supporting the department with Finance Legal administrative and technical duties to ensure business excellence.,"{""years_of_experience"": ""1-2 years"", ""education_level"": ""Relevant Course/Certification"", ""technical_skills"": [""Financial Reporting"", ""ERP Systems""], ""soft_skills"": [""Teamwork"", ""Punctuality""]}"
373,Senior Bookkeeper,Executing high-level Finance Legal independent professional tasks to ensure business excellence.,"{""years_of_experience"": ""5+ years"", ""education_level"": ""Bachelor's Degree"", ""technical_skills"": [""Financial Reporting"", ""ERP Systems""], ""soft_skills"": [""Teamwork"", ""Punctuality""]}"
374,Lead Bookkeeper,Leading a team of professionals in Finance Legal project execution and quality control to ensure business excellence.,"{""years_of_experience"": ""7+ years"", ""education_level"": ""Bachelor's Degree"", ""technical_skills"": [""Financial Reporting"", ""ERP Systems""], ""soft_skills"": [""Leadership"", ""Critical Thinking""]}"
375,Head of Bookkeeper,Defining the long-term strategy for Finance Legal departmental growth and vision to ensure business excellence.,"{""years_of_experience"": ""10+ years"", ""education_level"": ""Master's Degree / MBA"", ""technical_skills"": [""Financial Reporting"", ""ERP Systems""], ""soft_skills"": [""Leadership"", ""Critical Thinking""]}"
376,Junior Shoe Designer,Assisting in daily tasks and learning Design operational support to ensure business excellence.,"{""years_of_experience"": ""None"", ""education_level"": ""High School Diploma"", ""technical_skills"": [""Adobe Creative Suite"", ""Trend Analysis""], ""soft_skills"": [""Teamwork"", ""Punctuality""]}"
377,Assistant Shoe Designer,Supporting the department with Design administrative and technical duties to ensure business excellence.,"{""years_of_experience"": ""1-2 years"", ""education_level"": ""Relevant Course/Certification"", ""technical_skills"": [""Adobe Creative Suite"", ""Trend Analysis""], ""soft_skills"": [""Teamwork"", ""Punctuality""]}"
378,Senior Shoe Designer,Executing high-level Design independent professional tasks to ensure business excellence.,"{""years_of_experience"": ""5+ years"", ""education_level"": ""Bachelor's Degree"", ""technical_skills"": [""Adobe Creative Suite"", ""Trend Analysis""], ""soft_skills"": [""Teamwork"", ""Punctuality""]}"
379,Lead Shoe Designer,Leading a team of professionals in Design project execution and quality control to ensure business excellence.,"{""years_of_experience"": ""7+ years"", ""education_level"": ""Bachelor's Degree"", ""technical_skills"": [""Adobe Creative Suite"", ""Trend Analysis""], ""soft_skills"": [""Leadership"", ""Critical Thinking""]}"
380,Head of Shoe Designer,Defining the long-term strategy for Design departmental growth and vision to ensure business excellence.,"{""years_of_experience"": ""10+ years"", ""education_level"": ""Master's Degree / MBA"", ""technical_skills"": [""Adobe Creative Suite"", ""Trend Analysis""], ""soft_skills"": [""Leadership"", ""Critical Thinking""]}"
381,Junior Pattern Maker,Assisting in daily tasks and learning Design operational support to ensure business excellence.,"{""years_of_experience"": ""None"", ""education_level"": ""High School Diploma"", ""technical_skills"": [""Adobe Creative Suite"", ""Trend Analysis""], ""soft_skills"": [""Teamwork"", ""Punctuality""]}"
382,Assistant Pattern Maker,Supporting the department with Design administrative and technical duties to ensure business excellence.,"{""years_of_experience"": ""1-2 years"", ""education_level"": ""Relevant Course/Certification"", ""technical_skills"": [""Adobe Creative Suite"", ""Trend Analysis""], ""soft_skills"": [""Teamwork"", ""Punctuality""]}"
383,Senior Pattern Maker,Executing high-level Design independent professional tasks to ensure business excellence.,"{""years_of_experience"": ""5+ years"", ""education_level"": ""Bachelor's Degree"", ""technical_skills"": [""Adobe Creative Suite"", ""Trend Analysis""], ""soft_skills"": [""Teamwork"", ""Punctuality""]}"
384,Lead Pattern Maker,Leading a team of professionals in Design project execution and quality control to ensure business excellence.,"{""years_of_experience"": ""7+ years"", ""education_level"": ""Bachelor's Degree"", ""technical_skills"": [""Adobe Creative Suite"", ""Trend Analysis""], ""soft_skills"": [""Leadership"", ""Critical Thinking""]}"
385,Head of Pattern Maker,Defining the long-term strategy for Design departmental growth and vision to ensure business excellence.,"{""years_of_experience"": ""10+ years"", ""education_level"": ""Master's Degree / MBA"", ""technical_skills"": [""Adobe Creative Suite"", ""Trend Analysis""], ""soft_skills"": [""Leadership"", ""Critical Thinking""]}"
386,Junior Material Specialist,Assisting in daily tasks and learning Design operational support to ensure business excellence.,"{""years_of_experience"": ""None"", ""education_level"": ""High School Diploma"", ""technical_skills"": [""Adobe Creative Suite"", ""Trend Analysis""], ""soft_skills"": [""Teamwork"", ""Punctuality""]}"
387,Assistant Material Specialist,Supporting the department with Design administrative and technical duties to ensure business excellence.,"{""years_of_experience"": ""1-2 years"", ""education_level"": ""Relevant Course/Certification"", ""technical_skills"": [""Adobe Creative Suite"", ""Trend Analysis""], ""soft_skills"": [""Teamwork"", ""Punctuality""]}"
388,Senior Material Specialist,Executing high-level Design independent professional tasks to ensure business excellence.,"{""years_of_experience"": ""5+ years"", ""education_level"": ""Bachelor's Degree"", ""technical_skills"": [""Adobe Creative Suite"", ""Trend Analysis""], ""soft_skills"": [""Teamwork"", ""Punctuality""]}"
389,Lead Material Specialist,Leading a team of professionals in Design project execution and quality control to ensure business excellence.,"{""years_of_experience"": ""7+ years"", ""education_level"": ""Bachelor's Degree"", ""technical_skills"": [""Adobe Creative Suite"", ""Trend Analysis""], ""soft_skills"": [""Leadership"", ""Critical Thinking""]}"
390,Head of Material Specialist,Defining the long-term strategy for Design departmental growth and vision to ensure business excellence.,"{""years_of_experience"": ""10+ years"", ""education_level"": ""Master's Degree / MBA"", ""technical_skills"": [""Adobe Creative Suite"", ""Trend Analysis""], ""soft_skills"": [""Leadership"", ""Critical Thinking""]}"
391,Junior Creative Director,Assisting in daily tasks and learning Design operational support to ensure business excellence.,"{""years_of_experience"": ""None"", ""education_level"": ""High School Diploma"", ""technical_skills"": [""Adobe Creative Suite"", ""Trend Analysis""], ""soft_skills"": [""Teamwork"", ""Punctuality""]}"
392,Assistant Creative Director,Supporting the department with Design administrative and technical duties to ensure business excellence.,"{""years_of_experience"": ""1-2 years"", ""education_level"": ""Relevant Course/Certification"", ""technical_skills"": [""Adobe Creative Suite"", ""Trend Analysis""], ""soft_skills"": [""Teamwork"", ""Punctuality""]}"
393,Senior Creative Director,Executing high-level Design independent professional tasks to ensure business excellence.,"{""years_of_experience"": ""5+ years"", ""education_level"": ""Bachelor's Degree"", ""technical_skills"": [""Adobe Creative Suite"", ""Trend Analysis""], ""soft_skills"": [""Teamwork"", ""Punctuality""]}"
394,Lead Creative Director,Leading a team of professionals in Design project execution and quality control to ensure business excellence.,"{""years_of_experience"": ""7+ years"", ""education_level"": ""Bachelor's Degree"", ""technical_skills"": [""Adobe Creative Suite"", ""Trend Analysis""], ""soft_skills"": [""Leadership"", ""Critical Thinking""]}"
395,Head of Creative Director,Defining the long-term strategy for Design departmental growth and vision to ensure business excellence.,"{""years_of_experience"": ""10+ years"", ""education_level"": ""Master's Degree / MBA"", ""technical_skills"": [""Adobe Creative Suite"", ""Trend Analysis""], ""soft_skills"": [""Leadership"", ""Critical Thinking""]}"
396,Junior Store Guard,Assisting in daily tasks and learning Security operational support to ensure business excellence.,"{""years_of_experience"": ""None"", ""education_level"": ""Not Required"", ""technical_skills"": [""Emergency Response"", ""Surveillance Systems""], ""soft_skills"": [""Teamwork"", ""Punctuality""]}"
397,Assistant Store Guard,Supporting the department with Security administrative and technical duties to ensure business excellence.,"{""years_of_experience"": ""1-2 years"", ""education_level"": ""Not Required"", ""technical_skills"": [""Emergency Response"", ""Surveillance Systems""], ""soft_skills"": [""Teamwork"", ""Punctuality""]}"
398,Senior Store Guard,Executing high-level Security independent professional tasks to ensure business excellence.,"{""years_of_experience"": ""5+ years"", ""education_level"": ""Not Required"", ""technical_skills"": [""Emergency Response"", ""Surveillance Systems""], ""soft_skills"": [""Teamwork"", ""Punctuality""]}"
399,Lead Store Guard,Leading a team of professionals in Security project execution and quality control to ensure business excellence.,"{""years_of_experience"": ""7+ years"", ""education_level"": ""Not Required"", ""technical_skills"": [""Emergency Response"", ""Surveillance Systems""], ""soft_skills"": [""Leadership"", ""Critical Thinking""]}"
400,Head of Store Guard,Defining the long-term strategy for Security departmental growth and vision to ensure business excellence.,"{""years_of_experience"": ""10+ years"", ""education_level"": ""Not Required"", ""technical_skills"": [""Emergency Response"", ""Surveillance Systems""], ""soft_skills"": [""Leadership"", ""Critical Thinking""]}"
401,Junior Security Supervisor,Assisting in daily tasks and learning Security operational support to ensure business excellence.,"{""years_of_experience"": ""None"", ""education_level"": ""Not Required"", ""technical_skills"": [""Emergency Response"", ""Surveillance Systems""], ""soft_skills"": [""Teamwork"", ""Punctuality""]}"
402,Assistant Security Supervisor,Supporting the department with Security administrative and technical duties to ensure business excellence.,"{""years_of_experience"": ""1-2 years"", ""education_level"": ""Not Required"", ""technical_skills"": [""Emergency Response"", ""Surveillance Systems""], ""soft_skills"": [""Teamwork"", ""Punctuality""]}"
403,Senior Security Supervisor,Executing high-level Security independent professional tasks to ensure business excellence.,"{""years_of_experience"": ""5+ years"", ""education_level"": ""Not Required"", ""technical_skills"": [""Emergency Response"", ""Surveillance Systems""], ""soft_skills"": [""Teamwork"", ""Punctuality""]}"
404,Lead Security Supervisor,Leading a team of professionals in Security project execution and quality control to ensure business excellence.,"{""years_of_experience"": ""7+ years"", ""education_level"": ""Not Required"", ""technical_skills"": [""Emergency Response"", ""Surveillance Systems""], ""soft_skills"": [""Leadership"", ""Critical Thinking""]}"
405,Head of Security Supervisor,Defining the long-term strategy for Security departmental growth and vision to ensure business excellence.,"{""years_of_experience"": ""10+ years"", ""education_level"": ""Not Required"", ""technical_skills"": [""Emergency Response"", ""Surveillance Systems""], ""soft_skills"": [""Leadership"", ""Critical Thinking""]}"
406,Junior Loss Prevention Specialist,Assisting in daily tasks and learning Security operational support to ensure business excellence.,"{""years_of_experience"": ""None"", ""education_level"": ""Not Required"", ""technical_skills"": [""Emergency Response"", ""Surveillance Systems""], ""soft_skills"": [""Teamwork"", ""Punctuality""]}"
407,Assistant Loss Prevention Specialist,Supporting the department with Security administrative and technical duties to ensure business excellence.,"{""years_of_experience"": ""1-2 years"", ""education_level"": ""Not Required"", ""technical_skills"": [""Emergency Response"", ""Surveillance Systems""], ""soft_skills"": [""Teamwork"", ""Punctuality""]}"
408,Senior Loss Prevention Specialist,Executing high-level Security independent professional tasks to ensure business excellence.,"{""years_of_experience"": ""5+ years"", ""education_level"": ""Not Required"", ""technical_skills"": [""Emergency Response"", ""Surveillance Systems""], ""soft_skills"": [""Teamwork"", ""Punctuality""]}"
409,Lead Loss Prevention Specialist,Leading a team of professionals in Security project execution and quality control to ensure business excellence.,"{""years_of_experience"": ""7+ years"", ""education_level"": ""Not Required"", ""technical_skills"": [""Emergency Response"", ""Surveillance Systems""], ""soft_skills"": [""Leadership"", ""Critical Thinking""]}"
410,Head of Loss Prevention Specialist,Defining the long-term strategy for Security departmental growth and vision to ensure business excellence.,"{""years_of_experience"": ""10+ years"", ""education_level"": ""Not Required"", ""technical_skills"": [""Emergency Response"", ""Surveillance Systems""], ""soft_skills"": [""Leadership"", ""Critical Thinking""]}"
411,Junior Area Manager,Assisting in daily tasks and learning Management operational support to ensure business excellence.,"{""years_of_experience"": ""None"", ""education_level"": ""High School Diploma"", ""technical_skills"": [""Office Productivity"", ""Time Management""], ""soft_skills"": [""Teamwork"", ""Punctuality""]}"
412,Assistant Area Manager,Supporting the department with Management administrative and technical duties to ensure business excellence.,"{""years_of_experience"": ""1-2 years"", ""education_level"": ""Relevant Course/Certification"", ""technical_skills"": [""Office Productivity"", ""Time Management""], ""soft_skills"": [""Teamwork"", ""Punctuality""]}"
413,Senior Area Manager,Executing high-level Management independent professional tasks to ensure business excellence.,"{""years_of_experience"": ""5+ years"", ""education_level"": ""Bachelor's Degree"", ""technical_skills"": [""Office Productivity"", ""Time Management""], ""soft_skills"": [""Teamwork"", ""Punctuality""]}"
414,Lead Area Manager,Leading a team of professionals in Management project execution and quality control to ensure business excellence.,"{""years_of_experience"": ""7+ years"", ""education_level"": ""Bachelor's Degree"", ""technical_skills"": [""Office Productivity"", ""Time Management""], ""soft_skills"": [""Leadership"", ""Critical Thinking""]}"
415,Head of Area Manager,Defining the long-term strategy for Management departmental growth and vision to ensure business excellence.,"{""years_of_experience"": ""10+ years"", ""education_level"": ""Master's Degree / MBA"", ""technical_skills"": [""Strategic Planning"", ""Stakeholder Management""], ""soft_skills"": [""Leadership"", ""Critical Thinking""]}"
416,Junior District Supervisor,Assisting in daily tasks and learning Management operational support to ensure business excellence.,"{""years_of_experience"": ""None"", ""education_level"": ""High School Diploma"", ""technical_skills"": [""Office Productivity"", ""Time Management""], ""soft_skills"": [""Teamwork"", ""Punctuality""]}"
417,Assistant District Supervisor,Supporting the department with Management administrative and technical duties to ensure business excellence.,"{""years_of_experience"": ""1-2 years"", ""education_level"": ""Relevant Course/Certification"", ""technical_skills"": [""Office Productivity"", ""Time Management""], ""soft_skills"": [""Teamwork"", ""Punctuality""]}"
418,Senior District Supervisor,Executing high-level Management independent professional tasks to ensure business excellence.,"{""years_of_experience"": ""5+ years"", ""education_level"": ""Bachelor's Degree"", ""technical_skills"": [""Office Productivity"", ""Time Management""], ""soft_skills"": [""Teamwork"", ""Punctuality""]}"
419,Lead District Supervisor,Leading a team of professionals in Management project execution and quality control to ensure business excellence.,"{""years_of_experience"": ""7+ years"", ""education_level"": ""Bachelor's Degree"", ""technical_skills"": [""Office Productivity"", ""Time Management""], ""soft_skills"": [""Leadership"", ""Critical Thinking""]}"
420,Head of District Supervisor,Defining the long-term strategy for Management departmental growth and vision to ensure business excellence.,"{""years_of_experience"": ""10+ years"", ""education_level"": ""Master's Degree / MBA"", ""technical_skills"": [""Strategic Planning"", ""Stakeholder Management""], ""soft_skills"": [""Leadership"", ""Critical Thinking""]}"
421,Junior Regional Operations Director,Assisting in daily tasks and learning Management operational support to ensure business excellence.,"{""years_of_experience"": ""None"", ""education_level"": ""High School Diploma"", ""technical_skills"": [""Office Productivity"", ""Time Management""], ""soft_skills"": [""Teamwork"", ""Punctuality""]}"
422,Assistant Regional Operations Director,Supporting the department with Management administrative and technical duties to ensure business excellence.,"{""years_of_experience"": ""1-2 years"", ""education_level"": ""Relevant Course/Certification"", ""technical_skills"": [""Office Productivity"", ""Time Management""], ""soft_skills"": [""Teamwork"", ""Punctuality""]}"
423,Senior Regional Operations Director,Executing high-level Management independent professional tasks to ensure business excellence.,"{""years_of_experience"": ""5+ years"", ""education_level"": ""Bachelor's Degree"", ""technical_skills"": [""Office Productivity"", ""Time Management""], ""soft_skills"": [""Teamwork"", ""Punctuality""]}"
424,Lead Regional Operations Director,Leading a team of professionals in Management project execution and quality control to ensure business excellence.,"{""years_of_experience"": ""7+ years"", ""education_level"": ""Bachelor's Degree"", ""technical_skills"": [""Office Productivity"", ""Time Management""], ""soft_skills"": [""Leadership"", ""Critical Thinking""]}"
425,Head of Regional Operations Director,Defining the long-term strategy for Management departmental growth and vision to ensure business excellence.,"{""years_of_experience"": ""10+ years"", ""education_level"": ""Master's Degree / MBA"", ""technical_skills"": [""Strategic Planning"", ""Stakeholder Management""], ""soft_skills"": [""Leadership"", ""Critical Thinking""]}"
426,Junior Product Manager,Assisting in daily tasks and learning Management operational support to ensure business excellence.,"{""years_of_experience"": ""None"", ""education_level"": ""High School Diploma"", ""technical_skills"": [""Office Productivity"", ""Time Management""], ""soft_skills"": [""Teamwork"", ""Punctuality""]}"
427,Assistant Product Manager,Supporting the department with Management administrative and technical duties to ensure business excellence.,"{""years_of_experience"": ""1-2 years"", ""education_level"": ""Relevant Course/Certification"", ""technical_skills"": [""Office Productivity"", ""Time Management""], ""soft_skills"": [""Teamwork"", ""Punctuality""]}"
428,Senior Product Manager,Executing high-level Management independent professional tasks to ensure business excellence.,"{""years_of_experience"": ""5+ years"", ""education_level"": ""Bachelor's Degree"", ""technical_skills"": [""Office Productivity"", ""Time Management""], ""soft_skills"": [""Teamwork"", ""Punctuality""]}"
429,Lead Product Manager,Leading a team of professionals in Management project execution and quality control to ensure business excellence.,"{""years_of_experience"": ""7+ years"", ""education_level"": ""Bachelor's Degree"", ""technical_skills"": [""Office Productivity"", ""Time Management""], ""soft_skills"": [""Leadership"", ""Critical Thinking""]}"
430,Head of Product Manager,Defining the long-term strategy for Management departmental growth and vision to ensure business excellence.,"{""years_of_experience"": ""10+ years"", ""education_level"": ""Master's Degree / MBA"", ""technical_skills"": [""Strategic Planning"", ""Stakeholder Management""], ""soft_skills"": [""Leadership"", ""Critical Thinking""]}"
431,Junior HR Manager,Assisting in daily tasks and learning HR operational support to ensure business excellence.,"{""years_of_experience"": ""None"", ""education_level"": ""High School Diploma"", ""technical_skills"": [""Office Productivity"", ""Time Management""], ""soft_skills"": [""Teamwork"", ""Punctuality""]}"
432,Assistant HR Manager,Supporting the department with HR administrative and technical duties to ensure business excellence.,"{""years_of_experience"": ""1-2 years"", ""education_level"": ""Relevant Course/Certification"", ""technical_skills"": [""Office Productivity"", ""Time Management""], ""soft_skills"": [""Teamwork"", ""Punctuality""]}"
433,Senior HR Manager,Executing high-level HR independent professional tasks to ensure business excellence.,"{""years_of_experience"": ""5+ years"", ""education_level"": ""Bachelor's Degree"", ""technical_skills"": [""Office Productivity"", ""Time Management""], ""soft_skills"": [""Teamwork"", ""Punctuality""]}"
434,Lead HR Manager,Leading a team of professionals in HR project execution and quality control to ensure business excellence.,"{""years_of_experience"": ""7+ years"", ""education_level"": ""Bachelor's Degree"", ""technical_skills"": [""Office Productivity"", ""Time Management""], ""soft_skills"": [""Leadership"", ""Critical Thinking""]}"
435,Head of HR Manager,Defining the long-term strategy for HR departmental growth and vision to ensure business excellence.,"{""years_of_experience"": ""10+ years"", ""education_level"": ""Master's Degree / MBA"", ""technical_skills"": [""Strategic Planning"", ""Stakeholder Management""], ""soft_skills"": [""Leadership"", ""Critical Thinking""]}"
436,Junior HR Specialist,Assisting in daily tasks and learning HR operational support to ensure business excellence.,"{""years_of_experience"": ""None"", ""education_level"": ""High School Diploma"", ""technical_skills"": [""Office Productivity"", ""Time Management""], ""soft_skills"": [""Teamwork"", ""Punctuality""]}"
437,Assistant HR Specialist,Supporting the department with HR administrative and technical duties to ensure business excellence.,"{""years_of_experience"": ""1-2 years"", ""education_level"": ""Relevant Course/Certification"", ""technical_skills"": [""Office Productivity"", ""Time Management""], ""soft_skills"": [""Teamwork"", ""Punctuality""]}"
438,Senior HR Specialist,Executing high-level HR independent professional tasks to ensure business excellence.,"{""years_of_experience"": ""5+ years"", ""education_level"": ""Bachelor's Degree"", ""technical_skills"": [""Office Productivity"", ""Time Management""], ""soft_skills"": [""Teamwork"", ""Punctuality""]}"
439,Lead HR Specialist,Leading a team of professionals in HR project execution and quality control to ensure business excellence.,"{""years_of_experience"": ""7+ years"", ""education_level"": ""Bachelor's Degree"", ""technical_skills"": [""Office Productivity"", ""Time Management""], ""soft_skills"": [""Leadership"", ""Critical Thinking""]}"
440,Head of HR Specialist,Defining the long-term strategy for HR departmental growth and vision to ensure business excellence.,"{""years_of_experience"": ""10+ years"", ""education_level"": ""Master's Degree / MBA"", ""technical_skills"": [""Strategic Planning"", ""Stakeholder Management""], ""soft_skills"": [""Leadership"", ""Critical Thinking""]}"
441,Junior Recruitment Officer,Assisting in daily tasks and learning HR operational support to ensure business excellence.,"{""years_of_experience"": ""None"", ""education_level"": ""High School Diploma"", ""technical_skills"": [""Office Productivity"", ""Time Management""], ""soft_skills"": [""Teamwork"", ""Punctuality""]}"
442,Assistant Recruitment Officer,Supporting the department with HR administrative and technical duties to ensure business excellence.,"{""years_of_experience"": ""1-2 years"", ""education_level"": ""Relevant Course/Certification"", ""technical_skills"": [""Office Productivity"", ""Time Management""], ""soft_skills"": [""Teamwork"", ""Punctuality""]}"
443,Senior Recruitment Officer,Executing high-level HR independent professional tasks to ensure business excellence.,"{""years_of_experience"": ""5+ years"", ""education_level"": ""Bachelor's Degree"", ""technical_skills"": [""Office Productivity"", ""Time Management""], ""soft_skills"": [""Teamwork"", ""Punctuality""]}"
444,Lead Recruitment Officer,Leading a team of professionals in HR project execution and quality control to ensure business excellence.,"{""years_of_experience"": ""7+ years"", ""education_level"": ""Bachelor's Degree"", ""technical_skills"": [""Office Productivity"", ""Time Management""], ""soft_skills"": [""Leadership"", ""Critical Thinking""]}"
445,Head of Recruitment Officer,Defining the long-term strategy for HR departmental growth and vision to ensure business excellence.,"{""years_of_experience"": ""10+ years"", ""education_level"": ""Master's Degree / MBA"", ""technical_skills"": [""Strategic Planning"", ""Stakeholder Management""], ""soft_skills"": [""Leadership"", ""Critical Thinking""]}"
446,Junior Welfare Coordinator,Assisting in daily tasks and learning HR operational support to ensure business excellence.,"{""years_of_experience"": ""None"", ""education_level"": ""High School Diploma"", ""technical_skills"": [""Office Productivity"", ""Time Management""], ""soft_skills"": [""Teamwork"", ""Punctuality""]}"
447,Assistant Welfare Coordinator,Supporting the department with HR administrative and technical duties to ensure business excellence.,"{""years_of_experience"": ""1-2 years"", ""education_level"": ""Relevant Course/Certification"", ""technical_skills"": [""Office Productivity"", ""Time Management""], ""soft_skills"": [""Teamwork"", ""Punctuality""]}"
448,Senior Welfare Coordinator,Executing high-level HR independent professional tasks to ensure business excellence.,"{""years_of_experience"": ""5+ years"", ""education_level"": ""Bachelor's Degree"", ""technical_skills"": [""Office Productivity"", ""Time Management""], ""soft_skills"": [""Teamwork"", ""Punctuality""]}"
449,Lead Welfare Coordinator,Leading a team of professionals in HR project execution and quality control to ensure business excellence.,"{""years_of_experience"": ""7+ years"", ""education_level"": ""Bachelor's Degree"", ""technical_skills"": [""Office Productivity"", ""Time Management""], ""soft_skills"": [""Leadership"", ""Critical Thinking""]}"
450,Head of Welfare Coordinator,Defining the long-term strategy for HR departmental growth and vision to ensure business excellence.,"{""years_of_experience"": ""10+ years"", ""education_level"": ""Master's Degree / MBA"", ""technical_skills"": [""Strategic Planning"", ""Stakeholder Management""], ""soft_skills"": [""Leadership"", ""Critical Thinking""]}"
451,Junior Payroll Admin,Assisting in daily tasks and learning HR operational support to ensure business excellence.,"{""years_of_experience"": ""None"", ""education_level"": ""High School Diploma"", ""technical_skills"": [""Office Productivity"", ""Time Management""], ""soft_skills"": [""Teamwork"", ""Punctuality""]}"
452,Assistant Payroll Admin,Supporting the department with HR administrative and technical duties to ensure business excellence.,"{""years_of_experience"": ""1-2 years"", ""education_level"": ""Relevant Course/Certification"", ""technical_skills"": [""Office Productivity"", ""Time Management""], ""soft_skills"": [""Teamwork"", ""Punctuality""]}"
453,Senior Payroll Admin,Executing high-level HR independent professional tasks to ensure business excellence.,"{""years_of_experience"": ""5+ years"", ""education_level"": ""Bachelor's Degree"", ""technical_skills"": [""Office Productivity"", ""Time Management""], ""soft_skills"": [""Teamwork"", ""Punctuality""]}"
454,Lead Payroll Admin,Leading a team of professionals in HR project execution and quality control to ensure business excellence.,"{""years_of_experience"": ""7+ years"", ""education_level"": ""Bachelor's Degree"", ""technical_skills"": [""Office Productivity"", ""Time Management""], ""soft_skills"": [""Leadership"", ""Critical Thinking""]}"
455,Head of Payroll Admin,Defining the long-term strategy for HR departmental growth and vision to ensure business excellence.,"{""years_of_experience"": ""10+ years"", ""education_level"": ""Master's Degree / MBA"", ""technical_skills"": [""Strategic Planning"", ""Stakeholder Management""], ""soft_skills"": [""Leadership"", ""Critical Thinking""]}"
456,Junior Support Agent,Assisting in daily tasks and learning Customer Service operational support to ensure business excellence.,"{""years_of_experience"": ""None"", ""education_level"": ""Not Required"", ""technical_skills"": [""Office Productivity"", ""Time Management""], ""soft_skills"": [""Teamwork"", ""Punctuality""]}"
457,Assistant Support Agent,Supporting the department with Customer Service administrative and technical duties to ensure business excellence.,"{""years_of_experience"": ""1-2 years"", ""education_level"": ""Not Required"", ""technical_skills"": [""Office Productivity"", ""Time Management""], ""soft_skills"": [""Teamwork"", ""Punctuality""]}"
458,Senior Support Agent,Executing high-level Customer Service independent professional tasks to ensure business excellence.,"{""years_of_experience"": ""5+ years"", ""education_level"": ""Not Required"", ""technical_skills"": [""Office Productivity"", ""Time Management""], ""soft_skills"": [""Teamwork"", ""Punctuality""]}"
459,Lead Support Agent,Leading a team of professionals in Customer Service project execution and quality control to ensure business excellence.,"{""years_of_experience"": ""7+ years"", ""education_level"": ""Not Required"", ""technical_skills"": [""Office Productivity"", ""Time Management""], ""soft_skills"": [""Leadership"", ""Critical Thinking""]}"
460,Head of Support Agent,Defining the long-term strategy for Customer Service departmental growth and vision to ensure business excellence.,"{""years_of_experience"": ""10+ years"", ""education_level"": ""Not Required"", ""technical_skills"": [""Strategic Planning"", ""Stakeholder Management""], ""soft_skills"": [""Leadership"", ""Critical Thinking""]}"
461,Junior Customer Experience Lead,Assisting in daily tasks and learning Customer Service operational support to ensure business excellence.,"{""years_of_experience"": ""None"", ""education_level"": ""Not Required"", ""technical_skills"": [""Office Productivity"", ""Time Management""], ""soft_skills"": [""Teamwork"", ""Punctuality""]}"
462,Assistant Customer Experience Lead,Supporting the department with Customer Service administrative and technical duties to ensure business excellence.,"{""years_of_experience"": ""1-2 years"", ""education_level"": ""Not Required"", ""technical_skills"": [""Office Productivity"", ""Time Management""], ""soft_skills"": [""Teamwork"", ""Punctuality""]}"
463,Senior Customer Experience Lead,Executing high-level Customer Service independent professional tasks to ensure business excellence.,"{""years_of_experience"": ""5+ years"", ""education_level"": ""Not Required"", ""technical_skills"": [""Office Productivity"", ""Time Management""], ""soft_skills"": [""Teamwork"", ""Punctuality""]}"
464,Lead Customer Experience Lead,Leading a team of professionals in Customer Service project execution and quality control to ensure business excellence.,"{""years_of_experience"": ""7+ years"", ""education_level"": ""Not Required"", ""technical_skills"": [""Office Productivity"", ""Time Management""], ""soft_skills"": [""Leadership"", ""Critical Thinking""]}"
465,Head of Customer Experience Lead,Defining the long-term strategy for Customer Service departmental growth and vision to ensure business excellence.,"{""years_of_experience"": ""10+ years"", ""education_level"": ""Not Required"", ""technical_skills"": [""Strategic Planning"", ""Stakeholder Management""], ""soft_skills"": [""Leadership"", ""Critical Thinking""]}"
466,Junior Returns Specialist,Assisting in daily tasks and learning Customer Service operational support to ensure business excellence.,"{""years_of_experience"": ""None"", ""education_level"": ""Not Required"", ""technical_skills"": [""Office Productivity"", ""Time Management""], ""soft_skills"": [""Teamwork"", ""Punctuality""]}"
467,Assistant Returns Specialist,Supporting the department with Customer Service administrative and technical duties to ensure business excellence.,"{""years_of_experience"": ""1-2 years"", ""education_level"": ""Not Required"", ""technical_skills"": [""Office Productivity"", ""Time Management""], ""soft_skills"": [""Teamwork"", ""Punctuality""]}"
468,Senior Returns Specialist,Executing high-level Customer Service independent professional tasks to ensure business excellence.,"{""years_of_experience"": ""5+ years"", ""education_level"": ""Not Required"", ""technical_skills"": [""Office Productivity"", ""Time Management""], ""soft_skills"": [""Teamwork"", ""Punctuality""]}"
469,Lead Returns Specialist,Leading a team of professionals in Customer Service project execution and quality control to ensure business excellence.,"{""years_of_experience"": ""7+ years"", ""education_level"": ""Not Required"", ""technical_skills"": [""Office Productivity"", ""Time Management""], ""soft_skills"": [""Leadership"", ""Critical Thinking""]}"
470,Head of Returns Specialist,Defining the long-term strategy for Customer Service departmental growth and vision to ensure business excellence.,"{""years_of_experience"": ""10+ years"", ""education_level"": ""Not Required"", ""technical_skills"": [""Strategic Planning"", ""Stakeholder Management""], ""soft_skills"": [""Leadership"", ""Critical Thinking""]}"
471,Junior Warehouse Worker,Assisting in daily tasks and learning Logistics operational support to ensure business excellence.,"{""years_of_experience"": ""None"", ""education_level"": ""Not Required"", ""technical_skills"": [""Office Productivity"", ""Time Management""], ""soft_skills"": [""Teamwork"", ""Punctuality""]}"
472,Assistant Warehouse Worker,Supporting the department with Logistics administrative and technical duties to ensure business excellence.,"{""years_of_experience"": ""1-2 years"", ""education_level"": ""Not Required"", ""technical_skills"": [""Office Productivity"", ""Time Management""], ""soft_skills"": [""Teamwork"", ""Punctuality""]}"
473,Senior Warehouse Worker,Executing high-level Logistics independent professional tasks to ensure business excellence.,"{""years_of_experience"": ""5+ years"", ""education_level"": ""Not Required"", ""technical_skills"": [""Office Productivity"", ""Time Management""], ""soft_skills"": [""Teamwork"", ""Punctuality""]}"
474,Lead Warehouse Worker,Leading a team of professionals in Logistics project execution and quality control to ensure business excellence.,"{""years_of_experience"": ""7+ years"", ""education_level"": ""Not Required"", ""technical_skills"": [""Office Productivity"", ""Time Management""], ""soft_skills"": [""Leadership"", ""Critical Thinking""]}"
475,Head of Warehouse Worker,Defining the long-term strategy for Logistics departmental growth and vision to ensure business excellence.,"{""years_of_experience"": ""10+ years"", ""education_level"": ""Not Required"", ""technical_skills"": [""Strategic Planning"", ""Stakeholder Management""], ""soft_skills"": [""Leadership"", ""Critical Thinking""]}"
476,Junior Inventory Supervisor,Assisting in daily tasks and learning Logistics operational support to ensure business excellence.,"{""years_of_experience"": ""None"", ""education_level"": ""Not Required"", ""technical_skills"": [""Office Productivity"", ""Time Management""], ""soft_skills"": [""Teamwork"", ""Punctuality""]}"
477,Assistant Inventory Supervisor,Supporting the department with Logistics administrative and technical duties to ensure business excellence.,"{""years_of_experience"": ""1-2 years"", ""education_level"": ""Not Required"", ""technical_skills"": [""Office Productivity"", ""Time Management""], ""soft_skills"": [""Teamwork"", ""Punctuality""]}"
478,Senior Inventory Supervisor,Executing high-level Logistics independent professional tasks to ensure business excellence.,"{""years_of_experience"": ""5+ years"", ""education_level"": ""Not Required"", ""technical_skills"": [""Office Productivity"", ""Time Management""], ""soft_skills"": [""Teamwork"", ""Punctuality""]}"
479,Lead Inventory Supervisor,Leading a team of professionals in Logistics project execution and quality control to ensure business excellence.,"{""years_of_experience"": ""7+ years"", ""education_level"": ""Not Required"", ""technical_skills"": [""Office Productivity"", ""Time Management""], ""soft_skills"": [""Leadership"", ""Critical Thinking""]}"
480,Head of Inventory Supervisor,Defining the long-term strategy for Logistics departmental growth and vision to ensure business excellence.,"{""years_of_experience"": ""10+ years"", ""education_level"": ""Not Required"", ""technical_skills"": [""Strategic Planning"", ""Stakeholder Management""], ""soft_skills"": [""Leadership"", ""Critical Thinking""]}"
481,Junior Forklift Operator,Assisting in daily tasks and learning Logistics operational support to ensure business excellence.,"{""years_of_experience"": ""None"", ""education_level"": ""Not Required"", ""technical_skills"": [""Office Productivity"", ""Time Management""], ""soft_skills"": [""Teamwork"", ""Punctuality""]}"
482,Assistant Forklift Operator,Supporting the department with Logistics administrative and technical duties to ensure business excellence.,"{""years_of_experience"": ""1-2 years"", ""education_level"": ""Not Required"", ""technical_skills"": [""Office Productivity"", ""Time Management""], ""soft_skills"": [""Teamwork"", ""Punctuality""]}"
483,Senior Forklift Operator,Executing high-level Logistics independent professional tasks to ensure business excellence.,"{""years_of_experience"": ""5+ years"", ""education_level"": ""Not Required"", ""technical_skills"": [""Office Productivity"", ""Time Management""], ""soft_skills"": [""Teamwork"", ""Punctuality""]}"
484,Lead Forklift Operator,Leading a team of professionals in Logistics project execution and quality control to ensure business excellence.,"{""years_of_experience"": ""7+ years"", ""education_level"": ""Not Required"", ""technical_skills"": [""Office Productivity"", ""Time Management""], ""soft_skills"": [""Leadership"", ""Critical Thinking""]}"
485,Head of Forklift Operator,Defining the long-term strategy for Logistics departmental growth and vision to ensure business excellence.,"{""years_of_experience"": ""10+ years"", ""education_level"": ""Not Required"", ""technical_skills"": [""Strategic Planning"", ""Stakeholder Management""], ""soft_skills"": [""Leadership"", ""Critical Thinking""]}"
486,Junior Stock Controller,Assisting in daily tasks and learning Logistics operational support to ensure business excellence.,"{""years_of_experience"": ""None"", ""education_level"": ""Not Required"", ""technical_skills"": [""Office Productivity"", ""Time Management""], ""soft_skills"": [""Teamwork"", ""Punctuality""]}"
487,Assistant Stock Controller,Supporting the department with Logistics administrative and technical duties to ensure business excellence.,"{""years_of_experience"": ""1-2 years"", ""education_level"": ""Not Required"", ""technical_skills"": [""Office Productivity"", ""Time Management""], ""soft_skills"": [""Teamwork"", ""Punctuality""]}"
488,Senior Stock Controller,Executing high-level Logistics independent professional tasks to ensure business excellence.,"{""years_of_experience"": ""5+ years"", ""education_level"": ""Not Required"", ""technical_skills"": [""Office Productivity"", ""Time Management""], ""soft_skills"": [""Teamwork"", ""Punctuality""]}"
489,Lead Stock Controller,Leading a team of professionals in Logistics project execution and quality control to ensure business excellence.,"{""years_of_experience"": ""7+ years"", ""education_level"": ""Not Required"", ""technical_skills"": [""Office Productivity"", ""Time Management""], ""soft_skills"": [""Leadership"", ""Critical Thinking""]}"
490,Head of Stock Controller,Defining the long-term strategy for Logistics departmental growth and vision to ensure business excellence.,"{""years_of_experience"": ""10+ years"", ""education_level"": ""Not Required"", ""technical_skills"": [""Strategic Planning"", ""Stakeholder Management""], ""soft_skills"": [""Leadership"", ""Critical Thinking""]}"
491,Junior Warehouse Manager,Assisting in daily tasks and learning Logistics operational support to ensure business excellence.,"{""years_of_experience"": ""None"", ""education_level"": ""Not Required"", ""technical_skills"": [""Office Productivity"", ""Time Management""], ""soft_skills"": [""Teamwork"", ""Punctuality""]}"
492,Assistant Warehouse Manager,Supporting the department with Logistics administrative and technical duties to ensure business excellence.,"{""years_of_experience"": ""1-2 years"", ""education_level"": ""Not Required"", ""technical_skills"": [""Office Productivity"", ""Time Management""], ""soft_skills"": [""Teamwork"", ""Punctuality""]}"
493,Senior Warehouse Manager,Executing high-level Logistics independent professional tasks to ensure business excellence.,"{""years_of_experience"": ""5+ years"", ""education_level"": ""Not Required"", ""technical_skills"": [""Office Productivity"", ""Time Management""], ""soft_skills"": [""Teamwork"", ""Punctuality""]}"
494,Lead Warehouse Manager,Leading a team of professionals in Logistics project execution and quality control to ensure business excellence.,"{""years_of_experience"": ""7+ years"", ""education_level"": ""Not Required"", ""technical_skills"": [""Office Productivity"", ""Time Management""], ""soft_skills"": [""Leadership"", ""Critical Thinking""]}"
495,Head of Warehouse Manager,Defining the long-term strategy for Logistics departmental growth and vision to ensure business excellence.,"{""years_of_experience"": ""10+ years"", ""education_level"": ""Not Required"", ""technical_skills"": [""Strategic Planning"", ""Stakeholder Management""], ""soft_skills"": [""Leadership"", ""Critical Thinking""]}"
496,Junior Sales Associate,Assisting in daily tasks and learning Sales operational support to ensure business excellence.,"{""years_of_experience"": ""None"", ""education_level"": ""Not Required"", ""technical_skills"": [""Customer Persuasion"", ""Inventory Management""], ""soft_skills"": [""Teamwork"", ""Punctuality""]}"
497,Assistant Sales Associate,Supporting the department with Sales administrative and technical duties to ensure business excellence.,"{""years_of_experience"": ""1-2 years"", ""education_level"": ""Not Required"", ""technical_skills"": [""Customer Persuasion"", ""Inventory Management""], ""soft_skills"": [""Teamwork"", ""Punctuality""]}"
498,Senior Sales Associate,Executing high-level Sales independent professional tasks to ensure business excellence.,"{""years_of_experience"": ""5+ years"", ""education_level"": ""Not Required"", ""technical_skills"": [""Customer Persuasion"", ""Inventory Management""], ""soft_skills"": [""Teamwork"", ""Punctuality""]}"
499,Lead Sales Associate,Leading a team of professionals in Sales project execution and quality control to ensure business excellence.,"{""years_of_experience"": ""7+ years"", ""education_level"": ""Not Required"", ""technical_skills"": [""Customer Persuasion"", ""Inventory Management""], ""soft_skills"": [""Leadership"", ""Critical Thinking""]}"
500,Head of Sales Associate,Defining the long-term strategy for Sales departmental growth and vision to ensure business excellence.,"{""years_of_experience"": ""10+ years"", ""education_level"": ""Not Required"", ""technical_skills"": [""Customer Persuasion"", ""Inventory Management""], ""soft_skills"": [""Leadership"", ""Critical Thinking""]}"
